phase,scenario,concurrency,user,start_offset_s,status,latency_ms,bytes,error
read_warmup,read,1,0,6.5e-05,200,23.403,479,
read_warmup,read,1,0,0.023547,200,32.284,479,
read_warmup,read,1,0,0.055875,200,24.496,479,
read_warmup,read,1,0,0.080426,200,21.125,479,
read_warmup,read,1,0,0.101586,200,20.199,479,
read_warmup,read,1,0,0.121838,200,23.335,479,
read_warmup,read,1,0,0.145214,200,501.517,479,
read_warmup,read,1,0,0.646764,200,19.755,479,
read_warmup,read,1,0,0.666552,200,19.974,479,
read_warmup,read,1,0,0.686561,200,19.725,479,
read_warmup,read,1,0,0.706337,200,18.764,479,
read_warmup,read,1,0,0.725136,200,18.499,479,
read_warmup,read,1,0,0.743688,200,20.359,479,
read_warmup,read,1,0,0.764082,200,20.499,479,
read_warmup,read,1,0,0.784632,200,22.229,479,
read_warmup,read,1,0,0.806898,200,24.58,479,
read_warmup,read,1,0,0.831514,200,18.638,479,
read_warmup,read,1,0,0.850189,200,20.794,479,
read_warmup,read,1,0,0.87102,200,20.633,479,
read_warmup,read,1,0,0.89169,200,21.169,479,
read_warmup,read,1,0,0.912912,200,21.062,479,
read_warmup,read,1,0,0.93401,200,18.069,479,
read_warmup,read,1,0,0.952119,200,17.311,479,
read_warmup,read,1,0,0.969464,200,17.254,479,
read_warmup,read,1,0,0.986787,200,16.978,479,
read_warmup,read,1,0,1.003813,200,18.539,479,
read_warmup,read,1,0,1.022388,200,19.155,479,
read_warmup,read,1,0,1.041579,200,30.42,479,
read_warmup,read,1,0,1.072036,200,21.733,479,
read_warmup,read,1,0,1.093855,200,20.337,479,
read_warmup,read,1,0,1.114241,200,22.364,479,
read_warmup,read,1,0,1.136642,200,21.747,479,
read_warmup,read,1,0,1.158436,200,19.533,479,
read_warmup,read,1,0,1.178049,200,19.828,479,
read_warmup,read,1,0,1.197915,200,21.873,479,
read_warmup,read,1,0,1.219827,200,21.117,479,
read_warmup,read,1,0,1.240981,200,18.975,479,
read_warmup,read,1,0,1.26003,200,23.421,479,
read_warmup,read,1,0,1.283503,200,20.606,479,
read_warmup,read,1,0,1.304147,200,21.938,479,
read_warmup,read,1,0,1.326136,200,21.459,479,
read_warmup,read,1,0,1.347633,200,20.323,479,
read_warmup,read,1,0,1.367994,200,21.296,479,
read_warmup,read,1,0,1.389328,200,20.356,479,
read_warmup,read,1,0,1.409727,200,17.739,479,
read_warmup,read,1,0,1.427508,200,19.943,479,
read_warmup,read,1,0,1.447488,200,18.731,479,
read_warmup,read,1,0,1.466254,200,21.977,479,
read_warmup,read,1,0,1.488267,200,19.286,479,
read_warmup,read,1,0,1.507589,200,22.346,479,
read_warmup,read,1,0,1.529971,200,20.58,479,
read_warmup,read,1,0,1.550616,200,18.727,479,
read_warmup,read,1,0,1.56938,200,20.025,479,
read_warmup,read,1,0,1.589443,200,18.953,479,
read_warmup,read,1,0,1.608496,200,17.699,479,
read_warmup,read,1,0,1.626248,200,19.602,479,
read_warmup,read,1,0,1.645895,200,19.496,479,
read_warmup,read,1,0,1.665429,200,18.958,479,
read_warmup,read,1,0,1.684424,200,18.553,479,
read_warmup,read,1,0,1.703014,200,17.78,479,
read_warmup,read,1,0,1.720831,200,17.856,479,
read_warmup,read,1,0,1.738725,200,18.758,479,
read_warmup,read,1,0,1.757521,200,18.285,479,
read_warmup,read,1,0,1.775885,200,17.616,479,
read_warmup,read,1,0,1.793561,200,18.458,479,
read_warmup,read,1,0,1.812056,200,18.265,479,
read_warmup,read,1,0,1.830357,200,17.877,479,
read_warmup,read,1,0,1.848276,200,18.895,479,
read_warmup,read,1,0,1.867206,200,19.848,479,
read_warmup,read,1,0,1.88709,200,17.734,479,
read_warmup,read,1,0,1.904861,200,17.836,479,
read_warmup,read,1,0,1.922738,200,18.094,479,
read_warmup,read,1,0,1.940869,200,20.235,479,
read_warmup,read,1,0,1.961155,200,18.986,479,
read_warmup,read,1,0,1.980176,200,19.025,479,
read_warmup,read,1,0,1.999237,200,17.47,479,
read_warmup,read,1,0,2.016746,200,21.429,479,
read_warmup,read,1,0,2.038233,200,18.86,479,
read_warmup,read,1,0,2.057131,200,31.448,479,
read_warmup,read,1,0,2.088616,200,21.512,479,
read_warmup,read,1,0,2.110166,200,17.2,479,
read_warmup,read,1,0,2.127416,200,17.195,479,
read_warmup,read,1,0,2.144647,200,20.567,479,
read_warmup,read,1,0,2.165252,200,18.604,479,
read_warmup,read,1,0,2.18389,200,18.42,479,
read_warmup,read,1,0,2.202358,200,19.043,479,
read_warmup,read,1,0,2.221438,200,18.76,479,
read_warmup,read,1,0,2.240276,200,20.149,479,
read_warmup,read,1,0,2.26046,200,20.8,479,
read_warmup,read,1,0,2.281295,200,19.719,479,
read_warmup,read,1,0,2.30105,200,18.131,479,
read_warmup,read,1,0,2.319219,200,19.326,479,
read_warmup,read,1,0,2.338582,200,18.518,479,
read_warmup,read,1,0,2.357137,200,17.831,479,
read_warmup,read,1,0,2.375016,200,20.012,479,
read_warmup,read,1,0,2.395101,200,20.031,479,
read_warmup,read,1,0,2.415169,200,18.485,479,
read_warmup,read,1,0,2.43369,200,18.808,479,
read_warmup,read,1,0,2.452532,200,19.179,479,
read_warmup,read,1,0,2.471747,200,18.632,479,
read_warmup,read,1,0,2.490416,200,18.641,479,
read_warmup,read,1,0,2.509107,200,18.779,479,
read_warmup,read,1,0,2.527923,200,20.783,479,
read_warmup,read,1,0,2.548742,200,17.775,479,
read_warmup,read,1,0,2.566566,200,16.931,479,
read_warmup,read,1,0,2.583545,200,18.473,479,
read_warmup,read,1,0,2.602054,200,19.503,479,
read_warmup,read,1,0,2.621595,200,18.828,479,
read_warmup,read,1,0,2.64046,200,20.783,479,
read_warmup,read,1,0,2.661294,200,21.755,479,
read_warmup,read,1,0,2.683083,200,19.473,479,
read_warmup,read,1,0,2.702591,200,20.604,479,
read_warmup,read,1,0,2.723229,200,19.018,479,
read_warmup,read,1,0,2.742322,200,21.155,479,
read_warmup,read,1,0,2.763512,200,19.92,479,
read_warmup,read,1,0,2.783467,200,20.615,479,
read_warmup,read,1,0,2.804118,200,19.414,479,
read_warmup,read,1,0,2.823568,200,18.066,479,
read_warmup,read,1,0,2.841703,200,17.592,479,
read_warmup,read,1,0,2.859365,200,19.924,479,
read_warmup,read,1,0,2.879347,200,19.691,479,
read_warmup,read,1,0,2.899073,200,19.163,479,
read_warmup,read,1,0,2.918272,200,19.335,479,
read_warmup,read,1,0,2.937643,200,18.743,479,
read_warmup,read,1,0,2.95642,200,24.131,479,
read_warmup,read,1,0,2.980603,200,19.711,479,
read_warmup,read,1,0,3.000361,200,18.946,479,
read_warmup,read,1,0,3.019341,200,19.85,479,
read_warmup,read,1,0,3.03924,200,20.501,479,
read_warmup,read,1,0,3.059785,200,21.777,479,
read_warmup,read,1,0,3.081595,200,19.753,479,
read_warmup,read,1,0,3.101382,200,20.166,479,
read_warmup,read,1,0,3.121609,200,19.514,479,
read_warmup,read,1,0,3.141174,200,20.703,479,
read_warmup,read,1,0,3.161916,200,19.04,479,
read_warmup,read,1,0,3.180992,200,19.282,479,
read_warmup,read,1,0,3.200308,200,21.691,479,
read_warmup,read,1,0,3.222033,200,17.248,479,
read_warmup,read,1,0,3.239332,200,19.722,479,
read_warmup,read,1,0,3.259119,200,18.991,479,
read_warmup,read,1,0,3.278146,200,17.48,479,
read_warmup,read,1,0,3.295662,200,22.161,479,
read_warmup,read,1,0,3.31786,200,18.515,479,
read_warmup,read,1,0,3.336411,200,19.814,479,
read_warmup,read,1,0,3.356262,200,23.085,479,
read_warmup,read,1,0,3.379383,200,19.083,479,
read_warmup,read,1,0,3.398502,200,19.272,479,
read_warmup,read,1,0,3.417809,200,18.627,479,
read_warmup,read,1,0,3.436472,200,17.952,479,
read_warmup,read,1,0,3.454463,200,19.206,479,
read_warmup,read,1,0,3.473714,200,19.824,479,
read_warmup,read,1,0,3.493593,200,20.513,479,
read_warmup,read,1,0,3.514143,200,18.268,479,
read_warmup,read,1,0,3.532447,200,18.902,479,
read_warmup,read,1,0,3.551383,200,18.898,479,
read_warmup,read,1,0,3.57035,200,20.51,479,
read_warmup,read,1,0,3.5909,200,19.182,479,
read_warmup,read,1,0,3.610114,200,20.633,479,
read_warmup,read,1,0,3.630781,200,19.417,479,
read_warmup,read,1,0,3.650252,200,18.777,479,
read_warmup,read,1,0,3.669065,200,19.775,479,
read_warmup,read,1,0,3.688876,200,19.401,479,
read_warmup,read,1,0,3.708324,200,17.388,479,
read_warmup,read,1,0,3.725782,200,18.522,479,
read_warmup,read,1,0,3.744346,200,19.045,479,
read_warmup,read,1,0,3.763427,200,17.617,479,
read_warmup,read,1,0,3.781093,200,17.104,479,
read_warmup,read,1,0,3.798258,200,17.43,479,
read_warmup,read,1,0,3.815726,200,17.427,479,
read_warmup,read,1,0,3.833193,200,16.796,479,
read_warmup,read,1,0,3.850022,200,17.885,479,
read_warmup,read,1,0,3.867944,200,16.355,479,
read_warmup,read,1,0,3.884332,200,17.923,479,
read_warmup,read,1,0,3.902291,200,16.973,479,
read_warmup,read,1,0,3.919298,200,17.882,479,
read_warmup,read,1,0,3.937244,200,17.101,479,
read_warmup,read,1,0,3.954381,200,17.804,479,
read_warmup,read,1,0,3.972265,200,18.49,479,
read_warmup,read,1,0,3.990801,200,17.101,479,
read_warmup,read,1,0,4.007951,200,17.655,479,
read_warmup,read,1,0,4.025653,200,19.241,479,
read_warmup,read,1,0,4.044928,200,17.519,479,
read_warmup,read,1,0,4.062484,200,17.531,479,
read_warmup,read,1,0,4.080053,200,17.413,479,
read_warmup,read,1,0,4.097503,200,17.097,479,
read_warmup,read,1,0,4.114633,200,16.966,479,
read_warmup,read,1,0,4.131635,200,17.801,479,
read_warmup,read,1,0,4.14947,200,16.712,479,
read_warmup,read,1,0,4.166244,200,17.629,479,
read_warmup,read,1,0,4.183909,200,17.102,479,
read_warmup,read,1,0,4.201044,200,17.13,479,
read_warmup,read,1,0,4.218211,200,17.295,479,
read_warmup,read,1,0,4.23555,200,16.647,479,
read_warmup,read,1,0,4.252232,200,19.127,479,
read_warmup,read,1,0,4.271406,200,18.275,479,
read_warmup,read,1,0,4.289744,200,17.324,479,
read_warmup,read,1,0,4.307131,200,19.195,479,
read_warmup,read,1,0,4.326374,200,19.666,479,
read_warmup,read,1,0,4.346131,200,20.127,479,
read_warmup,read,1,0,4.366294,200,18.974,479,
read_warmup,read,1,0,4.385308,200,19.005,479,
read_warmup,read,1,0,4.404364,200,31.573,479,
read_warmup,read,1,0,4.435994,200,29.479,479,
read_warmup,read,1,0,4.465534,200,36.693,479,
read_warmup,read,1,0,4.502265,200,27.662,479,
read_warmup,read,1,0,4.529984,200,35.413,479,
read_warmup,read,1,0,4.565456,200,22.23,479,
read_warmup,read,1,0,4.587723,200,16.057,479,
read_warmup,read,1,0,4.603824,200,14.941,479,
read_warmup,read,1,0,4.618802,200,17.092,479,
read_warmup,read,1,0,4.635935,200,16.369,479,
read_warmup,read,1,0,4.652342,200,17.351,479,
read_warmup,read,1,0,4.669731,200,18.43,479,
read_warmup,read,1,0,4.688201,200,17.695,479,
read_warmup,read,1,0,4.705945,200,18.671,479,
read_warmup,read,1,0,4.724653,200,18.211,479,
read_warmup,read,1,0,4.742896,200,18.308,479,
read_warmup,read,1,0,4.761239,200,18.547,479,
read_warmup,read,1,0,4.77982,200,18.567,479,
read_warmup,read,1,0,4.798423,200,18.028,479,
read_warmup,read,1,0,4.816484,200,18.77,479,
read_warmup,read,1,0,4.835289,200,20.073,479,
read_warmup,read,1,0,4.855399,200,18.037,479,
read_warmup,read,1,0,4.87351,200,19.617,479,
read_warmup,read,1,0,4.893174,200,20.389,479,
read_warmup,read,1,0,4.913595,200,19.021,479,
read_warmup,read,1,0,4.932652,200,17.531,479,
read_warmup,read,1,0,4.950218,200,19.479,479,
read_warmup,read,1,0,4.969731,200,18.426,479,
read_warmup,read,1,0,4.988195,200,19.73,479,
read_1,read,1,0,5.6e-05,200,21.505,479,
read_1,read,1,0,0.021598,200,17.942,479,
read_1,read,1,0,0.039593,200,22.72,479,
read_1,read,1,0,0.062362,200,19.827,479,
read_1,read,1,0,0.082224,200,18.433,479,
read_1,read,1,0,0.100703,200,24.464,479,
read_1,read,1,0,0.125202,200,18.354,479,
read_1,read,1,0,0.143595,200,19.631,479,
read_1,read,1,0,0.163262,200,50.622,479,
read_1,read,1,0,0.213926,200,19.656,479,
read_1,read,1,0,0.233618,200,19.967,479,
read_1,read,1,0,0.253631,200,19.788,479,
read_1,read,1,0,0.273452,200,19.248,479,
read_1,read,1,0,0.292735,200,18.394,479,
read_1,read,1,0,0.311165,200,17.459,479,
read_1,read,1,0,0.328657,200,18.494,479,
read_1,read,1,0,0.347184,200,17.793,479,
read_1,read,1,0,0.365013,200,18.113,479,
read_1,read,1,0,0.383163,200,18.895,479,
read_1,read,1,0,0.402101,200,18.816,479,
read_1,read,1,0,0.420951,200,17.879,479,
read_1,read,1,0,0.438861,200,17.274,479,
read_1,read,1,0,0.456168,200,17.371,479,
read_1,read,1,0,0.473573,200,19.108,479,
read_1,read,1,0,0.492714,200,22.494,479,
read_1,read,1,0,0.515243,200,17.298,479,
read_1,read,1,0,0.532578,200,17.696,479,
read_1,read,1,0,0.550307,200,17.165,479,
read_1,read,1,0,0.567562,200,17.449,479,
read_1,read,1,0,0.585076,200,17.377,479,
read_1,read,1,0,0.602527,200,17.075,479,
read_1,read,1,0,0.619676,200,17.169,479,
read_1,read,1,0,0.636939,200,17.711,479,
read_1,read,1,0,0.654686,200,17.354,479,
read_1,read,1,0,0.672073,200,16.956,479,
read_1,read,1,0,0.689062,200,18.365,479,
read_1,read,1,0,0.70747,200,17.511,479,
read_1,read,1,0,0.725013,200,17.648,479,
read_1,read,1,0,0.742697,200,17.403,479,
read_1,read,1,0,0.760133,200,19.064,479,
read_1,read,1,0,0.779232,200,18.946,479,
read_1,read,1,0,0.798214,200,16.915,479,
read_1,read,1,0,0.815165,200,18.772,479,
read_1,read,1,0,0.83398,200,18.795,479,
read_1,read,1,0,0.852812,200,17.072,479,
read_1,read,1,0,0.869934,200,18.72,479,
read_1,read,1,0,0.888686,200,18.056,479,
read_1,read,1,0,0.906776,200,17.682,479,
read_1,read,1,0,0.924491,200,17.777,479,
read_1,read,1,0,0.942303,200,16.717,479,
read_1,read,1,0,0.959053,200,17.333,479,
read_1,read,1,0,0.976422,200,18.148,479,
read_1,read,1,0,0.994607,200,21.085,479,
read_1,read,1,0,1.015747,200,22.38,479,
read_1,read,1,0,1.038178,200,21.117,479,
read_1,read,1,0,1.059353,200,23.095,479,
read_1,read,1,0,1.082497,200,26.189,479,
read_1,read,1,0,1.108736,200,22.491,479,
read_1,read,1,0,1.131264,200,17.803,479,
read_1,read,1,0,1.149103,200,19.872,479,
read_1,read,1,0,1.169012,200,17.601,479,
read_1,read,1,0,1.186649,200,17.755,479,
read_1,read,1,0,1.204438,200,17.195,479,
read_1,read,1,0,1.221665,200,17.669,479,
read_1,read,1,0,1.239375,200,17.994,479,
read_1,read,1,0,1.257404,200,18.559,479,
read_1,read,1,0,1.275999,200,22.185,479,
read_1,read,1,0,1.29822,200,24.059,479,
read_1,read,1,0,1.322315,200,18.382,479,
read_1,read,1,0,1.340734,200,21.318,479,
read_1,read,1,0,1.362105,200,23.706,479,
read_1,read,1,0,1.385849,200,19.094,479,
read_1,read,1,0,1.404979,200,19.149,479,
read_1,read,1,0,1.424166,200,21.399,479,
read_1,read,1,0,1.445602,200,19.772,479,
read_1,read,1,0,1.465418,200,17.802,479,
read_1,read,1,0,1.483332,200,17.372,479,
read_1,read,1,0,1.500787,200,40.542,479,
read_1,read,1,0,1.541391,200,26.369,479,
read_1,read,1,0,1.56782,200,22.476,479,
read_1,read,1,0,1.590342,200,28.907,479,
read_1,read,1,0,1.619411,200,25.368,479,
read_1,read,1,0,1.644817,200,23.416,479,
read_1,read,1,0,1.668273,200,21.145,479,
read_1,read,1,0,1.689468,200,24.403,479,
read_1,read,1,0,1.71391,200,28.394,479,
read_1,read,1,0,1.742342,200,25.087,479,
read_1,read,1,0,1.767494,200,25.872,479,
read_1,read,1,0,1.793404,200,22.059,479,
read_1,read,1,0,1.815503,200,25.873,479,
read_1,read,1,0,1.841436,200,19.887,479,
read_1,read,1,0,1.861361,200,19.212,479,
read_1,read,1,0,1.880632,200,20.698,479,
read_1,read,1,0,1.901388,200,16.569,479,
read_1,read,1,0,1.918014,200,16.341,479,
read_1,read,1,0,1.934422,200,15.583,479,
read_1,read,1,0,1.950057,200,17.112,479,
read_1,read,1,0,1.967272,200,20.432,479,
read_1,read,1,0,1.987759,200,18.158,479,
read_1,read,1,0,2.005966,200,19.426,479,
read_1,read,1,0,2.025428,200,18.573,479,
read_1,read,1,0,2.044037,200,19.523,479,
read_1,read,1,0,2.063596,200,18.025,479,
read_1,read,1,0,2.081656,200,18.843,479,
read_1,read,1,0,2.100557,200,19.514,479,
read_1,read,1,0,2.120113,200,20.35,479,
read_1,read,1,0,2.140496,200,20.609,479,
read_1,read,1,0,2.161141,200,18.512,479,
read_1,read,1,0,2.179688,200,18.544,479,
read_1,read,1,0,2.198284,200,18.963,479,
read_1,read,1,0,2.217321,200,21.885,479,
read_1,read,1,0,2.239272,200,18.544,479,
read_1,read,1,0,2.257852,200,20.585,479,
read_1,read,1,0,2.278473,200,18.511,479,
read_1,read,1,0,2.29702,200,19.321,479,
read_1,read,1,0,2.316383,200,20.092,479,
read_1,read,1,0,2.33651,200,21.664,479,
read_1,read,1,0,2.35821,200,19.108,479,
read_1,read,1,0,2.377354,200,18.578,479,
read_1,read,1,0,2.395968,200,18.718,479,
read_1,read,1,0,2.414724,200,18.953,479,
read_1,read,1,0,2.43372,200,19.536,479,
read_1,read,1,0,2.453291,200,20.437,479,
read_1,read,1,0,2.473762,200,19.11,479,
read_1,read,1,0,2.492907,200,18.384,479,
read_1,read,1,0,2.511327,200,17.549,479,
read_1,read,1,0,2.528913,200,17.593,479,
read_1,read,1,0,2.546561,200,17.836,479,
read_1,read,1,0,2.564435,200,19.148,479,
read_1,read,1,0,2.583651,200,19.125,479,
read_1,read,1,0,2.602813,200,20.903,479,
read_1,read,1,0,2.623752,200,19.72,479,
read_1,read,1,0,2.643508,200,19.542,479,
read_1,read,1,0,2.663085,200,18.515,479,
read_1,read,1,0,2.681638,200,18.983,479,
read_1,read,1,0,2.700706,200,18.73,479,
read_1,read,1,0,2.719473,200,19.433,479,
read_1,read,1,0,2.738942,200,18.496,479,
read_1,read,1,0,2.757475,200,20.399,479,
read_1,read,1,0,2.777908,200,19.618,479,
read_1,read,1,0,2.797563,200,18.586,479,
read_1,read,1,0,2.816207,200,20.884,479,
read_1,read,1,0,2.837124,200,19.723,479,
read_1,read,1,0,2.856881,200,18.841,479,
read_1,read,1,0,2.875756,200,18.762,479,
read_1,read,1,0,2.894553,200,18.554,479,
read_1,read,1,0,2.913143,200,17.959,479,
read_1,read,1,0,2.931146,200,20.301,479,
read_1,read,1,0,2.951484,200,18.54,479,
read_1,read,1,0,2.970058,200,19.409,479,
read_1,read,1,0,2.9895,200,18.771,479,
read_1,read,1,0,3.008305,200,19.042,479,
read_1,read,1,0,3.027383,200,19.596,479,
read_1,read,1,0,3.047031,200,18.697,479,
read_1,read,1,0,3.065768,200,18.742,479,
read_1,read,1,0,3.084552,200,19.334,479,
read_1,read,1,0,3.103921,200,22.017,479,
read_1,read,1,0,3.125976,200,19.927,479,
read_1,read,1,0,3.145937,200,19.085,479,
read_1,read,1,0,3.165062,200,24.942,479,
read_1,read,1,0,3.19004,200,18.258,479,
read_1,read,1,0,3.208331,200,18.542,479,
read_1,read,1,0,3.226924,200,19.991,479,
read_1,read,1,0,3.24695,200,22.399,479,
read_1,read,1,0,3.269385,200,19.577,479,
read_1,read,1,0,3.288999,200,17.663,479,
read_1,read,1,0,3.306698,200,18.091,479,
read_1,read,1,0,3.324825,200,18.91,479,
read_1,read,1,0,3.34377,200,18.612,479,
read_1,read,1,0,3.362422,200,19.011,479,
read_1,read,1,0,3.381507,200,19.089,479,
read_1,read,1,0,3.400655,200,18.51,479,
read_1,read,1,0,3.419225,200,18.272,479,
read_1,read,1,0,3.437532,200,18.094,479,
read_1,read,1,0,3.455661,200,18.284,479,
read_1,read,1,0,3.47398,200,18.994,479,
read_1,read,1,0,3.493009,200,18.447,479,
read_1,read,1,0,3.511497,200,18.901,479,
read_1,read,1,0,3.530435,200,18.557,479,
read_1,read,1,0,3.549049,200,18.602,479,
read_1,read,1,0,3.5677,200,19.043,479,
read_1,read,1,0,3.586777,200,20.068,479,
read_1,read,1,0,3.606894,200,18.944,479,
read_1,read,1,0,3.625886,200,18.686,479,
read_1,read,1,0,3.64461,200,20.063,479,
read_1,read,1,0,3.664745,200,20.207,479,
read_1,read,1,0,3.685015,200,18.579,479,
read_1,read,1,0,3.703631,200,19.131,479,
read_1,read,1,0,3.722798,200,18.533,479,
read_1,read,1,0,3.741367,200,19.526,479,
read_1,read,1,0,3.760926,200,18.265,479,
read_1,read,1,0,3.779244,200,19.172,479,
read_1,read,1,0,3.798489,200,20.346,479,
read_1,read,1,0,3.818871,200,19.42,479,
read_1,read,1,0,3.838325,200,19.164,479,
read_1,read,1,0,3.857524,200,18.839,479,
read_1,read,1,0,3.876396,200,18.756,479,
read_1,read,1,0,3.895211,200,18.049,479,
read_1,read,1,0,3.913297,200,18.108,479,
read_1,read,1,0,3.931461,200,18.774,479,
read_1,read,1,0,3.950273,200,21.455,479,
read_1,read,1,0,3.971769,200,19.102,479,
read_1,read,1,0,3.990906,200,17.678,479,
read_1,read,1,0,4.008619,200,18.592,479,
read_1,read,1,0,4.027247,200,17.95,479,
read_1,read,1,0,4.045233,200,19.402,479,
read_1,read,1,0,4.064687,200,18.221,479,
read_1,read,1,0,4.082953,200,20.136,479,
read_1,read,1,0,4.103125,200,18.419,479,
read_1,read,1,0,4.12158,200,19.246,479,
read_1,read,1,0,4.140892,200,18.662,479,
read_1,read,1,0,4.159591,200,18.329,479,
read_1,read,1,0,4.177955,200,18.953,479,
read_1,read,1,0,4.196943,200,19.907,479,
read_1,read,1,0,4.216888,200,20.926,479,
read_1,read,1,0,4.237848,200,18.654,479,
read_1,read,1,0,4.256535,200,18.154,479,
read_1,read,1,0,4.274729,200,19.789,479,
read_1,read,1,0,4.294554,200,19.083,479,
read_1,read,1,0,4.313672,200,19.377,479,
read_1,read,1,0,4.333092,200,18.421,479,
read_1,read,1,0,4.351549,200,18.883,479,
read_1,read,1,0,4.370465,200,22.903,479,
read_1,read,1,0,4.393403,200,19.354,479,
read_1,read,1,0,4.412795,200,18.701,479,
read_1,read,1,0,4.431561,200,19.314,479,
read_1,read,1,0,4.450911,200,20.048,479,
read_1,read,1,0,4.470994,200,18.792,479,
read_1,read,1,0,4.489822,200,18.556,479,
read_1,read,1,0,4.508416,200,18.383,479,
read_1,read,1,0,4.526847,200,19.057,479,
read_1,read,1,0,4.545962,200,18.484,479,
read_1,read,1,0,4.564499,200,19.985,479,
read_1,read,1,0,4.58452,200,18.608,479,
read_1,read,1,0,4.603208,200,19.211,479,
read_1,read,1,0,4.622454,200,18.814,479,
read_1,read,1,0,4.641304,200,17.839,479,
read_1,read,1,0,4.659215,200,19.145,479,
read_1,read,1,0,4.678397,200,18.892,479,
read_1,read,1,0,4.697336,200,18.631,479,
read_1,read,1,0,4.716009,200,18.79,479,
read_1,read,1,0,4.734846,200,18.714,479,
read_1,read,1,0,4.753595,200,18.841,479,
read_1,read,1,0,4.772468,200,18.72,479,
read_1,read,1,0,4.79124,200,20.051,479,
read_1,read,1,0,4.811328,200,18.739,479,
read_1,read,1,0,4.830106,200,18.419,479,
read_1,read,1,0,4.848593,200,18.993,479,
read_1,read,1,0,4.867621,200,18.967,479,
read_1,read,1,0,4.886622,200,18.827,479,
read_1,read,1,0,4.905533,200,17.8,479,
read_1,read,1,0,4.923369,200,16.878,479,
read_1,read,1,0,4.940305,200,17.61,479,
read_1,read,1,0,4.957971,200,20.884,479,
read_1,read,1,0,4.978892,200,23.034,479,
read_1,read,1,0,5.001982,200,18.834,479,
read_1,read,1,0,5.020854,200,18.114,479,
read_1,read,1,0,5.039003,200,17.375,479,
read_1,read,1,0,5.056415,200,17.124,479,
read_1,read,1,0,5.073575,200,21.704,479,
read_1,read,1,0,5.095326,200,19.018,479,
read_1,read,1,0,5.114417,200,18.853,479,
read_1,read,1,0,5.133321,200,18.613,479,
read_1,read,1,0,5.151974,200,18.127,479,
read_1,read,1,0,5.170134,200,19.333,479,
read_1,read,1,0,5.189502,200,17.025,479,
read_1,read,1,0,5.206595,200,19.017,479,
read_1,read,1,0,5.225646,200,17.455,479,
read_1,read,1,0,5.243171,200,17.211,479,
read_1,read,1,0,5.260425,200,17.848,479,
read_1,read,1,0,5.27831,200,17.994,479,
read_1,read,1,0,5.296341,200,18.078,479,
read_1,read,1,0,5.314487,200,17.807,479,
read_1,read,1,0,5.33234,200,16.905,479,
read_1,read,1,0,5.349296,200,17.372,479,
read_1,read,1,0,5.366706,200,18.268,479,
read_1,read,1,0,5.385011,200,17.45,479,
read_1,read,1,0,5.402496,200,19.631,479,
read_1,read,1,0,5.422163,200,18.84,479,
read_1,read,1,0,5.441043,200,18.468,479,
read_1,read,1,0,5.459548,200,18.397,479,
read_1,read,1,0,5.477983,200,19.136,479,
read_1,read,1,0,5.49718,200,19.58,479,
read_1,read,1,0,5.516809,200,19.121,479,
read_1,read,1,0,5.535975,200,18.976,479,
read_1,read,1,0,5.554985,200,18.346,479,
read_1,read,1,0,5.573367,200,19.05,479,
read_1,read,1,0,5.592454,200,19.469,479,
read_1,read,1,0,5.611966,200,22.783,479,
read_1,read,1,0,5.634805,200,22.329,479,
read_1,read,1,0,5.657167,200,19.751,479,
read_1,read,1,0,5.676952,200,20.053,479,
read_1,read,1,0,5.697061,200,20.121,479,
read_1,read,1,0,5.717221,200,19.663,479,
read_1,read,1,0,5.736919,200,19.109,479,
read_1,read,1,0,5.756065,200,18.875,479,
read_1,read,1,0,5.774974,200,18.773,479,
read_1,read,1,0,5.793785,200,18.508,479,
read_1,read,1,0,5.812328,200,19.166,479,
read_1,read,1,0,5.831571,200,19.775,479,
read_1,read,1,0,5.851383,200,19.406,479,
read_1,read,1,0,5.870824,200,19.745,479,
read_1,read,1,0,5.890603,200,18.867,479,
read_1,read,1,0,5.909504,200,18.299,479,
read_1,read,1,0,5.927851,200,18.809,479,
read_1,read,1,0,5.946738,200,18.128,479,
read_1,read,1,0,5.964912,200,21.734,479,
read_1,read,1,0,5.986682,200,19.27,479,
read_1,read,1,0,6.006065,200,20.79,479,
read_1,read,1,0,6.026905,200,18.183,479,
read_1,read,1,0,6.045139,200,20.521,479,
read_1,read,1,0,6.06572,200,22.883,479,
read_1,read,1,0,6.088662,200,20.362,479,
read_1,read,1,0,6.109058,200,17.835,479,
read_1,read,1,0,6.126928,200,20.99,479,
read_1,read,1,0,6.147956,200,20.748,479,
read_1,read,1,0,6.168738,200,21.906,479,
read_1,read,1,0,6.190693,200,19.598,479,
read_1,read,1,0,6.210327,200,18.245,479,
read_1,read,1,0,6.228611,200,23.986,479,
read_1,read,1,0,6.252635,200,17.779,479,
read_1,read,1,0,6.270448,200,20.403,479,
read_1,read,1,0,6.290887,200,18.021,479,
read_1,read,1,0,6.308942,200,18.338,479,
read_1,read,1,0,6.327318,200,17.029,479,
read_1,read,1,0,6.344399,200,17.714,479,
read_1,read,1,0,6.362153,200,16.724,479,
read_1,read,1,0,6.378936,200,19.58,479,
read_1,read,1,0,6.398569,200,17.925,479,
read_1,read,1,0,6.416543,200,20.305,479,
read_1,read,1,0,6.436884,200,17.426,479,
read_1,read,1,0,6.454346,200,17.947,479,
read_1,read,1,0,6.472328,200,20.265,479,
read_1,read,1,0,6.492651,200,24.025,479,
read_1,read,1,0,6.516715,200,19.742,479,
read_1,read,1,0,6.536493,200,18.718,479,
read_1,read,1,0,6.555249,200,18.39,479,
read_1,read,1,0,6.573675,200,18.198,479,
read_1,read,1,0,6.59192,200,19.422,479,
read_1,read,1,0,6.611379,200,18.866,479,
read_1,read,1,0,6.63029,200,19.409,479,
read_1,read,1,0,6.649745,200,18.374,479,
read_1,read,1,0,6.668155,200,17.792,479,
read_1,read,1,0,6.685984,200,20.003,479,
read_1,read,1,0,6.706025,200,20.415,479,
read_1,read,1,0,6.726477,200,20.584,479,
read_1,read,1,0,6.747124,200,19.105,479,
read_1,read,1,0,6.766277,200,21.529,479,
read_1,read,1,0,6.787845,200,27.565,479,
read_1,read,1,0,6.815458,200,21.5,479,
read_1,read,1,0,6.836995,200,17.659,479,
read_1,read,1,0,6.854691,200,18.118,479,
read_1,read,1,0,6.872846,200,17.754,479,
read_1,read,1,0,6.890643,200,19.569,479,
read_1,read,1,0,6.910251,200,18.869,479,
read_1,read,1,0,6.929194,200,20.113,479,
read_1,read,1,0,6.949364,200,19.695,479,
read_1,read,1,0,6.969114,200,19.66,479,
read_1,read,1,0,6.988808,200,18.764,479,
read_1,read,1,0,7.007606,200,28.577,479,
read_1,read,1,0,7.036217,200,17.426,479,
read_1,read,1,0,7.053679,200,18.335,479,
read_1,read,1,0,7.072051,200,19.002,479,
read_1,read,1,0,7.091091,200,17.034,479,
read_1,read,1,0,7.108172,200,17.726,479,
read_1,read,1,0,7.125932,200,17.07,479,
read_1,read,1,0,7.143038,200,18.876,479,
read_1,read,1,0,7.161967,200,18.379,479,
read_1,read,1,0,7.180421,200,19.967,479,
read_1,read,1,0,7.200423,200,18.961,479,
read_1,read,1,0,7.21942,200,18.714,479,
read_1,read,1,0,7.238182,200,18.717,479,
read_1,read,1,0,7.256934,200,18.659,479,
read_1,read,1,0,7.275626,200,20.003,479,
read_1,read,1,0,7.295681,200,21.59,479,
read_1,read,1,0,7.317319,200,19.412,479,
read_1,read,1,0,7.336765,200,18.78,479,
read_1,read,1,0,7.355581,200,18.837,479,
read_1,read,1,0,7.374454,200,18.08,479,
read_1,read,1,0,7.392572,200,18.703,479,
read_1,read,1,0,7.41135,200,19.398,479,
read_1,read,1,0,7.430802,200,23.637,479,
read_1,read,1,0,7.454475,200,18.81,479,
read_1,read,1,0,7.47332,200,29.227,479,
read_1,read,1,0,7.502582,200,19.989,479,
read_1,read,1,0,7.522606,200,18.521,479,
read_1,read,1,0,7.541163,200,18.332,479,
read_1,read,1,0,7.559534,200,19.109,479,
read_1,read,1,0,7.578695,200,19.527,479,
read_1,read,1,0,7.598258,200,18.888,479,
read_1,read,1,0,7.617182,200,19.998,479,
read_1,read,1,0,7.637215,200,19.869,479,
read_1,read,1,0,7.657117,200,18.814,479,
read_1,read,1,0,7.675971,200,19.233,479,
read_1,read,1,0,7.695254,200,19.091,479,
read_1,read,1,0,7.714382,200,20.135,479,
read_1,read,1,0,7.734552,200,17.987,479,
read_1,read,1,0,7.752574,200,18.574,479,
read_1,read,1,0,7.771185,200,18.557,479,
read_1,read,1,0,7.789775,200,18.589,479,
read_1,read,1,0,7.808399,200,19.055,479,
read_1,read,1,0,7.827494,200,20.139,479,
read_1,read,1,0,7.847675,200,21.135,479,
read_1,read,1,0,7.868843,200,18.49,479,
read_1,read,1,0,7.887368,200,18.973,479,
read_1,read,1,0,7.906394,200,18.585,479,
read_1,read,1,0,7.925016,200,19.645,479,
read_1,read,1,0,7.944732,200,20.391,479,
read_1,read,1,0,7.965158,200,19.776,479,
read_1,read,1,0,7.984976,200,18.468,479,
read_1,read,1,0,8.003481,200,20.034,479,
read_1,read,1,0,8.023551,200,19.063,479,
read_1,read,1,0,8.04265,200,18.438,479,
read_1,read,1,0,8.061149,200,19.037,479,
read_1,read,1,0,8.080224,200,19.764,479,
read_1,read,1,0,8.100042,200,20.097,479,
read_1,read,1,0,8.120186,200,18.678,479,
read_1,read,1,0,8.138901,200,18.722,479,
read_1,read,1,0,8.157656,200,19.0,479,
read_1,read,1,0,8.176693,200,17.517,479,
read_1,read,1,0,8.194252,200,17.416,479,
read_1,read,1,0,8.211739,200,19.585,479,
read_1,read,1,0,8.231397,200,19.031,479,
read_1,read,1,0,8.250465,200,18.946,479,
read_1,read,1,0,8.269444,200,19.364,479,
read_1,read,1,0,8.288841,200,19.979,479,
read_1,read,1,0,8.308855,200,18.619,479,
read_1,read,1,0,8.327551,200,19.347,479,
read_1,read,1,0,8.346935,200,19.192,479,
read_1,read,1,0,8.366161,200,19.114,479,
read_1,read,1,0,8.385309,200,19.509,479,
read_1,read,1,0,8.404866,200,19.005,479,
read_1,read,1,0,8.423904,200,18.069,479,
read_1,read,1,0,8.442013,200,22.555,479,
read_1,read,1,0,8.464604,200,23.091,479,
read_1,read,1,0,8.48773,200,18.244,479,
read_1,read,1,0,8.506007,200,18.448,479,
read_1,read,1,0,8.524509,200,18.749,479,
read_1,read,1,0,8.543297,200,19.288,479,
read_1,read,1,0,8.56262,200,19.102,479,
read_1,read,1,0,8.581757,200,18.466,479,
read_1,read,1,0,8.600257,200,19.438,479,
read_1,read,1,0,8.619744,200,18.908,479,
read_1,read,1,0,8.638687,200,18.852,479,
read_1,read,1,0,8.657573,200,18.098,479,
read_1,read,1,0,8.675707,200,18.566,479,
read_1,read,1,0,8.694336,200,19.868,479,
read_1,read,1,0,8.714239,200,21.053,479,
read_1,read,1,0,8.735329,200,18.846,479,
read_1,read,1,0,8.75421,200,17.566,479,
read_1,read,1,0,8.77181,200,18.425,479,
read_1,read,1,0,8.790269,200,18.205,479,
read_1,read,1,0,8.808532,200,19.143,479,
read_1,read,1,0,8.827734,200,19.086,479,
read_1,read,1,0,8.846855,200,19.316,479,
read_1,read,1,0,8.866205,200,18.262,479,
read_1,read,1,0,8.884502,200,18.137,479,
read_1,read,1,0,8.902678,200,18.341,479,
read_1,read,1,0,8.921054,200,18.241,479,
read_1,read,1,0,8.939332,200,19.742,479,
read_1,read,1,0,8.959122,200,19.433,479,
read_1,read,1,0,8.9786,200,19.217,479,
read_1,read,1,0,8.99785,200,18.942,479,
read_1,read,1,0,9.016828,200,18.953,479,
read_1,read,1,0,9.035816,200,18.615,479,
read_1,read,1,0,9.054481,200,18.317,479,
read_1,read,1,0,9.072834,200,17.843,479,
read_1,read,1,0,9.090725,200,18.556,479,
read_1,read,1,0,9.109317,200,18.934,479,
read_1,read,1,0,9.128322,200,19.368,479,
read_1,read,1,0,9.14774,200,18.913,479,
read_1,read,1,0,9.166688,200,18.287,479,
read_1,read,1,0,9.185011,200,20.001,479,
read_1,read,1,0,9.205046,200,18.262,479,
read_1,read,1,0,9.223344,200,19.985,479,
read_1,read,1,0,9.243393,200,23.495,479,
read_1,read,1,0,9.266924,200,20.882,479,
read_1,read,1,0,9.287842,200,23.355,479,
read_1,read,1,0,9.311248,200,19.117,479,
read_1,read,1,0,9.3304,200,19.461,479,
read_1,read,1,0,9.349894,200,21.106,479,
read_1,read,1,0,9.371051,200,29.064,479,
read_1,read,1,0,9.40017,200,33.088,479,
read_1,read,1,0,9.433344,200,39.743,479,
read_1,read,1,0,9.473139,200,29.494,479,
read_1,read,1,0,9.502689,200,39.377,479,
read_1,read,1,0,9.542121,200,18.255,479,
read_1,read,1,0,9.560442,200,15.292,479,
read_1,read,1,0,9.575776,200,19.081,479,
read_1,read,1,0,9.594916,200,18.737,479,
read_1,read,1,0,9.613719,200,20.215,479,
read_1,read,1,0,9.633972,200,19.865,479,
read_1,read,1,0,9.653875,200,20.187,479,
read_1,read,1,0,9.674101,200,18.355,479,
read_1,read,1,0,9.692491,200,18.645,479,
read_1,read,1,0,9.711187,200,20.417,479,
read_1,read,1,0,9.731639,200,20.567,479,
read_1,read,1,0,9.752272,200,19.348,479,
read_1,read,1,0,9.771658,200,18.491,479,
read_1,read,1,0,9.790184,200,18.487,479,
read_1,read,1,0,9.808708,200,20.214,479,
read_1,read,1,0,9.82901,200,20.806,479,
read_1,read,1,0,9.849882,200,19.269,479,
read_1,read,1,0,9.869187,200,19.393,479,
read_1,read,1,0,9.888614,200,19.382,479,
read_1,read,1,0,9.908031,200,19.979,479,
read_1,read,1,0,9.928049,200,20.927,479,
read_1,read,1,0,9.949013,200,19.524,479,
read_1,read,1,0,9.968571,200,29.411,479,
read_1,read,1,0,9.998042,200,27.608,479,
read_1,read,1,0,10.025701,200,22.1,479,
read_1,read,1,0,10.047857,200,19.774,479,
read_1,read,1,0,10.067666,200,19.8,479,
read_1,read,1,0,10.087503,200,20.143,479,
read_1,read,1,0,10.107681,200,20.001,479,
read_1,read,1,0,10.127745,200,20.099,479,
read_1,read,1,0,10.147882,200,20.731,479,
read_1,read,1,0,10.168649,200,18.773,479,
read_1,read,1,0,10.187459,200,18.721,479,
read_1,read,1,0,10.206218,200,18.83,479,
read_1,read,1,0,10.225089,200,19.632,479,
read_1,read,1,0,10.244767,200,20.121,479,
read_1,read,1,0,10.264925,200,22.26,479,
read_1,read,1,0,10.287224,200,20.596,479,
read_1,read,1,0,10.307857,200,20.929,479,
read_1,read,1,0,10.328825,200,21.2,479,
read_1,read,1,0,10.350062,200,19.417,479,
read_1,read,1,0,10.369518,200,20.513,479,
read_1,read,1,0,10.390072,200,20.359,479,
read_1,read,1,0,10.410476,200,19.929,479,
read_1,read,1,0,10.430443,200,19.91,479,
read_1,read,1,0,10.450391,200,19.6,479,
read_1,read,1,0,10.470029,200,20.36,479,
read_1,read,1,0,10.49043,200,20.124,479,
read_1,read,1,0,10.510598,200,27.36,479,
read_1,read,1,0,10.537998,200,20.285,479,
read_1,read,1,0,10.558324,200,21.868,479,
read_1,read,1,0,10.58023,200,22.277,479,
read_1,read,1,0,10.602546,200,22.112,479,
read_1,read,1,0,10.624697,200,21.025,479,
read_1,read,1,0,10.645761,200,20.801,479,
read_1,read,1,0,10.666603,200,20.137,479,
read_1,read,1,0,10.686779,200,19.558,479,
read_1,read,1,0,10.70638,200,19.473,479,
read_1,read,1,0,10.725911,200,21.128,479,
read_1,read,1,0,10.747079,200,20.847,479,
read_1,read,1,0,10.767966,200,20.048,479,
read_1,read,1,0,10.788052,200,20.411,479,
read_1,read,1,0,10.808509,200,20.779,479,
read_1,read,1,0,10.829326,200,20.722,479,
read_1,read,1,0,10.850087,200,20.318,479,
read_1,read,1,0,10.870444,200,22.519,479,
read_1,read,1,0,10.893041,200,56.914,479,
read_1,read,1,0,10.949997,200,19.979,479,
read_1,read,1,0,10.970015,200,19.417,479,
read_1,read,1,0,10.989485,200,20.89,479,
read_1,read,1,0,11.010428,200,20.176,479,
read_1,read,1,0,11.030648,200,19.959,479,
read_1,read,1,0,11.050649,200,19.583,479,
read_1,read,1,0,11.07027,200,19.594,479,
read_1,read,1,0,11.089903,200,20.135,479,
read_1,read,1,0,11.110081,200,20.458,479,
read_1,read,1,0,11.130595,200,20.156,479,
read_1,read,1,0,11.15079,200,18.827,479,
read_1,read,1,0,11.169656,200,19.373,479,
read_1,read,1,0,11.189074,200,20.3,479,
read_1,read,1,0,11.209428,200,21.314,479,
read_1,read,1,0,11.230782,200,20.233,479,
read_1,read,1,0,11.251054,200,20.382,479,
read_1,read,1,0,11.271474,200,21.401,479,
read_1,read,1,0,11.292922,200,20.374,479,
read_1,read,1,0,11.313336,200,20.311,479,
read_1,read,1,0,11.333686,200,20.073,479,
read_1,read,1,0,11.353797,200,20.332,479,
read_1,read,1,0,11.37417,200,20.819,479,
read_1,read,1,0,11.395028,200,20.499,479,
read_1,read,1,0,11.415567,200,20.279,479,
read_1,read,1,0,11.435885,200,19.877,479,
read_1,read,1,0,11.455804,200,20.343,479,
read_1,read,1,0,11.476222,200,22.106,479,
read_1,read,1,0,11.498367,200,19.705,479,
read_1,read,1,0,11.518111,200,40.73,479,
read_1,read,1,0,11.55892,200,29.405,479,
read_1,read,1,0,11.588367,200,24.096,479,
read_1,read,1,0,11.612504,200,22.612,479,
read_1,read,1,0,11.635159,200,23.73,479,
read_1,read,1,0,11.65895,200,23.363,479,
read_1,read,1,0,11.682354,200,24.117,479,
read_1,read,1,0,11.706589,200,24.149,479,
read_1,read,1,0,11.730781,200,24.929,479,
read_1,read,1,0,11.755766,200,24.328,479,
read_1,read,1,0,11.780261,200,23.318,479,
read_1,read,1,0,11.803641,200,25.713,479,
read_1,read,1,0,11.829398,200,22.786,479,
read_1,read,1,0,11.852227,200,27.667,479,
read_1,read,1,0,11.879937,200,28.179,479,
read_1,read,1,0,11.908174,200,22.536,479,
read_1,read,1,0,11.930753,200,23.961,479,
read_1,read,1,0,11.954758,200,22.495,479,
read_1,read,1,0,11.977381,200,22.982,479,
read_1,read,1,0,12.000405,200,21.181,479,
read_1,read,1,0,12.021631,200,21.978,479,
read_1,read,1,0,12.043679,200,22.062,479,
read_1,read,1,0,12.065784,200,20.279,479,
read_1,read,1,0,12.086104,200,20.729,479,
read_1,read,1,0,12.106901,200,21.498,479,
read_1,read,1,0,12.12844,200,20.865,479,
read_1,read,1,0,12.149343,200,19.799,479,
read_1,read,1,0,12.169182,200,21.696,479,
read_1,read,1,0,12.190943,200,21.133,479,
read_1,read,1,0,12.212119,200,22.469,479,
read_1,read,1,0,12.234628,200,19.78,479,
read_1,read,1,0,12.254479,200,21.346,479,
read_1,read,1,0,12.275889,200,22.46,479,
read_1,read,1,0,12.298389,200,28.457,479,
read_1,read,1,0,12.326887,200,22.908,479,
read_1,read,1,0,12.349835,200,21.939,479,
read_1,read,1,0,12.371839,200,23.722,479,
read_1,read,1,0,12.395601,200,21.775,479,
read_1,read,1,0,12.417416,200,20.496,479,
read_1,read,1,0,12.437956,200,20.748,479,
read_1,read,1,0,12.45877,200,20.645,479,
read_1,read,1,0,12.479454,200,20.496,479,
read_1,read,1,0,12.499992,200,20.172,479,
read_1,read,1,0,12.520203,200,21.754,479,
read_1,read,1,0,12.542052,200,21.853,479,
read_1,read,1,0,12.563946,200,21.421,479,
read_1,read,1,0,12.585408,200,20.491,479,
read_1,read,1,0,12.605941,200,22.189,479,
read_1,read,1,0,12.62817,200,22.029,479,
read_1,read,1,0,12.650237,200,20.509,479,
read_1,read,1,0,12.67079,200,20.835,479,
read_1,read,1,0,12.691706,200,22.104,479,
read_1,read,1,0,12.713848,200,20.744,479,
read_1,read,1,0,12.734632,200,20.511,479,
read_1,read,1,0,12.755183,200,22.019,479,
read_1,read,1,0,12.777243,200,20.585,479,
read_1,read,1,0,12.797866,200,20.669,479,
read_1,read,1,0,12.818583,200,20.014,479,
read_1,read,1,0,12.838641,200,21.507,479,
read_1,read,1,0,12.860188,200,20.987,479,
read_1,read,1,0,12.881225,200,20.434,479,
read_1,read,1,0,12.901698,200,19.943,479,
read_1,read,1,0,12.921683,200,23.374,479,
read_1,read,1,0,12.9451,200,20.934,479,
read_1,read,1,0,12.966072,200,44.335,479,
read_1,read,1,0,13.010466,200,38.468,479,
read_1,read,1,0,13.048978,200,21.203,479,
read_1,read,1,0,13.070225,200,20.361,479,
read_1,read,1,0,13.090642,200,22.104,479,
read_1,read,1,0,13.112789,200,21.704,479,
read_1,read,1,0,13.134537,200,20.396,479,
read_1,read,1,0,13.154977,200,21.979,479,
read_1,read,1,0,13.176996,200,21.996,479,
read_1,read,1,0,13.199033,200,20.7,479,
read_1,read,1,0,13.219774,200,22.134,479,
read_1,read,1,0,13.241948,200,21.649,479,
read_1,read,1,0,13.263637,200,22.888,479,
read_1,read,1,0,13.286565,200,21.452,479,
read_1,read,1,0,13.308078,200,20.948,479,
read_1,read,1,0,13.329067,200,20.419,479,
read_1,read,1,0,13.349527,200,21.12,479,
read_1,read,1,0,13.370691,200,21.303,479,
read_1,read,1,0,13.392036,200,21.117,479,
read_1,read,1,0,13.413194,200,22.853,479,
read_1,read,1,0,13.436087,200,20.927,479,
read_1,read,1,0,13.457082,200,21.05,479,
read_1,read,1,0,13.478172,200,21.051,479,
read_1,read,1,0,13.499262,200,22.015,479,
read_1,read,1,0,13.52132,200,21.707,479,
read_1,read,1,0,13.543088,200,21.781,479,
read_1,read,1,0,13.564908,200,20.596,479,
read_1,read,1,0,13.585543,200,22.463,479,
read_1,read,1,0,13.60807,200,23.454,479,
read_1,read,1,0,13.631563,200,21.878,479,
read_1,read,1,0,13.653481,200,23.276,479,
read_1,read,1,0,13.676807,200,21.607,479,
read_1,read,1,0,13.698454,200,22.257,479,
read_1,read,1,0,13.720751,200,25.242,479,
read_1,read,1,0,13.746036,200,24.34,479,
read_1,read,1,0,13.770456,200,28.106,479,
read_1,read,1,0,13.798602,200,24.184,479,
read_1,read,1,0,13.822845,200,26.57,479,
read_1,read,1,0,13.84949,200,24.978,479,
read_1,read,1,0,13.874535,200,25.763,479,
read_1,read,1,0,13.900339,200,26.218,479,
read_1,read,1,0,13.926599,200,24.916,479,
read_1,read,1,0,13.951565,200,25.372,479,
read_1,read,1,0,13.977008,200,26.147,479,
read_1,read,1,0,14.003198,200,26.722,479,
read_1,read,1,0,14.029962,200,25.106,479,
read_1,read,1,0,14.05511,200,31.605,479,
read_1,read,1,0,14.086769,200,26.403,479,
read_1,read,1,0,14.113215,200,26.915,479,
read_1,read,1,0,14.140223,200,26.307,479,
read_1,read,1,0,14.166575,200,24.971,479,
read_1,read,1,0,14.191613,200,25.672,479,
read_1,read,1,0,14.217356,200,24.571,479,
read_1,read,1,0,14.242017,200,27.9,479,
read_1,read,1,0,14.269962,200,27.478,479,
read_1,read,1,0,14.297491,200,28.063,479,
read_1,read,1,0,14.3256,200,25.07,479,
read_1,read,1,0,14.350724,200,26.52,479,
read_1,read,1,0,14.377291,200,23.379,479,
read_1,read,1,0,14.400756,200,25.272,479,
read_1,read,1,0,14.426072,200,23.45,479,
read_1,read,1,0,14.449564,200,24.623,479,
read_1,read,1,0,14.474327,200,26.083,479,
read_1,read,1,0,14.500464,200,25.11,479,
read_1,read,1,0,14.525617,200,22.312,479,
read_1,read,1,0,14.547981,200,26.475,479,
read_1,read,1,0,14.574608,200,23.14,479,
read_1,read,1,0,14.597791,200,26.917,479,
read_1,read,1,0,14.624775,200,26.509,479,
read_1,read,1,0,14.651329,200,27.153,479,
read_1,read,1,0,14.678527,200,31.743,479,
read_1,read,1,0,14.710333,200,23.589,479,
read_1,read,1,0,14.733986,200,22.761,479,
read_1,read,1,0,14.756812,200,23.379,479,
read_1,read,1,0,14.780259,200,23.73,479,
read_1,read,1,0,14.804035,200,24.787,479,
read_1,read,1,0,14.828865,200,23.155,479,
read_1,read,1,0,14.852064,200,24.435,479,
read_1,read,1,0,14.876585,200,23.796,479,
read_1,read,1,0,14.900426,200,24.53,479,
read_1,read,1,0,14.924998,200,25.78,479,
read_1,read,1,0,14.950821,200,25.029,479,
read_1,read,1,0,14.975895,200,27.204,479,
read_1,read,1,0,15.003146,200,28.676,479,
read_1,read,1,0,15.031893,200,34.037,479,
read_1,read,1,0,15.065976,200,24.755,479,
read_1,read,1,0,15.090824,200,24.281,479,
read_1,read,1,0,15.115149,200,25.24,479,
read_1,read,1,0,15.140433,200,26.456,479,
read_1,read,1,0,15.166933,200,24.487,479,
read_1,read,1,0,15.191466,200,24.652,479,
read_1,read,1,0,15.216178,200,25.041,479,
read_1,read,1,0,15.2413,200,25.231,479,
read_1,read,1,0,15.266576,200,25.938,479,
read_1,read,1,0,15.292567,200,25.926,479,
read_1,read,1,0,15.318564,200,23.709,479,
read_1,read,1,0,15.342317,200,24.243,479,
read_1,read,1,0,15.366604,200,29.404,479,
read_1,read,1,0,15.396052,200,27.462,479,
read_1,read,1,0,15.423561,200,28.378,479,
read_1,read,1,0,15.451984,200,32.014,479,
read_1,read,1,0,15.484041,200,24.444,479,
read_1,read,1,0,15.508551,200,25.921,479,
read_1,read,1,0,15.534516,200,23.84,479,
read_1,read,1,0,15.558398,200,23.212,479,
read_1,read,1,0,15.581653,200,26.922,479,
read_1,read,1,0,15.608618,200,25.059,479,
read_1,read,1,0,15.63372,200,22.044,479,
read_1,read,1,0,15.655826,200,22.529,479,
read_1,read,1,0,15.678397,200,21.925,479,
read_1,read,1,0,15.700364,200,22.439,479,
read_1,read,1,0,15.722923,200,23.669,479,
read_1,read,1,0,15.746632,200,20.802,479,
read_1,read,1,0,15.767476,200,20.916,479,
read_1,read,1,0,15.788465,200,22.063,479,
read_1,read,1,0,15.810568,200,21.181,479,
read_1,read,1,0,15.831791,200,19.96,479,
read_1,read,1,0,15.851795,200,20.046,479,
read_1,read,1,0,15.871959,200,21.612,479,
read_1,read,1,0,15.893612,200,20.36,479,
read_1,read,1,0,15.914012,200,20.415,479,
read_1,read,1,0,15.934472,200,20.588,479,
read_1,read,1,0,15.955145,200,20.947,479,
read_1,read,1,0,15.97613,200,20.515,479,
read_1,read,1,0,15.996685,200,20.252,479,
read_1,read,1,0,16.016977,200,20.924,479,
read_1,read,1,0,16.037985,200,24.938,479,
read_1,read,1,0,16.062963,200,20.683,479,
read_1,read,1,0,16.083689,200,20.967,479,
read_1,read,1,0,16.104717,200,23.557,479,
read_1,read,1,0,16.128314,200,20.169,479,
read_1,read,1,0,16.148522,200,20.481,479,
read_1,read,1,0,16.169045,200,20.09,479,
read_1,read,1,0,16.189177,200,20.612,479,
read_1,read,1,0,16.209828,200,20.037,479,
read_1,read,1,0,16.229905,200,20.511,479,
read_1,read,1,0,16.250454,200,19.014,479,
read_1,read,1,0,16.269507,200,21.125,479,
read_1,read,1,0,16.290672,200,20.626,479,
read_1,read,1,0,16.311336,200,20.362,479,
read_1,read,1,0,16.331737,200,20.601,479,
read_1,read,1,0,16.352377,200,22.744,479,
read_1,read,1,0,16.375161,200,20.483,479,
read_1,read,1,0,16.395684,200,20.146,479,
read_1,read,1,0,16.415871,200,19.77,479,
read_1,read,1,0,16.435682,200,21.03,479,
read_1,read,1,0,16.456751,200,19.527,479,
read_1,read,1,0,16.476317,200,20.267,479,
read_1,read,1,0,16.496623,200,19.628,479,
read_1,read,1,0,16.51629,200,19.579,479,
read_1,read,1,0,16.535909,200,21.735,479,
read_1,read,1,0,16.557683,200,21.083,479,
read_1,read,1,0,16.578803,200,20.385,479,
read_1,read,1,0,16.599226,200,22.295,479,
read_1,read,1,0,16.621578,200,20.069,479,
read_1,read,1,0,16.641686,200,20.659,479,
read_1,read,1,0,16.662383,200,21.327,479,
read_1,read,1,0,16.683749,200,19.679,479,
read_1,read,1,0,16.703503,200,22.657,479,
read_1,read,1,0,16.7262,200,21.053,479,
read_1,read,1,0,16.747291,200,19.618,479,
read_1,read,1,0,16.76695,200,21.012,479,
read_1,read,1,0,16.788034,200,21.702,479,
read_1,read,1,0,16.809774,200,22.444,479,
read_1,read,1,0,16.832258,200,20.034,479,
read_1,read,1,0,16.852334,200,20.823,479,
read_1,read,1,0,16.873195,200,19.923,479,
read_1,read,1,0,16.893156,200,20.764,479,
read_1,read,1,0,16.913994,200,19.591,479,
read_1,read,1,0,16.933628,200,19.279,479,
read_1,read,1,0,16.952966,200,21.628,479,
read_1,read,1,0,16.974634,200,20.037,479,
read_1,read,1,0,16.994712,200,19.461,479,
read_1,read,1,0,17.014212,200,19.591,479,
read_1,read,1,0,17.033843,200,20.715,479,
read_1,read,1,0,17.05463,200,27.035,479,
read_1,read,1,0,17.081706,200,19.84,479,
read_1,read,1,0,17.101589,200,20.62,479,
read_1,read,1,0,17.122253,200,20.712,479,
read_1,read,1,0,17.143004,200,20.644,479,
read_1,read,1,0,17.163687,200,20.551,479,
read_1,read,1,0,17.18428,200,21.13,479,
read_1,read,1,0,17.20545,200,20.804,479,
read_1,read,1,0,17.226293,200,21.469,479,
read_1,read,1,0,17.2478,200,19.953,479,
read_1,read,1,0,17.267791,200,20.83,479,
read_1,read,1,0,17.288663,200,22.19,479,
read_1,read,1,0,17.310893,200,21.302,479,
read_1,read,1,0,17.332234,200,20.153,479,
read_1,read,1,0,17.35243,200,20.925,479,
read_1,read,1,0,17.373394,200,20.214,479,
read_1,read,1,0,17.393647,200,19.15,479,
read_1,read,1,0,17.412835,200,19.47,479,
read_1,read,1,0,17.432347,200,21.235,479,
read_1,read,1,0,17.453647,200,19.864,479,
read_1,read,1,0,17.473551,200,21.422,479,
read_1,read,1,0,17.495012,200,20.091,479,
read_1,read,1,0,17.515142,200,20.037,479,
read_1,read,1,0,17.535243,200,21.588,479,
read_1,read,1,0,17.55687,200,20.062,479,
read_1,read,1,0,17.576972,200,20.695,479,
read_1,read,1,0,17.597707,200,24.65,479,
read_1,read,1,0,17.622402,200,22.489,479,
read_1,read,1,0,17.644932,200,22.508,479,
read_1,read,1,0,17.667481,200,22.869,479,
read_1,read,1,0,17.690395,200,21.341,479,
read_1,read,1,0,17.711777,200,23.526,479,
read_1,read,1,0,17.735343,200,23.49,479,
read_1,read,1,0,17.758874,200,22.145,479,
read_1,read,1,0,17.78106,200,21.396,479,
read_1,read,1,0,17.802528,200,22.634,479,
read_1,read,1,0,17.825202,200,23.19,479,
read_1,read,1,0,17.848432,200,21.682,479,
read_1,read,1,0,17.870182,200,22.529,479,
read_1,read,1,0,17.892751,200,23.268,479,
read_1,read,1,0,17.916068,200,21.895,479,
read_1,read,1,0,17.93801,200,21.725,479,
read_1,read,1,0,17.959776,200,22.091,479,
read_1,read,1,0,17.981913,200,22.003,479,
read_1,read,1,0,18.003959,200,21.777,479,
read_1,read,1,0,18.025776,200,22.643,479,
read_1,read,1,0,18.048459,200,21.203,479,
read_1,read,1,0,18.069722,200,23.015,479,
read_1,read,1,0,18.092779,200,21.612,479,
read_1,read,1,0,18.11443,200,24.023,479,
read_1,read,1,0,18.138494,200,21.997,479,
read_1,read,1,0,18.160531,200,20.313,479,
read_1,read,1,0,18.180883,200,20.398,479,
read_1,read,1,0,18.201324,200,20.664,479,
read_1,read,1,0,18.222028,200,21.189,479,
read_1,read,1,0,18.243256,200,20.796,479,
read_1,read,1,0,18.26411,200,20.716,479,
read_1,read,1,0,18.284868,200,21.744,479,
read_1,read,1,0,18.306652,200,21.494,479,
read_1,read,1,0,18.328186,200,20.291,479,
read_1,read,1,0,18.348518,200,20.175,479,
read_1,read,1,0,18.368764,200,22.859,479,
read_1,read,1,0,18.391662,200,21.291,479,
read_1,read,1,0,18.412993,200,20.313,479,
read_1,read,1,0,18.43335,200,21.918,479,
read_1,read,1,0,18.455308,200,21.363,479,
read_1,read,1,0,18.476732,200,24.691,479,
read_1,read,1,0,18.501464,200,22.576,479,
read_1,read,1,0,18.52408,200,25.61,479,
read_1,read,1,0,18.54973,200,20.531,479,
read_1,read,1,0,18.57032,200,21.581,479,
read_1,read,1,0,18.591942,200,23.215,479,
read_1,read,1,0,18.615228,200,23.203,479,
read_1,read,1,0,18.638478,200,22.611,479,
read_1,read,1,0,18.661129,200,20.444,479,
read_1,read,1,0,18.681613,200,21.185,479,
read_1,read,1,0,18.702869,200,23.775,479,
read_1,read,1,0,18.726685,200,21.79,479,
read_1,read,1,0,18.748515,200,20.993,479,
read_1,read,1,0,18.769562,200,21.156,479,
read_1,read,1,0,18.790759,200,20.792,479,
read_1,read,1,0,18.811591,200,55.867,479,
read_1,read,1,0,18.867497,200,21.795,479,
read_1,read,1,0,18.889332,200,20.714,479,
read_1,read,1,0,18.910084,200,20.231,479,
read_1,read,1,0,18.930356,200,19.32,479,
read_1,read,1,0,18.949737,200,21.744,479,
read_1,read,1,0,18.971518,200,20.446,479,
read_1,read,1,0,18.99201,200,20.79,479,
read_1,read,1,0,19.012839,200,20.704,479,
read_1,read,1,0,19.033582,200,20.134,479,
read_1,read,1,0,19.053777,200,20.665,479,
read_1,read,1,0,19.074484,200,20.857,479,
read_1,read,1,0,19.095381,200,20.166,479,
read_1,read,1,0,19.115589,200,22.543,479,
read_1,read,1,0,19.138171,200,20.05,479,
read_1,read,1,0,19.158259,200,20.032,479,
read_1,read,1,0,19.178329,200,20.068,479,
read_1,read,1,0,19.198437,200,20.043,479,
read_1,read,1,0,19.218574,200,19.833,479,
read_1,read,1,0,19.238444,200,20.106,479,
read_1,read,1,0,19.258588,200,20.316,479,
read_1,read,1,0,19.278943,200,21.559,479,
read_1,read,1,0,19.30054,200,23.107,479,
read_1,read,1,0,19.323686,200,21.622,479,
read_1,read,1,0,19.345347,200,19.647,479,
read_1,read,1,0,19.365033,200,18.949,479,
read_1,read,1,0,19.384051,200,35.383,479,
read_1,read,1,0,19.419479,200,29.46,479,
read_1,read,1,0,19.449009,200,42.647,479,
read_1,read,1,0,19.491718,200,34.881,479,
read_1,read,1,0,19.526675,200,53.746,479,
read_1,read,1,0,19.580498,200,31.265,479,
read_1,read,1,0,19.611811,200,21.411,479,
read_1,read,1,0,19.633269,200,22.1,479,
read_1,read,1,0,19.655416,200,23.18,479,
read_1,read,1,0,19.67864,200,23.008,479,
read_1,read,1,0,19.701722,200,24.606,479,
read_1,read,1,0,19.726371,200,24.258,479,
read_1,read,1,0,19.750676,200,22.64,479,
read_1,read,1,0,19.773359,200,21.631,479,
read_1,read,1,0,19.795033,200,20.324,479,
read_1,read,1,0,19.815405,200,21.105,479,
read_1,read,1,0,19.836553,200,20.706,479,
read_1,read,1,0,19.8573,200,20.713,479,
read_1,read,1,0,19.878056,200,25.657,479,
read_1,read,1,0,19.903755,200,22.572,479,
read_1,read,1,0,19.926369,200,20.125,479,
read_1,read,1,0,19.946534,200,21.718,479,
read_1,read,1,0,19.968314,200,20.94,479,
read_1,read,1,0,19.989301,200,25.513,479,
read_1,read,1,0,20.014867,200,27.421,479,
read_1,read,1,0,20.042344,200,24.257,479,
read_1,read,1,0,20.066642,200,23.231,479,
read_1,read,1,0,20.089914,200,21.305,479,
read_1,read,1,0,20.111263,200,20.465,479,
read_1,read,1,0,20.131774,200,20.285,479,
read_1,read,1,0,20.152108,200,21.592,479,
read_1,read,1,0,20.173742,200,21.133,479,
read_1,read,1,0,20.194915,200,21.188,479,
read_1,read,1,0,20.216156,200,23.159,479,
read_1,read,1,0,20.239355,200,21.369,479,
read_1,read,1,0,20.260764,200,19.622,479,
read_1,read,1,0,20.280427,200,20.736,479,
read_1,read,1,0,20.301207,200,21.155,479,
read_1,read,1,0,20.322402,200,20.939,479,
read_1,read,1,0,20.34338,200,20.085,479,
read_1,read,1,0,20.363503,200,21.165,479,
read_1,read,1,0,20.384738,200,20.186,479,
read_1,read,1,0,20.404962,200,20.077,479,
read_1,read,1,0,20.425078,200,19.396,479,
read_1,read,1,0,20.444513,200,20.42,479,
read_1,read,1,0,20.464976,200,20.368,479,
read_1,read,1,0,20.485387,200,20.471,479,
read_1,read,1,0,20.505897,200,20.417,479,
read_1,read,1,0,20.526354,200,20.831,479,
read_1,read,1,0,20.547225,200,23.436,479,
read_1,read,1,0,20.570717,200,20.814,479,
read_1,read,1,0,20.59157,200,20.839,479,
read_1,read,1,0,20.612449,200,22.415,479,
read_1,read,1,0,20.634916,200,22.012,479,
read_1,read,1,0,20.656968,200,20.875,479,
read_1,read,1,0,20.677901,200,20.603,479,
read_1,read,1,0,20.698546,200,21.684,479,
read_1,read,1,0,20.72028,200,20.999,479,
read_1,read,1,0,20.741318,200,19.589,479,
read_1,read,1,0,20.760948,200,18.995,479,
read_1,read,1,0,20.779984,200,18.838,479,
read_1,read,1,0,20.798865,200,19.867,479,
read_1,read,1,0,20.818774,200,20.108,479,
read_1,read,1,0,20.838941,200,20.275,479,
read_1,read,1,0,20.859256,200,20.836,479,
read_1,read,1,0,20.880133,200,20.101,479,
read_1,read,1,0,20.900309,200,21.255,479,
read_1,read,1,0,20.921603,200,22.736,479,
read_1,read,1,0,20.944377,200,19.397,479,
read_1,read,1,0,20.963818,200,20.039,479,
read_1,read,1,0,20.983925,200,19.834,479,
read_1,read,1,0,21.003801,200,20.52,479,
read_1,read,1,0,21.024361,200,20.3,479,
read_1,read,1,0,21.044701,200,21.037,479,
read_1,read,1,0,21.065789,200,21.559,479,
read_1,read,1,0,21.087389,200,19.932,479,
read_1,read,1,0,21.107361,200,19.885,479,
read_1,read,1,0,21.127286,200,20.627,479,
read_1,read,1,0,21.147963,200,19.003,479,
read_1,read,1,0,21.167045,200,19.213,479,
read_1,read,1,0,21.186297,200,20.111,479,
read_1,read,1,0,21.206445,200,19.75,479,
read_1,read,1,0,21.226234,200,19.041,479,
read_1,read,1,0,21.245317,200,19.649,479,
read_1,read,1,0,21.265007,200,20.409,479,
read_1,read,1,0,21.285521,200,21.055,479,
read_1,read,1,0,21.306614,200,19.762,479,
read_1,read,1,0,21.326414,200,21.083,479,
read_1,read,1,0,21.347538,200,19.607,479,
read_1,read,1,0,21.367195,200,19.792,479,
read_1,read,1,0,21.387027,200,19.565,479,
read_1,read,1,0,21.406631,200,19.065,479,
read_1,read,1,0,21.425738,200,20.289,479,
read_1,read,1,0,21.446068,200,19.332,479,
read_1,read,1,0,21.465467,200,19.491,479,
read_1,read,1,0,21.484997,200,21.374,479,
read_1,read,1,0,21.506411,200,19.984,479,
read_1,read,1,0,21.526436,200,24.876,479,
read_1,read,1,0,21.551401,200,23.826,479,
read_1,read,1,0,21.575267,200,51.565,479,
read_1,read,1,0,21.626875,200,35.653,479,
read_1,read,1,0,21.662589,200,24.523,479,
read_1,read,1,0,21.687161,200,24.357,479,
read_1,read,1,0,21.711565,200,24.329,479,
read_1,read,1,0,21.735963,200,24.522,479,
read_1,read,1,0,21.760531,200,30.473,479,
read_1,read,1,0,21.791063,200,22.906,479,
read_1,read,1,0,21.814014,200,27.989,479,
read_1,read,1,0,21.842057,200,24.927,479,
read_1,read,1,0,21.867048,200,25.612,479,
read_1,read,1,0,21.892703,200,24.914,479,
read_1,read,1,0,21.917687,200,25.089,479,
read_1,read,1,0,21.94282,200,23.932,479,
read_1,read,1,0,21.966863,200,29.526,479,
read_1,read,1,0,21.996444,200,22.923,479,
read_1,read,1,0,22.019427,200,24.273,479,
read_1,read,1,0,22.043756,200,23.525,479,
read_1,read,1,0,22.067342,200,23.505,479,
read_1,read,1,0,22.09089,200,23.758,479,
read_1,read,1,0,22.11469,200,25.575,479,
read_1,read,1,0,22.140308,200,23.204,479,
read_1,read,1,0,22.163554,200,24.116,479,
read_1,read,1,0,22.187711,200,23.212,479,
read_1,read,1,0,22.210964,200,21.541,479,
read_1,read,1,0,22.232563,200,22.706,479,
read_1,read,1,0,22.25531,200,21.925,479,
read_1,read,1,0,22.277276,200,21.564,479,
read_1,read,1,0,22.298902,200,22.006,479,
read_1,read,1,0,22.320949,200,20.563,479,
read_1,read,1,0,22.341553,200,20.917,479,
read_1,read,1,0,22.36251,200,20.141,479,
read_1,read,1,0,22.382701,200,22.561,479,
read_1,read,1,0,22.405329,200,22.482,479,
read_1,read,1,0,22.42785,200,21.361,479,
read_1,read,1,0,22.449263,200,21.899,479,
read_1,read,1,0,22.471202,200,22.147,479,
read_1,read,1,0,22.493396,200,20.346,479,
read_1,read,1,0,22.513785,200,22.33,479,
read_1,read,1,0,22.536155,200,21.225,479,
read_1,read,1,0,22.557419,200,20.965,479,
read_1,read,1,0,22.578423,200,20.32,479,
read_1,read,1,0,22.598826,200,23.543,479,
read_1,read,1,0,22.622408,200,21.972,479,
read_1,read,1,0,22.644418,200,20.571,479,
read_1,read,1,0,22.665067,200,21.527,479,
read_1,read,1,0,22.686633,200,21.059,479,
read_1,read,1,0,22.707734,200,22.903,479,
read_1,read,1,0,22.730677,200,22.06,479,
read_1,read,1,0,22.752776,200,21.594,479,
read_1,read,1,0,22.774407,200,21.362,479,
read_1,read,1,0,22.795808,200,20.379,479,
read_1,read,1,0,22.816255,200,22.344,479,
read_1,read,1,0,22.838637,200,19.471,479,
read_1,read,1,0,22.858148,200,19.465,479,
read_1,read,1,0,22.877652,200,20.015,479,
read_1,read,1,0,22.897705,200,20.7,479,
read_1,read,1,0,22.918445,200,20.98,479,
read_1,read,1,0,22.939464,200,19.631,479,
read_1,read,1,0,22.959134,200,19.403,479,
read_1,read,1,0,22.978578,200,20.476,479,
read_1,read,1,0,22.999112,200,21.509,479,
read_1,read,1,0,23.020662,200,20.522,479,
read_1,read,1,0,23.041248,200,20.878,479,
read_1,read,1,0,23.062169,200,23.785,479,
read_1,read,1,0,23.085994,200,22.037,479,
read_1,read,1,0,23.108071,200,19.623,479,
read_1,read,1,0,23.127732,200,19.278,479,
read_1,read,1,0,23.147054,200,21.355,479,
read_1,read,1,0,23.168449,200,20.438,479,
read_1,read,1,0,23.188925,200,19.08,479,
read_1,read,1,0,23.208045,200,18.703,479,
read_1,read,1,0,23.226786,200,22.059,479,
read_1,read,1,0,23.24892,200,23.578,479,
read_1,read,1,0,23.272537,200,23.606,479,
read_1,read,1,0,23.296267,200,24.406,479,
read_1,read,1,0,23.320723,200,21.852,479,
read_1,read,1,0,23.342618,200,23.25,479,
read_1,read,1,0,23.36591,200,21.843,479,
read_1,read,1,0,23.387792,200,23.81,479,
read_1,read,1,0,23.411667,200,22.492,479,
read_1,read,1,0,23.434199,200,21.604,479,
read_1,read,1,0,23.455845,200,21.572,479,
read_1,read,1,0,23.477458,200,20.108,479,
read_1,read,1,0,23.49763,200,22.224,479,
read_1,read,1,0,23.519919,200,21.906,479,
read_1,read,1,0,23.541867,200,21.903,479,
read_1,read,1,0,23.563809,200,23.941,479,
read_1,read,1,0,23.587791,200,21.917,479,
read_1,read,1,0,23.60975,200,21.221,479,
read_1,read,1,0,23.631026,200,23.628,479,
read_1,read,1,0,23.654694,200,20.019,479,
read_1,read,1,0,23.674753,200,20.171,479,
read_1,read,1,0,23.694968,200,20.146,479,
read_1,read,1,0,23.715218,200,20.774,479,
read_1,read,1,0,23.736032,200,20.043,479,
read_1,read,1,0,23.756114,200,33.687,479,
read_1,read,1,0,23.789859,200,38.262,479,
read_1,read,1,0,23.828179,200,43.65,479,
read_1,read,1,0,23.871903,200,25.996,479,
read_1,read,1,0,23.897963,200,20.664,479,
read_1,read,1,0,23.918672,200,20.693,479,
read_1,read,1,0,23.939411,200,21.174,479,
read_1,read,1,0,23.960631,200,21.071,479,
read_1,read,1,0,23.981764,200,23.593,479,
read_1,read,1,0,24.005397,200,23.914,479,
read_1,read,1,0,24.029356,200,59.548,479,
read_1,read,1,0,24.088946,200,21.529,479,
read_1,read,1,0,24.110516,200,23.481,479,
read_1,read,1,0,24.134037,200,20.764,479,
read_1,read,1,0,24.154842,200,21.412,479,
read_1,read,1,0,24.176294,200,20.228,479,
read_1,read,1,0,24.196564,200,21.538,479,
read_1,read,1,0,24.218141,200,21.055,479,
read_1,read,1,0,24.239237,200,21.193,479,
read_1,read,1,0,24.260472,200,21.129,479,
read_1,read,1,0,24.281673,200,22.65,479,
read_1,read,1,0,24.304364,200,23.173,479,
read_1,read,1,0,24.327577,200,21.136,479,
read_1,read,1,0,24.348758,200,22.108,479,
read_1,read,1,0,24.370905,200,20.812,479,
read_1,read,1,0,24.391758,200,20.532,479,
read_1,read,1,0,24.412331,200,21.731,479,
read_1,read,1,0,24.4341,200,20.614,479,
read_1,read,1,0,24.454753,200,20.246,479,
read_1,read,1,0,24.475039,200,19.522,479,
read_1,read,1,0,24.494605,200,20.898,479,
read_1,read,1,0,24.515542,200,20.483,479,
read_1,read,1,0,24.536064,200,21.075,479,
read_1,read,1,0,24.557178,200,20.048,479,
read_1,read,1,0,24.577269,200,21.476,479,
read_1,read,1,0,24.598784,200,20.972,479,
read_1,read,1,0,24.619796,200,22.107,479,
read_1,read,1,0,24.641942,200,24.264,479,
read_1,read,1,0,24.666248,200,22.176,479,
read_1,read,1,0,24.688463,200,19.766,479,
read_1,read,1,0,24.708271,200,25.269,479,
read_1,read,1,0,24.733642,200,19.749,479,
read_1,read,1,0,24.753431,200,19.443,479,
read_1,read,1,0,24.772914,200,19.544,479,
read_1,read,1,0,24.7925,200,19.442,479,
read_1,read,1,0,24.811995,200,22.604,479,
read_1,read,1,0,24.834664,200,21.085,479,
read_1,read,1,0,24.855789,200,20.731,479,
read_1,read,1,0,24.876558,200,21.044,479,
read_1,read,1,0,24.897652,200,20.763,479,
read_1,read,1,0,24.918454,200,21.48,479,
read_1,read,1,0,24.93999,200,20.644,479,
read_1,read,1,0,24.960673,200,20.198,479,
read_1,read,1,0,24.980933,200,24.999,479,
read_1,read,1,0,25.005972,200,23.87,479,
read_1,read,1,0,25.029904,200,27.144,479,
read_1,read,1,0,25.057103,200,23.009,479,
read_1,read,1,0,25.0802,200,22.181,479,
read_1,read,1,0,25.102421,200,23.927,479,
read_1,read,1,0,25.126388,200,19.835,479,
read_1,read,1,0,25.146268,200,20.825,479,
read_1,read,1,0,25.167132,200,20.326,479,
read_1,read,1,0,25.187499,200,20.505,479,
read_1,read,1,0,25.208043,200,20.444,479,
read_1,read,1,0,25.22853,200,21.815,479,
read_1,read,1,0,25.250385,200,21.053,479,
read_1,read,1,0,25.271478,200,21.358,479,
read_1,read,1,0,25.292876,200,20.37,479,
read_1,read,1,0,25.313304,200,22.826,479,
read_1,read,1,0,25.33617,200,20.182,479,
read_1,read,1,0,25.35639,200,19.651,479,
read_1,read,1,0,25.37608,200,19.321,479,
read_1,read,1,0,25.395444,200,19.398,479,
read_1,read,1,0,25.414917,200,21.557,479,
read_1,read,1,0,25.436513,200,19.924,479,
read_1,read,1,0,25.456477,200,19.249,479,
read_1,read,1,0,25.475766,200,20.693,479,
read_1,read,1,0,25.496523,200,20.949,479,
read_1,read,1,0,25.517511,200,20.726,479,
read_1,read,1,0,25.538276,200,19.723,479,
read_1,read,1,0,25.558037,200,19.787,479,
read_1,read,1,0,25.577866,200,21.133,479,
read_1,read,1,0,25.599038,200,23.825,479,
read_1,read,1,0,25.622901,200,22.754,479,
read_1,read,1,0,25.645722,200,21.373,479,
read_1,read,1,0,25.667135,200,21.861,479,
read_1,read,1,0,25.689036,200,20.665,479,
read_1,read,1,0,25.70974,200,20.952,479,
read_1,read,1,0,25.730752,200,21.646,479,
read_1,read,1,0,25.752438,200,21.743,479,
read_1,read,1,0,25.774221,200,21.509,479,
read_1,read,1,0,25.795786,200,22.136,479,
read_1,read,1,0,25.817967,200,22.45,479,
read_1,read,1,0,25.840457,200,23.07,479,
read_1,read,1,0,25.863589,200,22.288,479,
read_1,read,1,0,25.885918,200,21.811,479,
read_1,read,1,0,25.907769,200,21.259,479,
read_1,read,1,0,25.929095,200,23.375,479,
read_1,read,1,0,25.952511,200,22.626,479,
read_1,read,1,0,25.975178,200,21.129,479,
read_1,read,1,0,25.996367,200,23.656,479,
read_1,read,1,0,26.020061,200,20.929,479,
read_1,read,1,0,26.041034,200,28.285,479,
read_1,read,1,0,26.06936,200,23.325,479,
read_1,read,1,0,26.092724,200,26.613,479,
read_1,read,1,0,26.119379,200,21.68,479,
read_1,read,1,0,26.141099,200,21.804,479,
read_1,read,1,0,26.163012,200,22.001,479,
read_1,read,1,0,26.185054,200,21.278,479,
read_1,read,1,0,26.206373,200,20.16,479,
read_1,read,1,0,26.226574,200,21.352,479,
read_1,read,1,0,26.247965,200,21.279,479,
read_1,read,1,0,26.269284,200,21.96,479,
read_1,read,1,0,26.291284,200,20.584,479,
read_1,read,1,0,26.311937,200,21.958,479,
read_1,read,1,0,26.333947,200,20.783,479,
read_1,read,1,0,26.354769,200,20.633,479,
read_1,read,1,0,26.375441,200,19.876,479,
read_1,read,1,0,26.395368,200,20.845,479,
read_1,read,1,0,26.416252,200,20.526,479,
read_1,read,1,0,26.436823,200,21.329,479,
read_1,read,1,0,26.458191,200,19.568,479,
read_1,read,1,0,26.477798,200,20.884,479,
read_1,read,1,0,26.498721,200,20.63,479,
read_1,read,1,0,26.519396,200,20.466,479,
read_1,read,1,0,26.539902,200,20.033,479,
read_1,read,1,0,26.559976,200,21.146,479,
read_1,read,1,0,26.581177,200,21.42,479,
read_1,read,1,0,26.602636,200,21.8,479,
read_1,read,1,0,26.624476,200,20.703,479,
read_1,read,1,0,26.645237,200,21.165,479,
read_1,read,1,0,26.666441,200,20.679,479,
read_1,read,1,0,26.687159,200,21.526,479,
read_1,read,1,0,26.708725,200,20.492,479,
read_1,read,1,0,26.729289,200,22.977,479,
read_1,read,1,0,26.752305,200,19.603,479,
read_1,read,1,0,26.771947,200,20.373,479,
read_1,read,1,0,26.792363,200,21.1,479,
read_1,read,1,0,26.813505,200,20.477,479,
read_1,read,1,0,26.834022,200,21.636,479,
read_1,read,1,0,26.855697,200,21.211,479,
read_1,read,1,0,26.876958,200,23.851,479,
read_1,read,1,0,26.900894,200,20.914,479,
read_1,read,1,0,26.921847,200,19.995,479,
read_1,read,1,0,26.941883,200,20.659,479,
read_1,read,1,0,26.962613,200,22.24,479,
read_1,read,1,0,26.984905,200,20.155,479,
read_1,read,1,0,27.005099,200,20.644,479,
read_1,read,1,0,27.025805,200,21.017,479,
read_1,read,1,0,27.046869,200,22.478,479,
read_1,read,1,0,27.069454,200,24.818,479,
read_1,read,1,0,27.094311,200,20.469,479,
read_1,read,1,0,27.114819,200,23.398,479,
read_1,read,1,0,27.138256,200,20.706,479,
read_1,read,1,0,27.159004,200,21.614,479,
read_1,read,1,0,27.180657,200,20.911,479,
read_1,read,1,0,27.201606,200,20.194,479,
read_1,read,1,0,27.22184,200,20.185,479,
read_1,read,1,0,27.242068,200,20.63,479,
read_1,read,1,0,27.262742,200,21.634,479,
read_1,read,1,0,27.284416,200,20.075,479,
read_1,read,1,0,27.304529,200,20.326,479,
read_1,read,1,0,27.324896,200,20.727,479,
read_1,read,1,0,27.345675,200,20.478,479,
read_1,read,1,0,27.366191,200,22.281,479,
read_1,read,1,0,27.388512,200,20.408,479,
read_1,read,1,0,27.40896,200,20.702,479,
read_1,read,1,0,27.429702,200,21.745,479,
read_1,read,1,0,27.451487,200,20.416,479,
read_1,read,1,0,27.471941,200,20.083,479,
read_1,read,1,0,27.492064,200,20.457,479,
read_1,read,1,0,27.512566,200,21.696,479,
read_1,read,1,0,27.534301,200,20.447,479,
read_1,read,1,0,27.554788,200,20.463,479,
read_1,read,1,0,27.575292,200,21.116,479,
read_1,read,1,0,27.596448,200,21.412,479,
read_1,read,1,0,27.617899,200,19.78,479,
read_1,read,1,0,27.637718,200,20.86,479,
read_1,read,1,0,27.65862,200,19.838,479,
read_1,read,1,0,27.678512,200,20.813,479,
read_1,read,1,0,27.699365,200,21.638,479,
read_1,read,1,0,27.721042,200,26.215,479,
read_1,read,1,0,27.747332,200,21.54,479,
read_1,read,1,0,27.768915,200,22.237,479,
read_1,read,1,0,27.791192,200,27.938,479,
read_1,read,1,0,27.819171,200,20.109,479,
read_1,read,1,0,27.83932,200,19.787,479,
read_1,read,1,0,27.859161,200,21.045,479,
read_1,read,1,0,27.880246,200,28.143,479,
read_1,read,1,0,27.90843,200,21.385,479,
read_1,read,1,0,27.929856,200,22.374,479,
read_1,read,1,0,27.95227,200,21.095,479,
read_1,read,1,0,27.973405,200,20.61,479,
read_1,read,1,0,27.994096,200,22.586,479,
read_1,read,1,0,28.016749,200,21.141,479,
read_1,read,1,0,28.03793,200,20.196,479,
read_1,read,1,0,28.058164,200,20.589,479,
read_1,read,1,0,28.078811,200,22.558,479,
read_1,read,1,0,28.101408,200,19.768,479,
read_1,read,1,0,28.121229,200,20.176,479,
read_1,read,1,0,28.141447,200,21.404,479,
read_1,read,1,0,28.162893,200,20.725,479,
read_1,read,1,0,28.183658,200,20.68,479,
read_1,read,1,0,28.204378,200,20.589,479,
read_1,read,1,0,28.225009,200,21.859,479,
read_1,read,1,0,28.246926,200,20.057,479,
read_1,read,1,0,28.267023,200,20.328,479,
read_1,read,1,0,28.287391,200,21.788,479,
read_1,read,1,0,28.30922,200,21.714,479,
read_1,read,1,0,28.330972,200,19.911,479,
read_1,read,1,0,28.350925,200,20.387,479,
read_1,read,1,0,28.371355,200,20.271,479,
read_1,read,1,0,28.39167,200,21.802,479,
read_1,read,1,0,28.413536,200,22.001,479,
read_1,read,1,0,28.435576,200,21.552,479,
read_1,read,1,0,28.457168,200,21.208,479,
read_1,read,1,0,28.478471,200,21.554,479,
read_1,read,1,0,28.500064,200,20.394,479,
read_1,read,1,0,28.520497,200,22.409,479,
read_1,read,1,0,28.542956,200,21.199,479,
read_1,read,1,0,28.564195,200,20.409,479,
read_1,read,1,0,28.584644,200,19.949,479,
read_1,read,1,0,28.604633,200,22.002,479,
read_1,read,1,0,28.626696,200,20.95,479,
read_1,read,1,0,28.647686,200,20.642,479,
read_1,read,1,0,28.668369,200,19.629,479,
read_1,read,1,0,28.688037,200,20.781,479,
read_1,read,1,0,28.708862,200,20.963,479,
read_1,read,1,0,28.729864,200,21.12,479,
read_1,read,1,0,28.751024,200,20.056,479,
read_1,read,1,0,28.77112,200,20.405,479,
read_1,read,1,0,28.791567,200,21.322,479,
read_1,read,1,0,28.812931,200,20.525,479,
read_1,read,1,0,28.833494,200,20.665,479,
read_1,read,1,0,28.854198,200,22.605,479,
read_1,read,1,0,28.876872,200,20.793,479,
read_1,read,1,0,28.897722,200,20.581,479,
read_1,read,1,0,28.91834,200,19.124,479,
read_1,read,1,0,28.937502,200,19.552,479,
read_1,read,1,0,28.957095,200,20.146,479,
read_1,read,1,0,28.977315,200,20.325,479,
read_1,read,1,0,28.99768,200,21.208,479,
read_1,read,1,0,29.018927,200,20.689,479,
read_1,read,1,0,29.039656,200,20.242,479,
read_1,read,1,0,29.059964,200,21.322,479,
read_1,read,1,0,29.081325,200,20.894,479,
read_1,read,1,0,29.102258,200,20.264,479,
read_1,read,1,0,29.122564,200,20.757,479,
read_1,read,1,0,29.143531,200,20.744,479,
read_1,read,1,0,29.164313,200,21.853,479,
read_1,read,1,0,29.186204,200,19.366,479,
read_1,read,1,0,29.205609,200,19.102,479,
read_1,read,1,0,29.224753,200,20.366,479,
read_1,read,1,0,29.245156,200,20.522,479,
read_1,read,1,0,29.265717,200,20.764,479,
read_1,read,1,0,29.286518,200,19.667,479,
read_1,read,1,0,29.306227,200,23.319,479,
read_1,read,1,0,29.329586,200,19.623,479,
read_1,read,1,0,29.349248,200,21.382,479,
read_1,read,1,0,29.37067,200,20.03,479,
read_1,read,1,0,29.390741,200,35.961,479,
read_1,read,1,0,29.426765,200,36.086,479,
read_1,read,1,0,29.462918,200,48.063,479,
read_1,read,1,0,29.511046,200,36.439,479,
read_1,read,1,0,29.547558,200,51.375,479,
read_1,read,1,0,29.599014,200,28.185,479,
read_1,read,1,0,29.627285,200,28.261,479,
read_1,read,1,0,29.655622,200,27.119,479,
read_1,read,1,0,29.682788,200,25.645,479,
read_1,read,1,0,29.708483,200,27.275,479,
read_1,read,1,0,29.735808,200,24.592,479,
read_1,read,1,0,29.760464,200,24.558,479,
read_1,read,1,0,29.78507,200,23.209,479,
read_1,read,1,0,29.808325,200,30.996,479,
read_1,read,1,0,29.839368,200,31.686,479,
read_1,read,1,0,29.871122,200,29.061,479,
read_1,read,1,0,29.900274,200,28.903,479,
read_1,read,1,0,29.929239,200,30.617,479,
read_1,read,1,0,29.959925,200,33.695,479,
read_1,read,1,0,29.993702,200,32.293,479,
read_5,read,5,1,0.000658,200,82.506,479,
read_5,read,5,0,7.4e-05,200,83.53,479,
read_5,read,5,2,0.000221,200,88.994,479,
read_5,read,5,4,0.000349,200,96.42,479,
read_5,read,5,1,0.083235,200,43.691,479,
read_5,read,5,0,0.083676,200,74.852,479,
read_5,read,5,3,0.000475,200,159.297,479,
read_5,read,5,1,0.126975,200,41.258,479,
read_5,read,5,0,0.158608,200,78.965,479,
read_5,read,5,4,0.09684,200,150.958,479,
read_5,read,5,2,0.089292,200,159.157,479,
read_5,read,5,1,0.168314,200,81.225,479,
read_5,read,5,4,0.247884,200,56.962,479,
read_5,read,5,0,0.23765,200,68.381,479,
read_5,read,5,3,0.159842,200,148.42,479,
read_5,read,5,2,0.248555,200,67.203,479,
read_5,read,5,1,0.249659,200,89.889,479,
read_5,read,5,4,0.304915,200,58.92,479,
read_5,read,5,1,0.339619,200,30.344,479,
read_5,read,5,0,0.306119,200,67.255,479,
read_5,read,5,3,0.308335,200,116.006,479,
read_5,read,5,0,0.373443,200,56.329,479,
read_5,read,5,1,0.370046,200,60.336,479,
read_5,read,5,2,0.315808,200,117.124,479,
read_5,read,5,3,0.424393,200,57.061,479,
read_5,read,5,2,0.433026,200,55.209,479,
read_5,read,5,0,0.42984,200,64.959,479,
read_5,read,5,4,0.363907,200,131.576,479,
read_5,read,5,2,0.488288,200,52.155,479,
read_5,read,5,1,0.430451,200,120.812,479,
read_5,read,5,0,0.494903,200,64.446,479,
read_5,read,5,3,0.481506,200,83.727,479,
read_5,read,5,1,0.551372,200,36.944,479,
read_5,read,5,4,0.495543,200,123.1,479,
read_5,read,5,1,0.588386,200,31.941,479,
read_5,read,5,2,0.540492,200,92.924,479,
read_5,read,5,0,0.559426,200,113.963,479,
read_5,read,5,4,0.618731,200,62.673,479,
read_5,read,5,1,0.620376,200,61.564,479,
read_5,read,5,3,0.565305,200,134.889,479,
read_5,read,5,0,0.673459,200,66.375,479,
read_5,read,5,2,0.633486,200,108.004,479,
read_5,read,5,1,0.681999,200,68.894,479,
read_5,read,5,4,0.681516,200,78.792,479,
read_5,read,5,0,0.739903,200,47.76,479,
read_5,read,5,3,0.700267,200,103.05,479,
read_5,read,5,2,0.741554,200,72.318,479,
read_5,read,5,0,0.787758,200,36.302,479,
read_5,read,5,1,0.750944,200,107.521,479,
read_5,read,5,3,0.803367,200,58.665,479,
read_5,read,5,4,0.760378,200,120.746,479,
read_5,read,5,0,0.824119,200,67.879,479,
read_5,read,5,1,0.858523,200,48.277,479,
read_5,read,5,2,0.813922,200,101.451,479,
read_5,read,5,3,0.862092,200,75.114,479,
read_5,read,5,0,0.892048,200,58.962,479,
read_5,read,5,1,0.90685,200,60.038,479,
read_5,read,5,4,0.881174,200,91.698,479,
read_5,read,5,2,0.915424,200,70.022,479,
read_5,read,5,3,0.937279,200,58.36,479,
read_5,read,5,4,0.972952,200,40.462,479,
read_5,read,5,0,0.951059,200,79.166,479,
read_5,read,5,1,0.966967,200,82.628,479,
read_5,read,5,4,1.013464,200,55.989,479,
read_5,read,5,0,1.03032,200,69.656,479,
read_5,read,5,2,0.985495,200,119.539,479,
read_5,read,5,3,0.995687,200,123.404,479,
read_5,read,5,4,1.069526,200,63.867,479,
read_5,read,5,1,1.049667,200,122.718,479,
read_5,read,5,2,1.105122,200,69.008,479,
read_5,read,5,0,1.100025,200,82.865,479,
read_5,read,5,3,1.119141,200,78.268,479,
read_5,read,5,4,1.133447,200,99.984,479,
read_5,read,5,1,1.172439,200,71.942,479,
read_5,read,5,0,1.182965,200,62.067,479,
read_5,read,5,2,1.174192,200,87.177,479,
read_5,read,5,3,1.197494,200,94.316,479,
read_5,read,5,4,1.233482,200,63.15,479,
read_5,read,5,0,1.245149,200,58.026,479,
read_5,read,5,1,1.244452,200,78.168,479,
read_5,read,5,3,1.29186,200,39.811,479,
read_5,read,5,2,1.261468,200,85.564,479,
read_5,read,5,4,1.296683,200,81.756,479,
read_5,read,5,1,1.322694,200,57.058,479,
read_5,read,5,0,1.303224,200,93.423,479,
read_5,read,5,3,1.331719,200,66.241,479,
read_5,read,5,0,1.396713,200,28.872,479,
read_5,read,5,2,1.347107,200,87.861,479,
read_5,read,5,2,1.435015,200,27.484,479,
read_5,read,5,4,1.37857,200,84.417,479,
read_5,read,5,1,1.379829,200,106.788,479,
read_5,read,5,2,1.462559,200,63.076,479,
read_5,read,5,3,1.398038,200,129.012,479,
read_5,read,5,4,1.463041,200,65.482,479,
read_5,read,5,0,1.425658,200,136.806,479,
read_5,read,5,3,1.527141,200,104.322,479,
read_5,read,5,4,1.528601,200,104.457,479,
read_5,read,5,1,1.486687,200,151.101,479,
read_5,read,5,2,1.525713,200,136.854,479,
read_5,read,5,3,1.631534,200,71.932,479,
read_5,read,5,4,1.633136,200,73.634,479,
read_5,read,5,0,1.562572,200,149.501,479,
read_5,read,5,1,1.637878,200,94.336,479,
read_5,read,5,4,1.706846,200,66.659,479,
read_5,read,5,0,1.712143,200,77.357,479,
read_5,read,5,2,1.662638,200,127.498,479,
read_5,read,5,3,1.703548,200,107.032,479,
read_5,read,5,2,1.790203,200,47.154,479,
read_5,read,5,1,1.732283,200,120.873,479,
read_5,read,5,4,1.773556,200,86.01,479,
read_5,read,5,2,1.837409,200,59.969,479,
read_5,read,5,1,1.853237,200,77.323,479,
read_5,read,5,0,1.789568,200,143.186,479,
read_5,read,5,3,1.810657,200,132.288,479,
read_5,read,5,4,1.859637,200,99.918,479,
read_5,read,5,4,1.959635,200,37.662,479,
read_5,read,5,1,1.930663,200,82.569,479,
read_5,read,5,2,1.897441,200,116.268,479,
read_5,read,5,4,1.997371,200,60.167,479,
read_5,read,5,2,2.013786,200,60.146,479,
read_5,read,5,0,1.932835,200,151.735,479,
read_5,read,5,3,1.943027,200,146.52,479,
read_5,read,5,1,2.013292,200,135.825,479,
read_5,read,5,2,2.074012,200,77.463,479,
read_5,read,5,4,2.057612,200,100.702,479,
read_5,read,5,0,2.084652,200,78.903,479,
read_5,read,5,3,2.089628,200,137.41,479,
read_5,read,5,4,2.158382,200,77.744,479,
read_5,read,5,1,2.149198,200,87.324,479,
read_5,read,5,2,2.151546,200,93.976,479,
read_5,read,5,0,2.163627,200,126.788,479,
read_5,read,5,3,2.227111,200,64.634,479,
read_5,read,5,4,2.236219,200,66.355,479,
read_5,read,5,1,2.236566,200,73.48,479,
read_5,read,5,0,2.290466,200,57.567,479,
read_5,read,5,2,2.245589,200,107.941,479,
read_5,read,5,3,2.291793,200,73.82,479,
read_5,read,5,4,2.302626,200,64.708,479,
read_5,read,5,0,2.348101,200,38.46,479,
read_5,read,5,0,2.386611,200,27.098,479,
read_5,read,5,2,2.353581,200,62.023,479,
read_5,read,5,1,2.310143,200,106.15,479,
read_5,read,5,4,2.367417,200,90.699,479,
read_5,read,5,2,2.415672,200,42.833,479,
read_5,read,5,3,2.365687,200,99.337,479,
read_5,read,5,0,2.413759,200,53.761,479,
read_5,read,5,0,2.46757,200,43.65,479,
read_5,read,5,1,2.41635,200,95.412,479,
read_5,read,5,3,2.465073,200,48.656,479,
read_5,read,5,4,2.45818,200,59.434,479,
read_5,read,5,2,2.458669,200,98.296,479,
read_5,read,5,0,2.511278,200,55.539,479,
read_5,read,5,1,2.511821,200,55.394,479,
read_5,read,5,3,2.513806,200,55.509,479,
read_5,read,5,1,2.567258,200,50.782,479,
read_5,read,5,0,2.566882,200,51.595,479,
read_5,read,5,4,2.517691,200,101.248,479,
read_5,read,5,2,2.557018,200,62.298,479,
read_5,read,5,3,2.569387,200,92.445,479,
read_5,read,5,1,2.618123,200,49.783,479,
read_5,read,5,4,2.619001,200,49.6,479,
read_5,read,5,2,2.619371,200,55.04,479,
read_5,read,5,4,2.668644,200,45.515,479,
read_5,read,5,3,2.661942,200,57.76,479,
read_5,read,5,0,2.618557,200,104.292,479,
read_5,read,5,1,2.667992,200,62.315,479,
read_5,read,5,2,2.6745,200,82.164,479,
read_5,read,5,4,2.714234,200,57.23,479,
read_5,read,5,3,2.719752,200,57.186,479,
read_5,read,5,1,2.730353,200,50.788,479,
read_5,read,5,0,2.722895,200,86.865,479,
read_5,read,5,2,2.75671,200,63.449,479,
read_5,read,5,4,2.771513,200,56.624,479,
read_5,read,5,3,2.777014,200,51.649,479,
read_5,read,5,0,2.809831,200,36.721,479,
read_5,read,5,1,2.781187,200,84.409,479,
read_5,read,5,0,2.846601,200,24.201,479,
read_5,read,5,2,2.820208,200,67.171,479,
read_5,read,5,0,2.870868,200,32.189,479,
read_5,read,5,4,2.82821,200,80.321,479,
read_5,read,5,2,2.887442,200,44.025,479,
read_5,read,5,3,2.828716,200,110.798,479,
read_5,read,5,4,2.908599,200,40.702,479,
read_5,read,5,1,2.865643,200,98.521,479,
read_5,read,5,4,2.949378,200,29.222,479,
read_5,read,5,0,2.903104,200,89.376,479,
read_5,read,5,1,2.964224,200,33.479,479,
read_5,read,5,2,2.931521,200,80.616,479,
read_5,read,5,1,2.997759,200,30.995,479,
read_5,read,5,3,2.939561,200,100.908,479,
read_5,read,5,4,2.978647,200,86.892,479,
read_5,read,5,2,3.012217,200,53.722,479,
read_5,read,5,1,3.028811,200,52.425,479,
read_5,read,5,0,2.992554,200,106.201,479,
read_5,read,5,4,3.065586,200,46.913,479,
read_5,read,5,3,3.040517,200,78.19,479,
read_5,read,5,2,3.066012,200,66.488,479,
read_5,read,5,4,3.112547,200,42.385,479,
read_5,read,5,3,3.118763,200,45.361,479,
read_5,read,5,1,3.081283,200,90.328,479,
read_5,read,5,0,3.098803,200,83.846,479,
read_5,read,5,3,3.164172,200,43.602,479,
read_5,read,5,1,3.171658,200,47.897,479,
read_5,read,5,2,3.132561,200,91.563,479,
read_5,read,5,4,3.15502,200,82.0,479,
read_5,read,5,3,3.207848,200,35.972,479,
read_5,read,5,0,3.182698,200,90.948,479,
read_5,read,5,4,3.237068,200,53.665,479,
read_5,read,5,1,3.219603,200,71.623,479,
read_5,read,5,3,3.243892,200,49.044,479,
read_5,read,5,2,3.224171,200,99.748,479,
read_5,read,5,0,3.273715,200,65.776,479,
read_5,read,5,4,3.2908,200,48.998,479,
read_5,read,5,1,3.291289,200,54.215,479,
read_5,read,5,3,3.293013,200,74.055,479,
read_5,read,5,2,3.323984,200,57.03,479,
read_5,read,5,4,3.339837,200,44.703,479,
read_5,read,5,3,3.367118,200,30.636,479,
read_5,read,5,1,3.345579,200,83.311,479,
read_5,read,5,0,3.339539,200,89.805,479,
read_5,read,5,2,3.38106,200,52.764,479,
read_5,read,5,4,3.384626,200,66.735,479,
read_5,read,5,3,3.397801,200,70.515,479,
read_5,read,5,1,3.428951,200,44.936,479,
read_5,read,5,0,3.429395,200,53.569,479,
read_5,read,5,3,3.468397,200,34.589,479,
read_5,read,5,1,3.473945,200,44.316,479,
read_5,read,5,2,3.433898,200,84.768,479,
read_5,read,5,4,3.451429,200,78.988,479,
read_5,read,5,0,3.483011,200,83.083,479,
read_5,read,5,1,3.518321,200,55.293,479,
read_5,read,5,2,3.518704,200,55.198,479,
read_5,read,5,3,3.503035,200,82.002,479,
read_5,read,5,4,3.530465,200,93.199,479,
read_5,read,5,0,3.566164,200,57.853,479,
read_5,read,5,2,3.57394,200,57.161,479,
read_5,read,5,1,3.573661,200,62.541,479,
read_5,read,5,3,3.585085,200,89.777,479,
read_5,read,5,4,3.623733,200,58.923,479,
read_5,read,5,0,3.624057,200,59.799,479,
read_5,read,5,1,3.636269,200,49.418,479,
read_5,read,5,1,3.685762,200,23.789,479,
read_5,read,5,2,3.631177,200,89.855,479,
read_5,read,5,3,3.674933,200,65.183,479,
read_5,read,5,1,3.709621,200,45.517,479,
read_5,read,5,4,3.682725,200,89.695,479,
read_5,read,5,2,3.72108,200,57.091,479,
read_5,read,5,0,3.683901,200,105.034,479,
read_5,read,5,3,3.740166,200,62.268,479,
read_5,read,5,0,3.789013,200,34.884,479,
read_5,read,5,1,3.755186,200,86.331,479,
read_5,read,5,4,3.772488,200,81.066,479,
read_5,read,5,3,3.802482,200,54.548,479,
read_5,read,5,0,3.823976,200,60.31,479,
read_5,read,5,2,3.77825,200,126.88,479,
read_5,read,5,1,3.841567,200,71.855,479,
read_5,read,5,4,3.853602,200,75.373,479,
read_5,read,5,2,3.905179,200,65.615,479,
read_5,read,5,3,3.857092,200,125.635,479,
read_5,read,5,1,3.913493,200,70.208,479,
read_5,read,5,0,3.884361,200,112.651,479,
read_5,read,5,4,3.929046,200,97.839,479,
read_5,read,5,3,3.982786,200,55.417,479,
read_5,read,5,2,3.970845,200,75.24,479,
read_5,read,5,1,3.983745,200,72.809,479,
read_5,read,5,0,3.997081,200,91.991,479,
read_5,read,5,2,4.046164,200,43.509,479,
read_5,read,5,4,4.026957,200,68.9,479,
read_5,read,5,1,4.056644,200,58.472,479,
read_5,read,5,2,4.089727,200,57.549,479,
read_5,read,5,3,4.038255,200,109.523,479,
read_5,read,5,0,4.089139,200,60.751,479,
read_5,read,5,1,4.115166,200,57.209,479,
read_5,read,5,3,4.147832,200,50.752,479,
read_5,read,5,4,4.095934,200,104.606,479,
read_5,read,5,0,4.149937,200,57.183,479,
read_5,read,5,2,4.147338,200,83.084,479,
read_5,read,5,1,4.172448,200,76.068,479,
read_5,read,5,4,4.200585,200,53.241,479,
read_5,read,5,3,4.198634,200,71.093,479,
read_5,read,5,2,4.230472,200,62.516,479,
read_5,read,5,0,4.207199,200,96.111,479,
read_5,read,5,1,4.248572,200,62.473,479,
read_5,read,5,3,4.269801,200,50.519,479,
read_5,read,5,4,4.253897,200,88.901,479,
read_5,read,5,3,4.320395,200,25.596,479,
read_5,read,5,2,4.293053,200,75.998,479,
read_5,read,5,3,4.346045,200,47.401,479,
read_5,read,5,4,4.342846,200,51.401,479,
read_5,read,5,0,4.303358,200,93.347,479,
read_5,read,5,1,4.3111,200,110.302,479,
read_5,read,5,0,4.396839,200,44.84,479,
read_5,read,5,3,4.393529,200,55.688,479,
read_5,read,5,2,4.369099,200,81.421,479,
read_5,read,5,4,4.394318,200,76.777,479,
read_5,read,5,1,4.421448,200,68.56,479,
read_5,read,5,0,4.441768,200,56.965,479,
read_5,read,5,3,4.449264,200,50.945,479,
read_5,read,5,2,4.450565,200,71.916,479,
read_5,read,5,4,4.471142,200,75.159,479,
read_5,read,5,0,4.498781,200,48.726,479,
read_5,read,5,1,4.490055,200,65.256,479,
read_5,read,5,3,4.500277,200,70.938,479,
read_5,read,5,4,4.546348,200,56.657,479,
read_5,read,5,0,4.547551,200,55.867,479,
read_5,read,5,2,4.522528,200,86.732,479,
read_5,read,5,1,4.555357,200,72.754,479,
read_5,read,5,0,4.603465,200,44.208,479,
read_5,read,5,3,4.571264,200,89.706,479,
read_5,read,5,4,4.603053,200,58.583,479,
read_5,read,5,0,4.647746,200,33.862,479,
read_5,read,5,3,4.66107,200,39.817,479,
read_5,read,5,2,4.609329,200,103.511,479,
read_5,read,5,1,4.628192,200,85.546,479,
read_5,read,5,3,4.700938,200,33.424,479,
read_5,read,5,4,4.66169,200,91.558,479,
read_5,read,5,0,4.681686,200,83.66,479,
read_5,read,5,2,4.712888,200,58.274,479,
read_5,read,5,1,4.713806,200,74.2,479,
read_5,read,5,3,4.734424,200,68.237,479,
read_5,read,5,2,4.771209,200,37.769,479,
read_5,read,5,4,4.753333,200,66.002,479,
read_5,read,5,3,4.802735,200,41.665,479,
read_5,read,5,0,4.765435,200,82.405,479,
read_5,read,5,2,4.809051,200,46.005,479,
read_5,read,5,4,4.819381,200,56.056,479,
read_5,read,5,1,4.78808,200,90.907,479,
read_5,read,5,3,4.844462,200,52.186,479,
read_5,read,5,4,4.875492,200,44.636,479,
read_5,read,5,1,4.879053,200,52.584,479,
read_5,read,5,0,4.8479,200,91.473,479,
read_5,read,5,2,4.855103,200,93.454,479,
read_5,read,5,3,4.896723,200,75.256,479,
read_5,read,5,1,4.931684,200,58.883,479,
read_5,read,5,2,4.948603,200,81.659,479,
read_5,read,5,1,4.990646,200,57.991,479,
read_5,read,5,4,4.920175,200,133.58,479,
read_5,read,5,0,4.93942,200,123.601,479,
read_5,read,5,2,5.030311,200,53.965,479,
read_5,read,5,1,5.048772,200,53.081,479,
read_5,read,5,3,4.972029,200,130.699,479,
read_5,read,5,0,5.063094,200,56.428,479,
read_5,read,5,4,5.053817,200,79.426,479,
read_5,read,5,2,5.084345,200,76.836,479,
read_5,read,5,3,5.102777,200,62.062,479,
read_5,read,5,1,5.101925,200,68.849,479,
read_5,read,5,2,5.161258,200,28.968,479,
read_5,read,5,0,5.11957,200,74.228,479,
read_5,read,5,4,5.133292,200,82.283,479,
read_5,read,5,2,5.190303,200,50.845,479,
read_5,read,5,0,5.193849,200,48.297,479,
read_5,read,5,3,5.164885,200,84.469,479,
read_5,read,5,1,5.170836,200,94.965,479,
read_5,read,5,0,5.242213,200,48.245,479,
read_5,read,5,4,5.215621,200,76.117,479,
read_5,read,5,2,5.241304,200,52.857,479,
read_5,read,5,3,5.249417,200,78.3,479,
read_5,read,5,1,5.265849,200,72.223,479,
read_5,read,5,0,5.290645,200,50.283,479,
read_5,read,5,2,5.294208,200,54.709,479,
read_5,read,5,4,5.291808,200,86.63,479,
read_5,read,5,1,5.338141,200,49.579,479,
read_5,read,5,0,5.341002,200,54.211,479,
read_5,read,5,3,5.327795,200,67.765,479,
read_5,read,5,2,5.34899,200,78.824,479,
read_5,read,5,4,5.378502,200,57.262,479,
read_5,read,5,1,5.387768,200,50.639,479,
read_5,read,5,0,5.395262,200,56.102,479,
read_5,read,5,3,5.39562,200,81.664,479,
read_5,read,5,4,5.435835,200,51.773,479,
read_5,read,5,2,5.427861,200,60.037,479,
read_5,read,5,0,5.451429,200,48.043,479,
read_5,read,5,2,5.487936,200,29.441,479,
read_5,read,5,1,5.438454,200,93.62,479,
read_5,read,5,3,5.477332,200,60.136,479,
read_5,read,5,2,5.517445,200,31.52,479,
read_5,read,5,0,5.499538,200,81.759,479,
read_5,read,5,1,5.532121,200,52.2,479,
read_5,read,5,4,5.487655,200,98.955,479,
read_5,read,5,3,5.537519,200,62.865,479,
read_5,read,5,0,5.581345,200,38.872,479,
read_5,read,5,1,5.584389,200,50.452,479,
read_5,read,5,2,5.549024,200,89.043,479,
read_5,read,5,0,5.620265,200,31.149,479,
read_5,read,5,4,5.586656,200,94.402,479,
read_5,read,5,3,5.600454,200,81.517,479,
read_5,read,5,1,5.634889,200,51.162,479,
read_5,read,5,2,5.638114,200,62.698,479,
read_5,read,5,0,5.651461,200,78.961,479,
read_5,read,5,1,5.686099,200,51.332,479,
read_5,read,5,4,5.681106,200,62.877,479,
read_5,read,5,3,5.682037,200,77.354,479,
read_5,read,5,1,5.737497,200,45.03,479,
read_5,read,5,2,5.700864,200,95.607,479,
read_5,read,5,0,5.730472,200,66.823,479,
read_5,read,5,1,5.782578,200,36.559,479,
read_5,read,5,3,5.759444,200,86.972,479,
read_5,read,5,2,5.79652,200,53.515,479,
read_5,read,5,4,5.744052,200,107.804,479,
read_5,read,5,0,5.797356,200,74.297,479,
read_5,read,5,1,5.819187,200,75.897,479,
read_5,read,5,3,5.846465,200,55.235,479,
read_5,read,5,4,5.851923,200,56.405,479,
read_5,read,5,1,5.895136,200,37.924,479,
read_5,read,5,2,5.850084,200,89.281,479,
read_5,read,5,0,5.871714,200,82.546,479,
read_5,read,5,1,5.933111,200,43.926,479,
read_5,read,5,2,5.939449,200,45.545,479,
read_5,read,5,3,5.901749,200,87.993,479,
read_5,read,5,4,5.908394,200,95.393,479,
read_5,read,5,2,5.985044,200,29.944,479,
read_5,read,5,0,5.954308,200,95.051,479,
read_5,read,5,1,5.977107,200,79.911,479,
read_5,read,5,4,6.003834,200,62.65,479,
read_5,read,5,2,6.015037,200,56.513,479,
read_5,read,5,0,6.049407,200,41.059,479,
read_5,read,5,3,5.989822,200,103.371,479,
read_5,read,5,1,6.057084,200,58.587,479,
read_5,read,5,0,6.090537,200,50.561,479,
read_5,read,5,4,6.066533,200,85.615,479,
read_5,read,5,3,6.093242,200,59.4,479,
read_5,read,5,2,6.071613,200,103.008,479,
read_5,read,5,1,6.115742,200,68.937,479,
read_5,read,5,0,6.141147,200,58.785,479,
read_5,read,5,3,6.152723,200,55.21,479,
read_5,read,5,4,6.152222,200,68.789,479,
read_5,read,5,1,6.184763,200,52.144,479,
read_5,read,5,2,6.174714,200,78.052,479,
read_5,read,5,0,6.200004,200,69.401,479,
read_5,read,5,4,6.221077,200,53.713,479,
read_5,read,5,3,6.208022,200,85.414,479,
read_5,read,5,2,6.252823,200,57.864,479,
read_5,read,5,1,6.236955,200,89.697,479,
read_5,read,5,0,6.26946,200,57.828,479,
read_5,read,5,4,6.274853,200,71.042,479,
read_5,read,5,2,6.310766,200,36.164,479,
read_5,read,5,3,6.293483,200,74.444,479,
read_5,read,5,4,6.345966,200,46.929,479,
read_5,read,5,2,6.346991,200,48.021,479,
read_5,read,5,1,6.326725,200,76.212,479,
read_5,read,5,0,6.327354,200,88.562,479,
read_5,read,5,4,6.392959,200,42.425,479,
read_5,read,5,1,6.403003,200,45.495,479,
read_5,read,5,3,6.367973,200,81.991,479,
read_5,read,5,2,6.395059,200,70.521,479,
read_5,read,5,0,6.415981,200,62.299,479,
read_5,read,5,1,6.448546,200,55.023,479,
read_5,read,5,4,6.435434,200,68.522,479,
read_5,read,5,3,6.450011,200,62.623,479,
read_5,read,5,2,6.465628,200,60.201,479,
read_5,read,5,4,6.504002,200,52.661,479,
read_5,read,5,0,6.478336,200,82.614,479,
read_5,read,5,1,6.503617,200,57.783,479,
read_5,read,5,3,6.512697,200,63.079,479,
read_5,read,5,0,6.561028,200,33.381,479,
read_5,read,5,2,6.525893,200,88.783,479,
read_5,read,5,4,6.556837,200,59.663,479,
read_5,read,5,0,6.594472,200,29.252,479,
read_5,read,5,2,6.614724,200,29.761,479,
read_5,read,5,2,6.644535,200,24.037,479,
read_5,read,5,2,6.668619,200,24.38,479,
read_5,read,5,3,6.575844,200,134.882,479,
read_5,read,5,1,6.561455,200,149.611,479,
read_5,read,5,2,6.693046,200,30.125,479,
read_5,read,5,0,6.623774,200,124.157,479,
read_5,read,5,4,6.616564,200,144.434,479,
read_5,read,5,3,6.710776,200,51.809,479,
read_5,read,5,1,6.711116,200,63.798,479,
read_5,read,5,3,6.762648,200,56.271,479,
read_5,read,5,4,6.761072,200,58.321,479,
read_5,read,5,2,6.723238,200,100.975,479,
read_5,read,5,0,6.747978,200,87.608,479,
read_5,read,5,1,6.774962,200,98.864,479,
read_5,read,5,2,6.824517,200,61.022,479,
read_5,read,5,3,6.818985,200,69.88,479,
read_5,read,5,4,6.819465,200,85.008,479,
read_5,read,5,1,6.873912,200,60.828,479,
read_5,read,5,2,6.885589,200,58.496,479,
read_5,read,5,0,6.835652,200,108.921,479,
read_5,read,5,4,6.904541,200,62.596,479,
read_5,read,5,3,6.888942,200,115.314,479,
read_5,read,5,2,6.944152,200,66.734,479,
read_5,read,5,1,6.934788,200,76.544,479,
read_5,read,5,0,6.944637,200,92.539,479,
read_5,read,5,1,7.011373,200,68.872,479,
read_5,read,5,2,7.010953,200,69.837,479,
read_5,read,5,4,6.967187,200,128.847,479,
read_5,read,5,3,7.004323,200,102.753,479,
read_5,read,5,1,7.080325,200,61.795,479,
read_5,read,5,2,7.080859,200,68.774,479,
read_5,read,5,0,7.037227,200,124.253,479,
read_5,read,5,3,7.107161,200,72.106,479,
read_5,read,5,4,7.096083,200,118.381,479,
read_5,read,5,1,7.142193,200,84.171,479,
read_5,read,5,2,7.149687,200,84.243,479,
read_5,read,5,3,7.179319,200,72.335,479,
read_5,read,5,0,7.161546,200,117.704,479,
read_5,read,5,1,7.226416,200,71.945,479,
read_5,read,5,4,7.214541,200,100.162,479,
read_5,read,5,2,7.23398,200,99.047,479,
read_5,read,5,3,7.251736,200,101.993,479,
read_5,read,5,1,7.29844,200,71.187,479,
read_5,read,5,0,7.279326,200,112.387,479,
read_5,read,5,4,7.314773,200,82.218,479,
read_5,read,5,1,7.369681,200,34.111,479,
read_5,read,5,0,7.391796,200,50.542,479,
read_5,read,5,2,7.333101,200,115.53,479,
read_5,read,5,3,7.353793,200,99.513,479,
read_5,read,5,4,7.397042,200,61.479,479,
read_5,read,5,0,7.442387,200,34.177,479,
read_5,read,5,1,7.403843,200,87.629,479,
read_5,read,5,0,7.476612,200,29.052,479,
read_5,read,5,2,7.448686,200,65.004,479,
read_5,read,5,1,7.49152,200,47.052,479,
read_5,read,5,3,7.453371,200,87.514,479,
read_5,read,5,2,7.51374,200,49.804,479,
read_5,read,5,4,7.458568,200,111.132,479,
read_5,read,5,3,7.540958,200,46.525,479,
read_5,read,5,0,7.505736,200,104.371,479,
read_5,read,5,3,7.587564,200,30.934,479,
read_5,read,5,1,7.538654,200,91.992,479,
read_5,read,5,0,7.610158,200,39.257,479,
read_5,read,5,2,7.563593,200,100.864,479,
read_5,read,5,1,7.630695,200,43.58,479,
read_5,read,5,4,7.569774,200,124.681,479,
read_5,read,5,2,7.664524,200,32.361,479,
read_5,read,5,3,7.61857,200,95.686,479,
read_5,read,5,0,7.649465,200,97.415,479,
read_5,read,5,2,7.696932,200,55.136,479,
read_5,read,5,4,7.694504,200,62.464,479,
read_5,read,5,1,7.674327,200,92.035,479,
read_5,read,5,2,7.752152,200,35.139,479,
read_5,read,5,0,7.746929,200,57.707,479,
read_5,read,5,3,7.714307,200,93.513,479,
read_5,read,5,3,7.807902,200,44.383,479,
read_5,read,5,0,7.804685,200,51.322,479,
read_5,read,5,1,7.766412,200,94.881,479,
read_5,read,5,4,7.75705,200,107.911,479,
read_5,read,5,0,7.856076,200,43.512,479,
read_5,read,5,2,7.787381,200,125.39,479,
read_5,read,5,1,7.861364,200,52.76,479,
read_5,read,5,3,7.852342,200,65.739,479,
read_5,read,5,4,7.86501,200,86.44,479,
read_5,read,5,1,7.914167,200,50.253,479,
read_5,read,5,2,7.912832,200,54.559,479,
read_5,read,5,0,7.899635,200,70.522,479,
read_5,read,5,3,7.918146,200,96.372,479,
read_5,read,5,4,7.951497,200,67.259,479,
read_5,read,5,1,7.964478,200,65.474,479,
read_5,read,5,0,7.970222,200,65.984,479,
read_5,read,5,2,7.967443,200,110.792,479,
read_5,read,5,4,8.018829,200,64.918,479,
read_5,read,5,3,8.014566,200,75.819,479,
read_5,read,5,1,8.03001,200,66.13,479,
read_5,read,5,0,8.036254,200,96.5,479,
read_5,read,5,2,8.078284,200,65.431,479,
read_5,read,5,4,8.083799,200,63.119,479,
read_5,read,5,3,8.090464,200,57.471,479,
read_5,read,5,1,8.096215,200,89.457,479,
read_5,read,5,0,8.132826,200,63.709,479,
read_5,read,5,3,8.147977,200,49.933,479,
read_5,read,5,4,8.146974,200,54.353,479,
read_5,read,5,2,8.143768,200,91.027,479,
read_5,read,5,1,8.18572,200,68.378,479,
read_5,read,5,3,8.19798,200,56.89,479,
read_5,read,5,0,8.196585,200,62.797,479,
read_5,read,5,4,8.201375,200,74.727,479,
read_5,read,5,2,8.234866,200,65.193,479,
read_5,read,5,4,8.276153,200,24.346,479,
read_5,read,5,1,8.254381,200,57.415,479,
read_5,read,5,3,8.25493,200,90.347,479,
read_5,read,5,4,8.300549,200,53.168,479,
read_5,read,5,2,8.300126,200,55.329,479,
read_5,read,5,0,8.259454,200,102.532,479,
read_5,read,5,4,8.353779,200,42.564,479,
read_5,read,5,3,8.345327,200,57.059,479,
read_5,read,5,1,8.311845,200,95.703,479,
read_5,read,5,0,8.362036,200,49.794,479,
read_5,read,5,4,8.396392,200,53.343,479,
read_5,read,5,2,8.35552,200,95.173,479,
read_5,read,5,3,8.402458,200,55.044,479,
read_5,read,5,1,8.407646,200,55.421,479,
read_5,read,5,2,8.450755,200,28.307,479,
read_5,read,5,2,8.47911,200,22.558,479,
read_5,read,5,4,8.449781,200,57.781,479,
read_5,read,5,0,8.411897,200,96.597,479,
read_5,read,5,2,8.501715,200,48.805,479,
read_5,read,5,4,8.50761,200,47.463,479,
read_5,read,5,3,8.457576,200,99.547,479,
read_5,read,5,1,8.463114,200,95.763,479,
read_5,read,5,2,8.550609,200,35.04,479,
read_5,read,5,4,8.555232,200,48.69,479,
read_5,read,5,0,8.50856,200,95.938,479,
read_5,read,5,2,8.585698,200,32.354,479,
read_5,read,5,4,8.603995,200,44.545,479,
read_5,read,5,3,8.557238,200,97.927,479,
read_5,read,5,1,8.558923,200,97.561,479,
read_5,read,5,0,8.604574,200,71.303,479,
read_5,read,5,2,8.618104,200,87.994,479,
read_5,read,5,1,8.656554,200,50.634,479,
read_5,read,5,4,8.648588,200,62.137,479,
read_5,read,5,3,8.655231,200,67.69,479,
read_5,read,5,0,8.675926,200,80.677,479,
read_5,read,5,1,8.707261,200,50.238,479,
read_5,read,5,2,8.706223,200,61.236,479,
read_5,read,5,3,8.722971,200,48.302,479,
read_5,read,5,0,8.756683,200,36.335,479,
read_5,read,5,4,8.7108,200,94.642,479,
read_5,read,5,1,8.757553,200,54.253,479,
read_5,read,5,0,8.793107,200,36.796,479,
read_5,read,5,2,8.767507,200,81.323,479,
read_5,read,5,4,8.805489,200,51.637,479,
read_5,read,5,3,8.771373,200,92.89,479,
read_5,read,5,1,8.811856,200,60.159,479,
read_5,read,5,1,8.872094,200,21.979,479,
read_5,read,5,0,8.829968,200,68.162,479,
read_5,read,5,2,8.848903,200,59.025,479,
read_5,read,5,1,8.89413,200,39.5,479,
read_5,read,5,3,8.864309,200,84.25,479,
read_5,read,5,0,8.898197,200,53.415,479,
read_5,read,5,4,8.857174,200,95.67,479,
read_5,read,5,2,8.907973,200,82.835,479,
read_5,read,5,3,8.948626,200,47.584,479,
read_5,read,5,1,8.933678,200,65.701,479,
read_5,read,5,0,8.951666,200,53.545,479,
read_5,read,5,2,8.990872,200,46.017,479,
read_5,read,5,3,8.996275,200,50.133,479,
read_5,read,5,1,8.999426,200,48.567,479,
read_5,read,5,4,8.952905,200,97.572,479,
read_5,read,5,0,9.005261,200,74.649,479,
read_5,read,5,4,9.050523,200,41.789,479,
read_5,read,5,3,9.046455,200,49.303,479,
read_5,read,5,2,9.036998,200,61.728,479,
read_5,read,5,3,9.095876,200,43.913,479,
read_5,read,5,1,9.048038,200,92.133,479,
read_5,read,5,0,9.080033,200,61.063,479,
read_5,read,5,4,9.092357,200,50.839,479,
read_5,read,5,0,9.141142,200,43.193,479,
read_5,read,5,2,9.098773,200,92.406,479,
read_5,read,5,1,9.14023,200,52.289,479,
read_5,read,5,3,9.139836,200,57.829,479,
read_5,read,5,0,9.184383,200,47.428,479,
read_5,read,5,4,9.143263,200,89.941,479,
read_5,read,5,2,9.191229,200,52.285,479,
read_5,read,5,1,9.192578,200,55.553,479,
read_5,read,5,3,9.197712,200,85.353,479,
read_5,read,5,4,9.233251,200,60.009,479,
read_5,read,5,0,9.231858,200,62.813,479,
read_5,read,5,2,9.24357,200,52.654,479,
read_5,read,5,1,9.248206,200,84.467,479,
read_5,read,5,2,9.296269,200,48.745,479,
read_5,read,5,4,9.293327,200,52.124,479,
read_5,read,5,3,9.283134,200,68.138,479,
read_5,read,5,1,9.33274,200,80.391,479,
read_5,read,5,0,9.294717,200,133.669,479,
read_5,read,5,4,9.345501,200,84.809,479,
read_5,read,5,2,9.345093,200,93.054,479,
read_5,read,5,1,9.413203,200,88.81,479,
read_5,read,5,3,9.351324,200,166.017,479,
read_5,read,5,2,9.438215,200,79.706,479,
read_5,read,5,0,9.428464,200,114.109,479,
read_5,read,5,3,9.517422,200,49.327,479,
read_5,read,5,4,9.430378,200,154.175,479,
read_5,read,5,1,9.502083,200,139.425,479,
read_5,read,5,0,9.542645,200,106.891,479,
read_5,read,5,3,9.566829,200,97.407,479,
read_5,read,5,2,9.517985,200,156.446,479,
read_5,read,5,4,9.584623,200,100.067,479,
read_5,read,5,1,9.641598,200,59.565,479,
read_5,read,5,1,9.701225,200,28.709,479,
read_5,read,5,0,9.649586,200,80.688,479,
read_5,read,5,3,9.664286,200,91.743,479,
read_5,read,5,1,9.729983,200,92.742,479,
read_5,read,5,0,9.730314,200,92.918,479,
read_5,read,5,2,9.6745,200,168.355,479,
read_5,read,5,4,9.684788,200,213.127,479,
read_5,read,5,1,9.822809,200,111.07,479,
read_5,read,5,0,9.823308,200,111.079,479,
read_5,read,5,3,9.756098,200,232.454,479,
read_5,read,5,2,9.842921,200,155.748,479,
read_5,read,5,4,9.897984,200,147.732,479,
read_5,read,5,0,9.934443,200,113.761,479,
read_5,read,5,1,9.933947,200,114.838,479,
read_5,read,5,2,9.998722,200,115.201,479,
read_5,read,5,3,9.988638,200,127.659,479,
read_5,read,5,4,10.045772,200,77.826,479,
read_5,read,5,0,10.048281,200,76.54,479,
read_5,read,5,3,10.116376,200,60.702,479,
read_5,read,5,1,10.048851,200,135.111,479,
read_5,read,5,4,10.123649,200,60.845,479,
read_5,read,5,2,10.114008,200,77.258,479,
read_5,read,5,0,10.124873,200,107.239,479,
read_5,read,5,4,10.184549,200,52.902,479,
read_5,read,5,3,10.177169,200,63.608,479,
read_5,read,5,2,10.19135,200,55.599,479,
read_5,read,5,0,10.232165,200,36.393,479,
read_5,read,5,1,10.18404,200,102.768,479,
read_5,read,5,4,10.237519,200,54.838,479,
read_5,read,5,0,10.268635,200,34.666,479,
read_5,read,5,2,10.247016,200,87.002,479,
read_5,read,5,3,10.240832,200,102.126,479,
read_5,read,5,1,10.286882,200,57.864,479,
read_5,read,5,4,10.292406,200,62.118,479,
read_5,read,5,2,10.334066,200,52.307,479,
read_5,read,5,1,10.344807,200,47.714,479,
read_5,read,5,0,10.303352,200,91.901,479,
read_5,read,5,3,10.343032,200,60.126,479,
read_5,read,5,1,10.39257,200,44.455,479,
read_5,read,5,0,10.395352,200,53.613,479,
read_5,read,5,2,10.386449,200,64.198,479,
read_5,read,5,4,10.354576,200,97.129,479,
read_5,read,5,3,10.403234,200,73.163,479,
read_5,read,5,1,10.437076,200,55.311,479,
read_5,read,5,0,10.449013,200,51.317,479,
read_5,read,5,3,10.476448,200,28.033,479,
read_5,read,5,0,10.500402,200,25.013,479,
read_5,read,5,2,10.450738,200,90.498,479,
read_5,read,5,4,10.451856,200,96.385,479,
read_5,read,5,0,10.525464,200,30.729,479,
read_5,read,5,2,10.541295,200,48.299,479,
read_5,read,5,3,10.504529,200,85.835,479,
read_5,read,5,1,10.492435,200,103.711,479,
read_5,read,5,4,10.548304,200,63.113,479,
read_5,read,5,3,10.590432,200,59.993,479,
read_5,read,5,0,10.556243,200,94.572,479,
read_5,read,5,2,10.589683,200,61.557,479,
read_5,read,5,4,10.61149,200,50.671,479,
read_5,read,5,1,10.596278,200,94.132,479,
read_5,read,5,2,10.651289,200,50.922,479,
read_5,read,5,0,10.650872,200,54.618,479,
read_5,read,5,3,10.650476,200,57.828,479,
read_5,read,5,1,10.690457,200,42.357,479,
read_5,read,5,4,10.662208,200,91.288,479,
read_5,read,5,2,10.702278,200,54.857,479,
read_5,read,5,3,10.708347,200,49.321,479,
read_5,read,5,1,10.732943,200,59.368,479,
read_5,read,5,4,10.753565,200,50.247,479,
read_5,read,5,0,10.705579,200,98.629,479,
read_5,read,5,2,10.7572,200,51.049,479,
read_5,read,5,3,10.757722,200,81.053,479,
read_5,read,5,1,10.792358,200,48.484,479,
read_5,read,5,4,10.803877,200,50.776,479,
read_5,read,5,2,10.808326,200,59.02,479,
read_5,read,5,3,10.838823,200,47.791,479,
read_5,read,5,0,10.804249,200,90.124,479,
read_5,read,5,1,10.8409,200,66.864,479,
read_5,read,5,4,10.8547,200,53.602,479,
read_5,read,5,2,10.867392,200,72.053,479,
read_5,read,5,1,10.907827,200,48.257,479,
read_5,read,5,3,10.886683,200,72.975,479,
read_5,read,5,4,10.908368,200,52.027,479,
read_5,read,5,0,10.894448,200,92.365,479,
read_5,read,5,2,10.939513,200,60.502,479,
read_5,read,5,4,10.960462,200,50.81,479,
read_5,read,5,1,10.956132,200,60.745,479,
read_5,read,5,3,10.959733,200,70.491,479,
read_5,read,5,2,11.000078,200,48.806,479,
read_5,read,5,0,10.986883,200,82.319,479,
read_5,read,5,3,11.03027,200,47.087,479,
read_5,read,5,4,11.011341,200,66.357,479,
read_5,read,5,1,11.016924,200,76.342,479,
read_5,read,5,2,11.04894,200,70.891,479,
read_5,read,5,3,11.077406,200,49.513,479,
read_5,read,5,4,11.077737,200,53.496,479,
read_5,read,5,0,11.069267,200,78.609,479,
read_5,read,5,2,11.119902,200,55.179,479,
read_5,read,5,1,11.093318,200,86.374,479,
read_5,read,5,4,11.131279,200,55.145,479,
read_5,read,5,3,11.126985,200,76.63,479,
read_5,read,5,0,11.147925,200,78.519,479,
read_5,read,5,2,11.17513,200,54.309,479,
read_5,read,5,4,11.186497,200,50.588,479,
read_5,read,5,1,11.179743,200,79.298,479,
read_5,read,5,4,11.23715,200,28.836,479,
read_5,read,5,3,11.203675,200,73.827,479,
read_5,read,5,1,11.259104,200,45.625,479,
read_5,read,5,0,11.226492,200,81.896,479,
read_5,read,5,4,11.266062,200,50.711,479,
read_5,read,5,2,11.229488,200,98.543,479,
read_5,read,5,3,11.277547,200,83.425,479,
read_5,read,5,0,11.308445,200,57.871,479,
read_5,read,5,1,11.304778,200,67.963,479,
read_5,read,5,4,11.316822,200,60.056,479,
read_5,read,5,2,11.328098,200,71.779,479,
read_5,read,5,1,11.372788,200,46.545,479,
read_5,read,5,3,11.361092,200,60.689,479,
read_5,read,5,0,11.366364,200,55.962,479,
read_5,read,5,4,11.376926,200,75.22,479,
read_5,read,5,2,11.399925,200,69.243,479,
read_5,read,5,1,11.419436,200,56.04,479,
read_5,read,5,3,11.421918,200,55.42,479,
read_5,read,5,0,11.422416,200,75.889,479,
read_5,read,5,4,11.452469,200,69.898,479,
read_5,read,5,2,11.469232,200,57.649,479,
read_5,read,5,1,11.475524,200,52.131,479,
read_5,read,5,0,11.498369,200,47.961,479,
read_5,read,5,3,11.47741,200,99.506,479,
read_5,read,5,4,11.522444,200,59.413,479,
read_5,read,5,2,11.52693,200,64.934,479,
read_5,read,5,1,11.527695,200,76.591,479,
read_5,read,5,4,11.581906,200,45.153,479,
read_5,read,5,2,11.591937,200,84.416,479,
read_5,read,5,0,11.546377,200,147.563,479,
read_5,read,5,3,11.576987,200,125.912,479,
read_5,read,5,4,11.627127,200,96.324,479,
read_5,read,5,1,11.604357,200,143.258,479,
read_5,read,5,2,11.676416,200,72.674,479,
read_5,read,5,3,11.702969,200,64.432,479,
read_5,read,5,0,11.694007,200,101.322,479,
read_5,read,5,4,11.723522,200,87.875,479,
read_5,read,5,1,11.74768,200,70.75,479,
read_5,read,5,2,11.74915,200,87.139,479,
read_5,read,5,4,11.811475,200,44.411,479,
read_5,read,5,2,11.836342,200,42.089,479,
read_5,read,5,3,11.767485,200,120.896,479,
read_5,read,5,0,11.795411,200,106.331,479,
read_5,read,5,2,11.878505,200,55.801,479,
read_5,read,5,1,11.818498,200,127.959,479,
read_5,read,5,3,11.88847,200,68.555,479,
read_5,read,5,4,11.85596,200,109.642,479,
read_5,read,5,0,11.901814,200,98.401,479,
read_5,read,5,2,11.934376,200,82.403,479,
read_5,read,5,1,11.946537,200,73.195,479,
read_5,read,5,3,11.957123,200,72.662,479,
read_5,read,5,0,12.000329,200,73.227,479,
read_5,read,5,4,11.96567,200,118.988,479,
read_5,read,5,2,12.01683,200,77.337,479,
read_5,read,5,1,12.019802,200,84.107,479,
read_5,read,5,4,12.08474,200,43.317,479,
read_5,read,5,3,12.029854,200,109.142,479,
read_5,read,5,0,12.073632,200,85.951,479,
read_5,read,5,4,12.128108,200,45.183,479,
read_5,read,5,3,12.13905,200,54.527,479,
read_5,read,5,2,12.094256,200,111.234,479,
read_5,read,5,1,12.103991,200,118.403,479,
read_5,read,5,3,12.193628,200,30.09,479,
read_5,read,5,1,12.222443,200,26.824,479,
read_5,read,5,0,12.159651,200,105.94,479,
read_5,read,5,4,12.173386,200,101.951,479,
read_5,read,5,1,12.249317,200,35.619,479,
read_5,read,5,0,12.265641,200,49.898,479,
read_5,read,5,2,12.205542,200,120.215,479,
read_5,read,5,3,12.223765,200,108.121,479,
read_5,read,5,4,12.275394,200,62.005,479,
read_5,read,5,0,12.315608,200,53.641,479,
read_5,read,5,1,12.285007,200,86.422,479,
read_5,read,5,4,12.337471,200,52.413,479,
read_5,read,5,2,12.325818,200,66.202,479,
read_5,read,5,0,12.369299,200,38.96,479,
read_5,read,5,3,12.331959,200,91.501,479,
read_5,read,5,0,12.408332,200,32.846,479,
read_5,read,5,1,12.371495,200,70.066,479,
read_5,read,5,3,12.423509,200,45.683,479,
read_5,read,5,4,12.389932,200,85.776,479,
read_5,read,5,1,12.441601,200,47.332,479,
read_5,read,5,2,12.392118,200,103.513,479,
read_5,read,5,1,12.488983,200,26.381,479,
read_5,read,5,0,12.441265,200,93.883,479,
read_5,read,5,1,12.51541,200,26.006,479,
read_5,read,5,3,12.469259,200,75.533,479,
read_5,read,5,1,12.541483,200,26.07,479,
read_5,read,5,2,12.49568,200,96.774,479,
read_5,read,5,4,12.475763,200,117.357,479,
read_5,read,5,1,12.567625,200,26.077,479,
read_5,read,5,4,12.593191,200,45.739,479,
read_5,read,5,3,12.544854,200,94.377,479,
read_5,read,5,0,12.535231,200,104.353,479,
read_5,read,5,2,12.592516,200,47.75,479,
read_5,read,5,4,12.63898,200,45.197,479,
read_5,read,5,3,12.639264,200,45.935,479,
read_5,read,5,0,12.639637,200,46.056,479,
read_5,read,5,1,12.593759,200,92.87,479,
read_5,read,5,2,12.640323,200,88.04,479,
read_5,read,5,4,12.684251,200,46.513,479,
read_5,read,5,3,12.68527,200,52.512,479,
read_5,read,5,1,12.6867,200,52.092,479,
read_5,read,5,2,12.728412,200,40.758,479,
read_5,read,5,4,12.730813,200,51.587,479,
read_5,read,5,0,12.685805,200,97.434,479,
read_5,read,5,3,12.73786,200,51.858,479,
read_5,read,5,4,12.782466,200,44.229,479,
read_5,read,5,0,12.783299,200,48.233,479,
read_5,read,5,1,12.738881,200,96.121,479,
read_5,read,5,2,12.769255,200,71.872,479,
read_5,read,5,4,12.826743,200,47.708,479,
read_5,read,5,3,12.789794,200,90.811,479,
read_5,read,5,0,12.83161,200,54.537,479,
read_5,read,5,2,12.841198,200,55.39,479,
read_5,read,5,4,12.874499,200,52.856,479,
read_5,read,5,1,12.835051,200,94.686,479,
read_5,read,5,3,12.880662,200,59.128,479,
read_5,read,5,0,12.886196,200,57.813,479,
read_5,read,5,1,12.929811,200,45.841,479,
read_5,read,5,2,12.896639,200,82.469,479,
read_5,read,5,4,12.927402,200,61.71,479,
read_5,read,5,3,12.93987,200,53.576,479,
read_5,read,5,2,12.979155,200,49.824,479,
read_5,read,5,0,12.944071,200,87.023,479,
read_5,read,5,4,12.989187,200,49.358,479,
read_5,read,5,1,12.975706,200,66.066,479,
read_5,read,5,3,12.993494,200,81.266,479,
read_5,read,5,4,13.038617,200,47.412,479,
read_5,read,5,1,13.041844,200,47.339,479,
read_5,read,5,2,13.029027,200,63.276,479,
read_5,read,5,0,13.031138,200,95.085,479,
read_5,read,5,2,13.092356,200,46.414,479,
read_5,read,5,1,13.089267,200,52.456,479,
read_5,read,5,3,13.074807,200,72.836,479,
read_5,read,5,4,13.086077,200,93.067,479,
read_5,read,5,0,13.126294,200,66.955,479,
read_5,read,5,2,13.138818,200,55.098,479,
read_5,read,5,1,13.141777,200,61.921,479,
read_5,read,5,4,13.179193,200,61.255,479,
read_5,read,5,3,13.147698,200,109.259,479,
read_5,read,5,2,13.193976,200,71.57,479,
read_5,read,5,0,13.193327,200,75.341,479,
read_5,read,5,2,13.265614,200,29.208,479,
read_5,read,5,1,13.203784,200,98.786,479,
read_5,read,5,4,13.240517,200,83.731,479,
read_5,read,5,2,13.294871,200,49.38,479,
read_5,read,5,3,13.257031,200,103.73,479,
read_5,read,5,1,13.302628,200,61.045,479,
read_5,read,5,0,13.26874,200,110.362,479,
read_5,read,5,4,13.324297,200,82.796,479,
read_5,read,5,3,13.360866,200,53.029,479,
read_5,read,5,2,13.344314,200,74.229,479,
read_5,read,5,0,13.379151,200,49.845,479,
read_5,read,5,1,13.363757,200,97.105,479,
read_5,read,5,4,13.407143,200,54.562,479,
read_5,read,5,3,13.41395,200,49.073,479,
read_5,read,5,0,13.429045,200,60.812,479,
read_5,read,5,1,13.460951,200,51.523,479,
read_5,read,5,2,13.418611,200,94.218,479,
read_5,read,5,4,13.461766,200,52.145,479,
read_5,read,5,3,13.463068,200,73.498,479,
read_5,read,5,2,13.512869,200,27.1,479,
read_5,read,5,0,13.489904,200,69.568,479,
read_5,read,5,2,13.540015,200,27.256,479,
read_5,read,5,1,13.512552,200,70.947,479,
read_5,read,5,0,13.559538,200,33.171,479,
read_5,read,5,1,13.583578,200,28.235,479,
read_5,read,5,4,13.513957,200,98.273,479,
read_5,read,5,3,13.536613,200,101.059,479,
read_5,read,5,1,13.611861,200,26.142,479,
read_5,read,5,2,13.567454,200,101.301,479,
read_5,read,5,0,13.592756,200,86.263,479,
read_5,read,5,3,13.637743,200,50.275,479,
read_5,read,5,1,13.638051,200,54.747,479,
read_5,read,5,4,13.612286,200,96.858,479,
read_5,read,5,2,13.668828,200,66.525,479,
read_5,read,5,0,13.679068,200,61.354,479,
read_5,read,5,3,13.688081,200,56.346,479,
read_5,read,5,1,13.692846,200,65.076,479,
read_5,read,5,4,13.709209,200,64.206,479,
read_5,read,5,2,13.73542,200,62.404,479,
read_5,read,5,0,13.740491,200,63.674,479,
read_5,read,5,3,13.744472,200,60.364,479,
read_5,read,5,1,13.757976,200,59.474,479,
read_5,read,5,4,13.773463,200,73.528,479,
read_5,read,5,0,13.804238,200,49.251,479,
read_5,read,5,2,13.797871,200,64.684,479,
read_5,read,5,1,13.817498,200,51.849,479,
read_5,read,5,3,13.804902,200,95.442,479,
read_5,read,5,4,13.847075,200,57.991,479,
read_5,read,5,0,13.853535,200,52.588,479,
read_5,read,5,2,13.862602,200,54.572,479,
read_5,read,5,4,13.905137,200,32.685,479,
read_5,read,5,1,13.869392,200,78.421,479,
read_5,read,5,3,13.90041,200,59.309,479,
read_5,read,5,4,13.937869,200,46.439,479,
read_5,read,5,1,13.947886,200,52.674,479,
read_5,read,5,0,13.906197,200,96.226,479,
read_5,read,5,2,13.917235,200,92.687,479,
read_5,read,5,3,13.959784,200,71.034,479,
read_5,read,5,4,13.984392,200,67.54,479,
read_5,read,5,1,14.000608,200,58.39,479,
read_5,read,5,2,14.009976,200,62.625,479,
read_5,read,5,0,14.002481,200,77.565,479,
read_5,read,5,3,14.030893,200,69.168,479,
read_5,read,5,4,14.05201,200,75.203,479,
read_5,read,5,2,14.072675,200,59.412,479,
read_5,read,5,1,14.059063,200,75.463,479,
read_5,read,5,0,14.080126,200,67.84,479,
read_5,read,5,3,14.100133,200,74.461,479,
read_5,read,5,4,14.127301,200,58.231,479,
read_5,read,5,2,14.132177,200,53.901,479,
read_5,read,5,1,14.134574,200,66.945,479,
read_5,read,5,0,14.148013,200,83.768,479,
read_5,read,5,3,14.174641,200,72.742,479,
read_5,read,5,2,14.186169,200,65.04,479,
read_5,read,5,1,14.201595,200,60.335,479,
read_5,read,5,4,14.185616,200,98.331,479,
read_5,read,5,0,14.231849,200,73.806,479,
read_5,read,5,2,14.251259,200,56.023,479,
read_5,read,5,3,14.247433,200,67.805,479,
read_5,read,5,1,14.261979,200,67.579,479,
read_5,read,5,2,14.307354,200,31.73,479,
read_5,read,5,4,14.283998,200,76.473,479,
read_5,read,5,2,14.339133,200,23.997,479,
read_5,read,5,4,14.360528,200,24.732,479,
read_5,read,5,0,14.305702,200,80.038,479,
read_5,read,5,4,14.385342,200,38.394,479,
read_5,read,5,0,14.3858,200,48.35,479,
read_5,read,5,3,14.315324,200,145.462,479,
read_5,read,5,1,14.329628,200,142.545,479,
read_5,read,5,4,14.423783,200,50.108,479,
read_5,read,5,0,14.434217,200,54.191,479,
read_5,read,5,2,14.363182,200,152.638,479,
read_5,read,5,3,14.460833,200,59.903,479,
read_5,read,5,4,14.473944,200,50.366,479,
read_5,read,5,1,14.472239,200,67.488,479,
read_5,read,5,3,14.520804,200,48.275,479,
read_5,read,5,0,14.488456,200,81.002,479,
read_5,read,5,2,14.515891,200,56.182,479,
read_5,read,5,4,14.524367,200,66.811,479,
read_5,read,5,3,14.569125,200,46.297,479,
read_5,read,5,2,14.572118,200,44.945,479,
read_5,read,5,1,14.539771,200,79.911,479,
read_5,read,5,0,14.569509,200,69.641,479,
read_5,read,5,3,14.615492,200,43.573,479,
read_5,read,5,4,14.591223,200,75.562,479,
read_5,read,5,2,14.617132,200,53.86,479,
read_5,read,5,3,14.659112,200,48.116,479,
read_5,read,5,1,14.61977,200,88.601,479,
read_5,read,5,4,14.666868,200,49.837,479,
read_5,read,5,0,14.639221,200,82.316,479,
read_5,read,5,3,14.707274,200,49.713,479,
read_5,read,5,2,14.671067,200,91.522,479,
read_5,read,5,1,14.708413,200,60.264,479,
read_5,read,5,4,14.716835,200,53.147,479,
read_5,read,5,3,14.757035,200,52.7,479,
read_5,read,5,2,14.762649,200,47.436,479,
read_5,read,5,1,14.768727,200,44.064,479,
read_5,read,5,0,14.721601,200,95.42,479,
read_5,read,5,3,14.809799,200,45.324,479,
read_5,read,5,4,14.770028,200,91.568,479,
read_5,read,5,2,14.810124,200,51.863,479,
read_5,read,5,0,14.817087,200,46.606,479,
read_5,read,5,4,14.861642,200,42.669,479,
read_5,read,5,3,14.85517,200,50.359,479,
read_5,read,5,1,14.812835,200,93.355,479,
read_5,read,5,2,14.862027,200,48.586,479,
read_5,read,5,1,14.906249,200,46.86,479,
read_5,read,5,3,14.905583,200,47.861,479,
read_5,read,5,4,14.904373,200,50.516,479,
read_5,read,5,0,14.863738,200,96.49,479,
read_5,read,5,1,14.953173,200,50.413,479,
read_5,read,5,3,14.953483,200,51.947,479,
read_5,read,5,2,14.910676,200,98.767,479,
read_5,read,5,4,14.954953,200,55.705,479,
read_5,read,5,3,15.005494,200,57.88,479,
read_5,read,5,0,14.960294,200,104.912,479,
read_5,read,5,1,15.003656,200,65.094,479,
read_5,read,5,2,15.0095,200,62.601,479,
read_5,read,5,4,15.010704,200,99.149,479,
read_5,read,5,1,15.068814,200,50.289,479,
read_5,read,5,3,15.063422,200,57.571,479,
read_5,read,5,2,15.072177,200,51.694,479,
read_5,read,5,0,15.065306,200,91.908,479,
read_5,read,5,4,15.109901,200,55.809,479,
read_5,read,5,2,15.123916,200,46.616,479,
read_5,read,5,1,15.119175,200,59.095,479,
read_5,read,5,3,15.121039,200,75.067,479,
read_5,read,5,2,15.170598,200,40.673,479,
read_5,read,5,1,15.178317,200,44.999,479,
read_5,read,5,0,15.157261,200,82.574,479,
read_5,read,5,4,15.165769,200,83.693,479,
read_5,read,5,3,15.196153,200,65.142,479,
read_5,read,5,1,15.223387,200,58.196,479,
read_5,read,5,2,15.211318,200,80.814,479,
read_5,read,5,0,15.239881,200,58.841,479,
read_5,read,5,4,15.249513,200,67.661,479,
read_5,read,5,1,15.281665,200,38.314,479,
read_5,read,5,3,15.261343,200,70.161,479,
read_5,read,5,1,15.320043,200,30.372,479,
read_5,read,5,2,15.292179,200,70.563,479,
read_5,read,5,0,15.298824,200,79.756,479,
read_5,read,5,3,15.331572,200,52.454,479,
read_5,read,5,1,15.350464,200,46.517,479,
read_5,read,5,4,15.317231,200,97.459,479,
read_5,read,5,1,15.397057,200,26.895,479,
read_5,read,5,2,15.36279,200,66.473,479,
read_5,read,5,4,15.414761,200,37.588,479,
read_5,read,5,0,15.37863,200,86.524,479,
read_5,read,5,2,15.42931,200,42.902,479,
read_5,read,5,3,15.384102,200,93.371,479,
read_5,read,5,0,15.465227,200,43.656,479,
read_5,read,5,1,15.423999,200,88.361,479,
read_5,read,5,2,15.472259,200,47.942,479,
read_5,read,5,4,15.452401,200,83.389,479,
read_5,read,5,3,15.47754,200,78.462,479,
read_5,read,5,0,15.508932,200,82.614,479,
read_5,read,5,2,15.520264,200,71.706,479,
read_5,read,5,1,15.512405,200,91.609,479,
read_5,read,5,4,15.535837,200,103.526,479,
read_5,read,5,2,15.592035,200,52.056,479,
read_5,read,5,0,15.591648,200,52.865,479,
read_5,read,5,1,15.604062,200,65.377,479,
read_5,read,5,3,15.556069,200,115.999,479,
read_5,read,5,4,15.639462,200,44.934,479,
read_5,read,5,1,15.669517,200,43.735,479,
read_5,read,5,3,15.672115,200,54.781,479,
read_5,read,5,2,15.644139,200,88.209,479,
read_5,read,5,0,15.644563,200,92.389,479,
read_5,read,5,4,15.684448,200,74.266,479,
read_5,read,5,3,15.726946,200,55.288,479,
read_5,read,5,1,15.713303,200,75.555,479,
read_5,read,5,2,15.732413,200,56.891,479,
read_5,read,5,4,15.758765,200,54.595,479,
read_5,read,5,0,15.737006,200,100.581,479,
read_5,read,5,1,15.788936,200,52.334,479,
read_5,read,5,3,15.78238,200,62.635,479,
read_5,read,5,4,15.813411,200,51.315,479,
read_5,read,5,2,15.789372,200,89.762,479,
read_5,read,5,3,15.84508,200,48.204,479,
read_5,read,5,0,15.837634,200,57.365,479,
read_5,read,5,3,15.893332,200,26.013,479,
read_5,read,5,1,15.841343,200,82.723,479,
read_5,read,5,4,15.864804,200,77.275,479,
read_5,read,5,3,15.919394,200,24.391,479,
read_5,read,5,2,15.879182,200,95.485,479,
read_5,read,5,0,15.895067,200,96.917,479,
read_5,read,5,3,15.943829,200,50.519,479,
read_5,read,5,4,15.94213,200,57.722,479,
read_5,read,5,1,15.924115,200,87.507,479,
read_5,read,5,1,16.011674,200,25.091,479,
read_5,read,5,2,15.974714,200,70.758,479,
read_5,read,5,0,15.992068,200,56.089,479,
read_5,read,5,1,16.036814,200,50.784,479,
read_5,read,5,2,16.045521,200,57.138,479,
read_5,read,5,3,15.99441,200,111.823,479,
read_5,read,5,4,15.999901,200,112.47,479,
read_5,read,5,0,16.048226,200,91.303,479,
read_5,read,5,4,16.11244,200,40.756,479,
read_5,read,5,1,16.087647,200,72.52,479,
read_5,read,5,2,16.102728,200,65.06,479,
read_5,read,5,4,16.153246,200,33.088,479,
read_5,read,5,0,16.139578,200,71.631,479,
read_5,read,5,3,16.106285,200,106.361,479,
read_5,read,5,2,16.167837,200,52.787,479,
read_5,read,5,4,16.18642,200,47.972,479,
read_5,read,5,1,16.160218,200,82.155,479,
read_5,read,5,1,16.242422,200,23.081,479,
read_5,read,5,3,16.212694,200,71.386,479,
read_5,read,5,0,16.21126,200,73.28,479,
read_5,read,5,1,16.265551,200,38.37,479,
read_5,read,5,4,16.234438,200,102.77,479,
read_5,read,5,2,16.22067,200,120.253,479,
read_5,read,5,3,16.284146,200,70.262,479,
read_5,read,5,0,16.284617,200,81.094,479,
read_5,read,5,2,16.340987,200,44.172,479,
read_5,read,5,1,16.304011,200,101.054,479,
read_5,read,5,3,16.354458,200,56.649,479,
read_5,read,5,4,16.337279,200,81.386,479,
read_5,read,5,2,16.385207,200,53.2,479,
read_5,read,5,0,16.365782,200,89.824,479,
read_5,read,5,1,16.405114,200,54.372,479,
read_5,read,5,3,16.41117,200,64.859,479,
read_5,read,5,4,16.418714,200,72.645,479,
read_5,read,5,2,16.438457,200,53.686,479,
read_5,read,5,4,16.491482,200,25.657,479,
read_5,read,5,0,16.455681,200,64.572,479,
read_5,read,5,1,16.45957,200,78.284,479,
read_5,read,5,4,16.517187,200,47.274,479,
read_5,read,5,0,16.5203,200,50.102,479,
read_5,read,5,3,16.476077,200,98.508,479,
read_5,read,5,2,16.492183,200,97.851,479,
read_5,read,5,3,16.574633,200,35.779,479,
read_5,read,5,4,16.56454,200,57.253,479,
read_5,read,5,1,16.537944,200,87.643,479,
read_5,read,5,3,16.610461,200,32.224,479,
read_5,read,5,2,16.590192,200,78.285,479,
read_5,read,5,0,16.570464,200,103.543,479,
read_5,read,5,4,16.621843,200,59.586,479,
read_5,read,5,3,16.64274,200,53.442,479,
read_5,read,5,1,16.625636,200,87.358,479,
read_5,read,5,0,16.674079,200,40.849,479,
read_5,read,5,2,16.668526,200,60.826,479,
read_5,read,5,4,16.681508,200,77.654,479,
read_5,read,5,1,16.713061,200,48.304,479,
read_5,read,5,0,16.715006,200,51.685,479,
read_5,read,5,3,16.696244,200,87.566,479,
read_5,read,5,2,16.7294,200,81.311,479,
read_5,read,5,1,16.761414,200,50.668,479,
read_5,read,5,4,16.75921,200,53.779,479,
read_5,read,5,0,16.766738,200,62.606,479,
read_5,read,5,2,16.810776,200,36.532,479,
read_5,read,5,3,16.783863,200,74.59,479,
read_5,read,5,1,16.812242,200,48.29,479,
read_5,read,5,2,16.847377,200,34.334,479,
read_5,read,5,3,16.858501,200,44.271,479,
read_5,read,5,4,16.81323,200,91.007,479,
read_5,read,5,0,16.829406,200,80.611,479,
read_5,read,5,2,16.881779,200,43.663,479,
read_5,read,5,0,16.910067,200,34.102,479,
read_5,read,5,1,16.860576,200,95.107,479,
read_5,read,5,3,16.902843,200,58.018,479,
read_5,read,5,0,16.944248,200,42.718,479,
read_5,read,5,4,16.904282,200,92.351,479,
read_5,read,5,2,16.925505,200,83.666,479,
read_5,read,5,1,16.955732,200,63.646,479,
read_5,read,5,2,17.009217,200,27.687,479,
read_5,read,5,3,16.96091,200,76.598,479,
read_5,read,5,0,16.987015,200,85.548,479,
read_5,read,5,2,17.036971,200,41.256,479,
read_5,read,5,4,16.996702,200,88.458,479,
read_5,read,5,3,17.037549,200,59.736,479,
read_5,read,5,1,17.019425,200,102.22,479,
read_5,read,5,0,17.072629,200,60.302,479,
read_5,read,5,3,17.09736,200,44.959,479,
read_5,read,5,2,17.078297,200,72.12,479,
read_5,read,5,1,17.121692,200,53.816,479,
read_5,read,5,4,17.08523,200,101.305,479,
read_5,read,5,3,17.142368,200,48.552,479,
read_5,read,5,0,17.132976,200,65.604,479,
read_5,read,5,4,17.186582,200,49.411,479,
read_5,read,5,3,17.191011,200,50.864,479,
read_5,read,5,1,17.175556,200,66.804,479,
read_5,read,5,2,17.150464,200,96.549,479,
read_5,read,5,4,17.236071,200,34.269,479,
read_5,read,5,0,17.19865,200,87.225,479,
read_5,read,5,4,17.270389,200,24.419,479,
read_5,read,5,3,17.24195,200,54.528,479,
read_5,read,5,3,17.296532,200,25.046,479,
read_5,read,5,1,17.24242,200,99.305,479,
read_5,read,5,2,17.247097,200,95.021,479,
read_5,read,5,3,17.32164,200,28.643,479,
read_5,read,5,0,17.285924,200,93.643,479,
read_5,read,5,1,17.34178,200,41.717,479,
read_5,read,5,2,17.34217,200,58.176,479,
read_5,read,5,4,17.294857,200,111.504,479,
read_5,read,5,0,17.379647,200,49.974,479,
read_5,read,5,3,17.350349,200,90.384,479,
read_5,read,5,4,17.406409,200,38.518,479,
read_5,read,5,1,17.383569,200,73.508,479,
read_5,read,5,4,17.444976,200,25.678,479,
read_5,read,5,2,17.400395,200,92.859,479,
read_5,read,5,4,17.470701,200,22.85,479,
read_5,read,5,0,17.429697,200,75.047,479,
read_5,read,5,2,17.4933,200,40.141,479,
read_5,read,5,3,17.44078,200,94.949,479,
read_5,read,5,4,17.493589,200,61.439,479,
read_5,read,5,1,17.45714,200,101.633,479,
read_5,read,5,0,17.504795,200,71.523,479,
read_5,read,5,2,17.533488,200,58.8,479,
read_5,read,5,4,17.555076,200,49.195,479,
read_5,read,5,3,17.535778,200,75.464,479,
read_5,read,5,1,17.558838,200,68.87,479,
read_5,read,5,0,17.576381,200,70.719,479,
read_5,read,5,3,17.611289,200,42.305,479,
read_5,read,5,2,17.592337,200,75.549,479,
read_5,read,5,4,17.604318,200,73.262,479,
read_5,read,5,3,17.653664,200,33.406,479,
read_5,read,5,2,17.667933,200,38.146,479,
read_5,read,5,0,17.647182,200,77.351,479,
read_5,read,5,1,17.627794,200,101.018,479,
read_5,read,5,2,17.706157,200,32.011,479,
read_5,read,5,0,17.72458,200,32.095,479,
read_5,read,5,3,17.687117,200,88.996,479,
read_5,read,5,4,17.677625,200,99.406,479,
read_5,read,5,0,17.756722,200,31.026,479,
read_5,read,5,3,17.776161,200,44.019,479,
read_5,read,5,2,17.738216,200,83.985,479,
read_5,read,5,1,17.728978,200,98.704,479,
read_5,read,5,4,17.777093,200,71.034,479,
read_5,read,5,0,17.787796,200,81.569,479,
read_5,read,5,1,17.827769,200,47.321,479,
read_5,read,5,3,17.820255,200,59.712,479,
read_5,read,5,2,17.822273,200,75.452,479,
read_5,read,5,4,17.848208,200,69.8,479,
read_5,read,5,0,17.869412,200,56.515,479,
read_5,read,5,3,17.880033,200,52.964,479,
read_5,read,5,1,17.875143,200,71.291,479,
read_5,read,5,2,17.897804,200,76.348,479,
read_5,read,5,4,17.918073,200,58.25,479,
read_5,read,5,3,17.933047,200,53.525,479,
read_5,read,5,0,17.926012,200,68.939,479,
read_5,read,5,4,17.976389,200,38.97,479,
read_5,read,5,1,17.946503,200,84.026,479,
read_5,read,5,0,17.99501,200,45.377,479,
read_5,read,5,2,17.9742,200,76.585,479,
read_5,read,5,4,18.015445,200,55.801,479,
read_5,read,5,3,17.986649,200,98.778,479,
read_5,read,5,0,18.04044,200,54.929,479,
read_5,read,5,1,18.030577,200,66.697,479,
read_5,read,5,0,18.095496,200,25.903,479,
read_5,read,5,2,18.050833,200,80.311,479,
read_5,read,5,4,18.071294,200,72.133,479,
read_5,read,5,0,18.12147,200,25.352,479,
read_5,read,5,3,18.085544,200,99.073,479,
read_5,read,5,1,18.097343,200,94.221,479,
read_5,read,5,4,18.143475,200,55.017,479,
read_5,read,5,0,18.146899,200,52.641,479,
read_5,read,5,3,18.184705,200,37.093,479,
read_5,read,5,2,18.131193,200,104.222,479,
read_5,read,5,1,18.191611,200,53.322,479,
read_5,read,5,3,18.221862,200,29.998,479,
read_5,read,5,1,18.245037,200,42.57,479,
read_5,read,5,0,18.199583,200,90.427,479,
read_5,read,5,4,18.198569,200,92.827,479,
read_5,read,5,3,18.251907,200,53.897,479,
read_5,read,5,1,18.287653,200,51.737,479,
read_5,read,5,2,18.235491,200,104.806,479,
read_5,read,5,0,18.290084,200,58.466,479,
read_5,read,5,4,18.291441,200,65.066,479,
read_5,read,5,3,18.305851,200,60.242,479,
read_5,read,5,3,18.366139,200,22.689,479,
read_5,read,5,1,18.33944,200,60.899,479,
read_5,read,5,2,18.34035,200,62.99,479,
read_5,read,5,3,18.388877,200,31.924,479,
read_5,read,5,2,18.403411,200,44.536,479,
read_5,read,5,0,18.348609,200,99.822,479,
read_5,read,5,4,18.356575,200,92.919,479,
read_5,read,5,3,18.420848,200,52.16,479,
read_5,read,5,1,18.400386,200,90.408,479,
read_5,read,5,2,18.448013,200,53.749,479,
read_5,read,5,0,18.448516,200,63.727,479,
read_5,read,5,3,18.473056,200,51.997,479,
read_5,read,5,4,18.449555,200,88.272,479,
read_5,read,5,0,18.512371,200,49.263,479,
read_5,read,5,1,18.490841,200,78.542,479,
read_5,read,5,2,18.501808,200,70.151,479,
read_5,read,5,3,18.525101,200,58.375,479,
read_5,read,5,1,18.569451,200,33.798,479,
read_5,read,5,4,18.537873,200,83.442,479,
read_5,read,5,0,18.561717,200,61.601,479,
read_5,read,5,1,18.603298,200,31.583,479,
read_5,read,5,4,18.621365,200,32.054,479,
read_5,read,5,3,18.583526,200,86.535,479,
read_5,read,5,2,18.572005,200,105.36,479,
read_5,read,5,4,18.653468,200,25.889,479,
read_5,read,5,2,18.677417,200,23.579,479,
read_5,read,5,0,18.623362,200,91.271,479,
read_5,read,5,1,18.634957,200,93.63,479,
read_5,read,5,2,18.701043,200,36.943,479,
read_5,read,5,0,18.714679,200,38.358,479,
read_5,read,5,3,18.670109,200,100.275,479,
read_5,read,5,4,18.679431,200,96.47,479,
read_5,read,5,0,18.753104,200,30.991,479,
read_5,read,5,3,18.770456,200,31.83,479,
read_5,read,5,1,18.728679,200,88.711,479,
read_5,read,5,2,18.738038,200,89.53,479,
read_5,read,5,3,18.802369,200,31.822,479,
read_5,read,5,1,18.817437,200,49.139,479,
read_5,read,5,4,18.775967,200,96.919,479,
read_5,read,5,0,18.784159,200,94.01,479,
read_5,read,5,2,18.827687,200,64.168,479,
read_5,read,5,3,18.834239,200,69.937,479,
read_5,read,5,1,18.866625,200,61.331,479,
read_5,read,5,4,18.872935,200,62.552,479,
read_5,read,5,2,18.891902,200,58.015,479,
read_5,read,5,3,18.904222,200,50.368,479,
read_5,read,5,0,18.878238,200,99.535,479,
read_5,read,5,4,18.935535,200,50.728,479,
read_5,read,5,1,18.928029,200,72.266,479,
read_5,read,5,3,18.954637,200,49.774,479,
read_5,read,5,2,18.949973,200,61.603,479,
read_5,read,5,1,19.000342,200,45.639,479,
read_5,read,5,0,18.977974,200,70.853,479,
read_5,read,5,4,18.98631,200,62.892,479,
read_5,read,5,2,19.011653,200,51.57,479,
read_5,read,5,3,19.00446,200,83.618,479,
read_5,read,5,0,19.048873,200,47.41,479,
read_5,read,5,1,19.046058,200,54.029,479,
read_5,read,5,2,19.063285,200,45.617,479,
read_5,read,5,1,19.100137,200,28.996,479,
read_5,read,5,3,19.088125,200,55.051,479,
read_5,read,5,4,19.049249,200,94.337,479,
read_5,read,5,1,19.129201,200,25.927,479,
read_5,read,5,1,19.155176,200,22.564,479,
read_5,read,5,0,19.096346,200,93.553,479,
read_5,read,5,2,19.10895,200,83.096,479,
read_5,read,5,1,19.177814,200,30.578,479,
read_5,read,5,4,19.143639,200,89.318,479,
read_5,read,5,3,19.143223,200,99.963,479,
read_5,read,5,0,19.189953,200,56.517,479,
read_5,read,5,2,19.192091,200,65.264,479,
read_5,read,5,1,19.208441,200,80.59,479,
read_5,read,5,3,19.243233,200,58.369,479,
read_5,read,5,4,19.233023,200,76.182,479,
read_5,read,5,2,19.257432,200,63.34,479,
read_5,read,5,0,19.24653,200,97.924,479,
read_5,read,5,1,19.289078,200,64.606,479,
read_5,read,5,3,19.30165,200,73.378,479,
read_5,read,5,2,19.320872,200,66.103,479,
read_5,read,5,4,19.309268,200,140.444,479,
read_5,read,5,0,19.344535,200,105.923,479,
read_5,read,5,1,19.353786,200,113.296,479,
read_5,read,5,3,19.375095,200,110.058,479,
read_5,read,5,4,19.449834,200,57.552,479,
read_5,read,5,4,19.507481,200,45.975,479,
read_5,read,5,2,19.387051,200,185.973,479,
read_5,read,5,0,19.450525,200,138.407,479,
read_5,read,5,4,19.553526,200,56.02,479,
read_5,read,5,1,19.467163,200,200.629,479,
read_5,read,5,0,19.589003,200,101.633,479,
read_5,read,5,3,19.485223,200,217.088,479,
read_5,read,5,4,19.60963,200,96.105,479,
read_5,read,5,2,19.573096,200,164.522,479,
read_5,read,5,0,19.690686,200,65.773,479,
read_5,read,5,1,19.667862,200,94.988,479,
read_5,read,5,3,19.702381,200,64.348,479,
read_5,read,5,2,19.737669,200,52.008,479,
read_5,read,5,4,19.705815,200,111.761,479,
read_5,read,5,0,19.756532,200,61.482,479,
read_5,read,5,1,19.762925,200,58.82,479,
read_5,read,5,2,19.789732,200,49.398,479,
read_5,read,5,2,19.83918,200,29.76,479,
read_5,read,5,3,19.766779,200,105.162,479,
read_5,read,5,4,19.817626,200,59.011,479,
read_5,read,5,2,19.868989,200,50.055,479,
read_5,read,5,3,19.872018,200,51.266,479,
read_5,read,5,1,19.82183,200,101.92,479,
read_5,read,5,0,19.818086,200,106.378,479,
read_5,read,5,4,19.876708,200,71.477,479,
read_5,read,5,4,19.948237,200,24.865,479,
read_5,read,5,3,19.923332,200,50.195,479,
read_5,read,5,2,19.919095,200,57.652,479,
read_5,read,5,3,19.973566,200,51.726,479,
read_5,read,5,1,19.923819,200,114.186,479,
read_5,read,5,0,19.924506,200,114.892,479,
read_5,read,5,4,19.973177,200,70.32,479,
read_5,read,5,2,19.976941,200,112.46,479,
read_5,read,5,4,20.043594,200,56.606,479,
read_5,read,5,3,20.02537,200,75.836,479,
read_5,read,5,0,20.03946,200,65.022,479,
read_5,read,5,1,20.038085,200,114.603,479,
read_5,read,5,3,20.101249,200,51.83,479,
read_5,read,5,4,20.100276,200,63.943,479,
read_5,read,5,2,20.089451,200,75.842,479,
read_5,read,5,0,20.104581,200,92.51,479,
read_5,read,5,3,20.153138,200,46.429,479,
read_5,read,5,2,20.165362,200,55.784,479,
read_5,read,5,1,20.152738,200,72.962,479,
read_5,read,5,4,20.164286,200,74.835,479,
read_5,read,5,0,20.197166,200,67.898,479,
read_5,read,5,4,20.23917,200,30.74,479,
read_5,read,5,3,20.199625,200,72.855,479,
read_5,read,5,3,20.272541,200,38.19,479,
read_5,read,5,2,20.221195,200,91.531,479,
read_5,read,5,1,20.225769,200,96.79,479,
read_5,read,5,4,20.26996,200,54.134,479,
read_5,read,5,2,20.312783,200,51.56,479,
read_5,read,5,0,20.265114,200,102.139,479,
read_5,read,5,3,20.310811,200,57.975,479,
read_5,read,5,1,20.322625,200,58.754,479,
read_5,read,5,4,20.324167,200,74.201,479,
read_5,read,5,2,20.364392,200,56.165,479,
read_5,read,5,4,20.398425,200,22.435,479,
read_5,read,5,0,20.367302,200,62.102,479,
read_5,read,5,2,20.420606,200,38.703,479,
read_5,read,5,3,20.368855,200,94.204,479,
read_5,read,5,0,20.429452,200,44.018,479,
read_5,read,5,1,20.381451,200,98.567,479,
read_5,read,5,3,20.463125,200,37.573,479,
read_5,read,5,4,20.420898,200,87.133,479,
read_5,read,5,2,20.459355,200,72.983,479,
read_5,read,5,1,20.480068,200,53.53,479,
read_5,read,5,3,20.500745,200,46.88,479,
read_5,read,5,0,20.473517,200,82.284,479,
read_5,read,5,2,20.532404,200,48.942,479,
read_5,read,5,4,20.508079,200,76.333,479,
read_5,read,5,3,20.547672,200,54.145,479,
read_5,read,5,1,20.53367,200,80.663,479,
read_5,read,5,2,20.581393,200,52.985,479,
read_5,read,5,0,20.555849,200,89.681,479,
read_5,read,5,3,20.601864,200,57.284,479,
read_5,read,5,4,20.584481,200,88.596,479,
read_5,read,5,1,20.614414,200,67.884,479,
read_5,read,5,2,20.634452,200,63.971,479,
read_5,read,5,4,20.673143,200,44.789,479,
read_5,read,5,0,20.64564,200,81.689,479,
read_5,read,5,1,20.682346,200,49.628,479,
read_5,read,5,3,20.659196,200,89.296,479,
read_5,read,5,1,20.732036,200,27.692,479,
read_5,read,5,2,20.69847,200,81.609,479,
read_5,read,5,4,20.717978,200,78.928,479,
read_5,read,5,3,20.74854,200,53.343,479,
read_5,read,5,1,20.7598,200,54.87,479,
read_5,read,5,0,20.727394,200,92.164,479,
read_5,read,5,2,20.780134,200,65.378,479,
read_5,read,5,0,20.819622,200,47.339,479,
read_5,read,5,1,20.814719,200,53.125,479,
read_5,read,5,4,20.796954,200,74.772,479,
read_5,read,5,3,20.801932,200,96.321,479,
read_5,read,5,0,20.86701,200,46.026,479,
read_5,read,5,2,20.845614,200,70.364,479,
read_5,read,5,1,20.86789,200,49.86,479,
read_5,read,5,3,20.898324,200,47.969,479,
read_5,read,5,0,20.913102,200,50.146,479,
read_5,read,5,1,20.917798,200,45.781,479,
read_5,read,5,4,20.871793,200,98.103,479,
read_5,read,5,3,20.946341,200,44.752,479,
read_5,read,5,2,20.916021,200,92.996,479,
read_5,read,5,1,20.963624,200,57.021,479,
read_5,read,5,0,20.963314,200,58.394,479,
read_5,read,5,4,20.969962,200,68.775,479,
read_5,read,5,3,20.991157,200,64.136,479,
read_5,read,5,2,21.009078,200,59.774,479,
read_5,read,5,0,21.021764,200,55.839,479,
read_5,read,5,1,21.020722,200,71.301,479,
read_5,read,5,4,21.038815,200,67.212,479,
read_5,read,5,3,21.055351,200,68.032,479,
read_5,read,5,2,21.068898,200,60.448,479,
read_5,read,5,0,21.077653,200,61.816,479,
read_5,read,5,4,21.106072,200,52.577,479,
read_5,read,5,3,21.123432,200,51.311,479,
read_5,read,5,1,21.09207,200,95.18,479,
read_5,read,5,0,21.139517,200,48.151,479,
read_5,read,5,2,21.129394,200,82.222,479,
read_5,read,5,3,21.174791,200,46.903,479,
read_5,read,5,0,21.187719,200,44.791,479,
read_5,read,5,4,21.158697,200,86.727,479,
read_5,read,5,3,21.221741,200,26.648,479,
read_5,read,5,3,21.248436,200,23.563,479,
read_5,read,5,1,21.187296,200,94.811,479,
read_5,read,5,3,21.272046,200,26.603,479,
read_5,read,5,2,21.211676,200,95.38,479,
read_5,read,5,0,21.232557,200,91.671,479,
read_5,read,5,3,21.298697,200,38.5,479,
read_5,read,5,2,21.307102,200,55.817,479,
read_5,read,5,4,21.245581,200,121.588,479,
read_5,read,5,1,21.282156,200,91.255,479,
read_5,read,5,0,21.32432,200,50.094,479,
read_5,read,5,1,21.373482,200,28.309,479,
read_5,read,5,3,21.337254,200,79.963,479,
read_5,read,5,2,21.362967,200,61.447,479,
read_5,read,5,1,21.401839,200,31.061,479,
read_5,read,5,4,21.367238,200,94.561,479,
read_5,read,5,3,21.417264,200,52.317,479,
read_5,read,5,0,21.374458,200,97.33,479,
read_5,read,5,1,21.432947,200,47.594,479,
read_5,read,5,2,21.424492,200,82.253,479,
read_5,read,5,4,21.461868,200,60.728,479,
read_5,read,5,3,21.469629,200,55.886,479,
read_5,read,5,0,21.471836,200,57.425,479,
read_5,read,5,1,21.480588,200,75.305,479,
read_5,read,5,2,21.506792,200,59.598,479,
read_5,read,5,0,21.529307,200,49.058,479,
read_5,read,5,4,21.522643,200,58.948,479,
read_5,read,5,3,21.525612,200,78.798,479,
read_5,read,5,0,21.578426,200,46.243,479,
read_5,read,5,4,21.581662,200,51.09,479,
read_5,read,5,1,21.55594,200,81.089,479,
read_5,read,5,2,21.566458,200,88.163,479,
read_5,read,5,0,21.624787,200,78.683,479,
read_5,read,5,4,21.632799,200,86.629,479,
read_5,read,5,3,21.604458,200,129.833,479,
read_5,read,5,1,21.637078,200,113.74,479,
read_5,read,5,4,21.719477,200,39.89,479,
read_5,read,5,2,21.654669,200,138.864,479,
read_5,read,5,0,21.703534,200,101.406,479,
read_5,read,5,3,21.73435,200,75.429,479,
read_5,read,5,1,21.750866,200,66.24,479,
read_5,read,5,2,21.793604,200,47.89,479,
read_5,read,5,4,21.759439,200,93.713,479,
read_5,read,5,0,21.80501,200,60.489,479,
read_5,read,5,2,21.841545,200,44.173,479,
read_5,read,5,3,21.809888,200,102.087,479,
read_5,read,5,4,21.853202,200,67.963,479,
read_5,read,5,1,21.817157,200,115.346,479,
read_5,read,5,0,21.865585,200,72.478,479,
read_5,read,5,0,21.938125,200,27.46,479,
read_5,read,5,2,21.885799,200,95.251,479,
read_5,read,5,3,21.912045,200,77.734,479,
read_5,read,5,0,21.965663,200,41.162,479,
read_5,read,5,4,21.921233,200,118.202,479,
read_5,read,5,2,21.981142,200,66.867,479,
read_5,read,5,1,21.932582,200,115.868,479,
read_5,read,5,3,21.989842,200,80.646,479,
read_5,read,5,0,22.006873,200,96.989,479,
read_5,read,5,2,22.048075,200,72.056,479,
read_5,read,5,1,22.048488,200,75.12,479,
read_5,read,5,4,22.039501,200,104.568,479,
read_5,read,5,0,22.103954,200,59.631,479,
read_5,read,5,3,22.070558,200,113.509,479,
read_5,read,5,2,22.12022,200,78.241,479,
read_5,read,5,4,22.144145,200,67.003,479,
read_5,read,5,0,22.163635,200,70.738,479,
read_5,read,5,1,22.123685,200,122.51,479,
read_5,read,5,3,22.184136,200,70.372,479,
read_5,read,5,2,22.198528,200,73.066,479,
read_5,read,5,4,22.211225,200,69.211,479,
read_5,read,5,0,22.234422,200,65.757,479,
read_5,read,5,2,22.271687,200,55.094,479,
read_5,read,5,4,22.280487,200,52.483,479,
read_5,read,5,1,22.246268,200,89.889,479,
read_5,read,5,3,22.254558,200,101.444,479,
read_5,read,5,4,22.333045,200,46.959,479,
read_5,read,5,1,22.336219,200,57.475,479,
read_5,read,5,0,22.300247,200,93.879,479,
read_5,read,5,2,22.326859,200,84.554,479,
read_5,read,5,3,22.356072,200,70.852,479,
read_5,read,5,4,22.380054,200,67.433,479,
read_5,read,5,1,22.393747,200,54.155,479,
read_5,read,5,0,22.394166,200,70.861,479,
read_5,read,5,3,22.426974,200,44.449,479,
read_5,read,5,0,22.465075,200,28.632,479,
read_5,read,5,2,22.411478,200,84.21,479,
read_5,read,5,4,22.447562,200,74.296,479,
read_5,read,5,0,22.493756,200,57.064,479,
read_5,read,5,1,22.447956,200,104.616,479,
read_5,read,5,2,22.495743,200,57.776,479,
read_5,read,5,3,22.471473,200,116.478,479,
read_5,read,5,4,22.521937,200,90.329,479,
read_5,read,5,1,22.552629,200,60.987,479,
read_5,read,5,2,22.553585,200,64.577,479,
read_5,read,5,0,22.55088,200,93.658,479,
read_5,read,5,1,22.613661,200,42.916,479,
read_5,read,5,3,22.588007,200,73.424,479,
read_5,read,5,4,22.612316,200,59.64,479,
read_5,read,5,1,22.656635,200,42.323,479,
read_5,read,5,2,22.618236,200,92.979,479,
read_5,read,5,3,22.66148,200,54.389,479,
read_5,read,5,0,22.644663,200,79.4,479,
read_5,read,5,4,22.672005,200,81.598,479,
read_5,read,5,1,22.699006,200,66.376,479,
read_5,read,5,2,22.711297,200,55.609,479,
read_5,read,5,3,22.715946,200,55.483,479,
read_5,read,5,4,22.753649,200,51.909,479,
read_5,read,5,0,22.724144,200,82.873,479,
read_5,read,5,1,22.765434,200,51.412,479,
read_5,read,5,2,22.766953,200,52.65,479,
read_5,read,5,4,22.805605,200,51.143,479,
read_5,read,5,3,22.771492,200,90.405,479,
read_5,read,5,0,22.807084,200,62.452,479,
read_5,read,5,1,22.816912,200,53.766,479,
read_5,read,5,2,22.81965,200,85.819,479,
read_5,read,5,4,22.856832,200,53.362,479,
read_5,read,5,3,22.861952,200,57.698,479,
read_5,read,5,0,22.869602,200,53.857,479,
read_5,read,5,1,22.870726,200,69.752,479,
read_5,read,5,2,22.905517,200,53.875,479,
read_5,read,5,1,22.940526,200,27.466,479,
read_5,read,5,4,22.910242,200,61.924,479,
read_5,read,5,3,22.919696,200,82.762,479,
read_5,read,5,2,22.959478,200,55.556,479,
read_5,read,5,1,22.968077,200,48.313,479,
read_5,read,5,0,22.923506,200,101.602,479,
read_5,read,5,3,23.002505,200,53.285,479,
read_5,read,5,1,23.016436,200,50.061,479,
read_5,read,5,4,22.97223,200,94.704,479,
read_5,read,5,2,23.015099,200,61.462,479,
read_5,read,5,0,23.025352,200,79.219,479,
read_5,read,5,3,23.055838,200,54.755,479,
read_5,read,5,2,23.076608,200,40.769,479,
read_5,read,5,1,23.066546,200,67.64,479,
read_5,read,5,2,23.117429,200,26.444,479,
read_5,read,5,2,23.143956,200,38.09,479,
read_5,read,5,4,23.066994,200,121.171,479,
read_5,read,5,0,23.104617,200,88.704,479,
read_5,read,5,2,23.182098,200,36.089,479,
read_5,read,5,3,23.110639,200,122.705,479,
read_5,read,5,0,23.193394,200,51.578,479,
read_5,read,5,1,23.134269,200,115.476,479,
read_5,read,5,2,23.218236,200,55.066,479,
read_5,read,5,4,23.188228,200,94.44,479,
read_5,read,5,1,23.24981,200,51.219,479,
read_5,read,5,3,23.233399,200,71.219,479,
read_5,read,5,2,23.273351,200,57.354,479,
read_5,read,5,0,23.245039,200,97.766,479,
read_5,read,5,1,23.301077,200,56.285,479,
read_5,read,5,4,23.282719,200,78.738,479,
read_5,read,5,3,23.304695,200,81.912,479,
read_5,read,5,2,23.330762,200,61.393,479,
read_5,read,5,0,23.342889,200,74.236,479,
read_5,read,5,1,23.35744,200,63.916,479,
read_5,read,5,4,23.361507,200,76.18,479,
read_5,read,5,3,23.386653,200,52.561,479,
read_5,read,5,0,23.417201,200,51.081,479,
read_5,read,5,2,23.392231,200,83.765,479,
read_5,read,5,3,23.439278,200,55.305,479,
read_5,read,5,1,23.42142,200,73.518,479,
read_5,read,5,4,23.437754,200,77.411,479,
read_5,read,5,0,23.468347,200,59.489,479,
read_5,read,5,1,23.494976,200,39.628,479,
read_5,read,5,2,23.476061,200,71.54,479,
read_5,read,5,1,23.53465,200,24.147,479,
read_5,read,5,3,23.494649,200,80.849,479,
read_5,read,5,1,23.558862,200,26.507,479,
read_5,read,5,4,23.515213,200,89.528,479,
read_5,read,5,1,23.585419,200,28.73,479,
read_5,read,5,0,23.527882,200,103.981,479,
read_5,read,5,1,23.614198,200,25.448,479,
read_5,read,5,2,23.547658,200,111.064,479,
read_5,read,5,1,23.639703,200,25.143,479,
read_5,read,5,1,23.664908,200,22.409,479,
read_5,read,5,3,23.575565,200,122.989,479,
read_5,read,5,4,23.604788,200,95.257,479,
read_5,read,5,1,23.687366,200,42.06,479,
read_5,read,5,2,23.658808,200,94.082,479,
read_5,read,5,0,23.631911,200,124.188,479,
read_5,read,5,3,23.698603,200,65.339,479,
read_5,read,5,4,23.700145,200,82.691,479,
read_5,read,5,0,23.756173,200,31.918,479,
read_5,read,5,1,23.729508,200,85.735,479,
read_5,read,5,2,23.752939,200,83.724,479,
read_5,read,5,4,23.782887,200,55.01,479,
read_5,read,5,0,23.788144,200,57.19,479,
read_5,read,5,3,23.764014,200,110.164,479,
read_5,read,5,1,23.815293,200,75.675,479,
read_5,read,5,4,23.837978,200,62.229,479,
read_5,read,5,2,23.836711,200,63.881,479,
read_5,read,5,1,23.89104,200,33.608,479,
read_5,read,5,0,23.845386,200,90.804,479,
read_5,read,5,3,23.874246,200,66.621,479,
read_5,read,5,1,23.92473,200,38.321,479,
read_5,read,5,0,23.936236,200,44.592,479,
read_5,read,5,4,23.900256,200,84.749,479,
read_5,read,5,2,23.900633,200,96.543,479,
read_5,read,5,0,23.980875,200,46.735,479,
read_5,read,5,4,23.985082,200,53.364,479,
read_5,read,5,3,23.941321,200,107.932,479,
read_5,read,5,1,23.963098,200,92.092,479,
read_5,read,5,2,23.997252,200,88.787,479,
read_5,read,5,4,24.038493,200,58.347,479,
read_5,read,5,0,24.027658,200,80.443,479,
read_5,read,5,3,24.049306,200,61.297,479,
read_5,read,5,1,24.05524,200,72.282,479,
read_5,read,5,0,24.10817,200,39.002,479,
read_5,read,5,2,24.086089,200,76.59,479,
read_5,read,5,4,24.096892,200,72.341,479,
read_5,read,5,0,24.147264,200,34.058,479,
read_5,read,5,3,24.110668,200,92.28,479,
read_5,read,5,0,24.181389,200,24.893,479,
read_5,read,5,1,24.127573,200,94.894,479,
read_5,read,5,3,24.202998,200,29.211,479,
read_5,read,5,1,24.222514,200,29.229,479,
read_5,read,5,2,24.162727,200,98.544,479,
read_5,read,5,4,24.169311,200,108.838,479,
read_5,read,5,1,24.251789,200,46.621,479,
read_5,read,5,0,24.20633,200,101.041,479,
read_5,read,5,2,24.261336,200,53.765,479,
read_5,read,5,3,24.232283,200,98.307,479,
read_5,read,5,1,24.298457,200,49.211,479,
read_5,read,5,4,24.278219,200,71.926,479,
read_5,read,5,0,24.307441,200,63.903,479,
read_5,read,5,4,24.350214,200,47.911,479,
read_5,read,5,1,24.347716,200,53.67,479,
read_5,read,5,2,24.315148,200,128.78,479,
read_5,read,5,3,24.330638,200,134.226,479,
read_5,read,5,0,24.371398,200,116.528,479,
read_5,read,5,2,24.443992,200,47.128,479,
read_5,read,5,4,24.398196,200,102.466,479,
read_5,read,5,3,24.464957,200,51.741,479,
read_5,read,5,1,24.401476,200,131.314,479,
read_5,read,5,2,24.491203,200,55.378,479,
read_5,read,5,0,24.487974,200,59.694,479,
read_5,read,5,4,24.500735,200,71.311,479,
read_5,read,5,3,24.516757,200,74.825,479,
read_5,read,5,0,24.547712,200,52.032,479,
read_5,read,5,2,24.546628,200,57.309,479,
read_5,read,5,1,24.532835,200,92.534,479,
read_5,read,5,0,24.59979,200,47.436,479,
read_5,read,5,3,24.591636,200,61.319,479,
read_5,read,5,4,24.572129,200,86.167,479,
read_5,read,5,1,24.625431,200,61.631,479,
read_5,read,5,2,24.603984,200,87.085,479,
read_5,read,5,0,24.647273,200,49.957,479,
read_5,read,5,4,24.658346,200,56.752,479,
read_5,read,5,3,24.653017,200,84.101,479,
read_5,read,5,2,24.69112,200,57.344,479,
read_5,read,5,1,24.68711,200,62.589,479,
read_5,read,5,0,24.697302,200,66.185,479,
read_5,read,5,4,24.715163,200,75.824,479,
read_5,read,5,2,24.748511,200,46.005,479,
read_5,read,5,3,24.737192,200,62.093,479,
read_5,read,5,1,24.749762,200,63.424,479,
read_5,read,5,4,24.791037,200,52.57,479,
read_5,read,5,2,24.794564,200,49.566,479,
read_5,read,5,0,24.763535,200,81.118,479,
read_5,read,5,3,24.799335,200,65.452,479,
read_5,read,5,1,24.813234,200,79.659,479,
read_5,read,5,0,24.844709,200,48.585,479,
read_5,read,5,2,24.844197,200,53.376,479,
read_5,read,5,4,24.843655,200,72.827,479,
read_5,read,5,1,24.892967,200,38.961,479,
read_5,read,5,0,24.89333,200,47.502,479,
read_5,read,5,3,24.864903,200,86.853,479,
read_5,read,5,1,24.931977,200,40.23,479,
read_5,read,5,0,24.941068,200,46.113,479,
read_5,read,5,2,24.897627,200,95.97,479,
read_5,read,5,4,24.916556,200,90.222,479,
read_5,read,5,1,24.972285,200,57.023,479,
read_5,read,5,0,24.987229,200,59.31,479,
read_5,read,5,3,24.951805,200,105.286,479,
read_5,read,5,4,25.006853,200,78.933,479,
read_5,read,5,2,24.993684,200,93.376,479,
read_5,read,5,1,25.029379,200,76.952,479,
read_5,read,5,0,25.046639,200,62.716,479,
read_5,read,5,4,25.085834,200,39.929,479,
read_5,read,5,2,25.087133,200,62.654,479,
read_5,read,5,3,25.057216,200,93.004,479,
read_5,read,5,4,25.125814,200,25.238,479,
read_5,read,5,3,25.150283,200,40.987,479,
read_5,read,5,1,25.106422,200,91.094,479,
read_5,read,5,0,25.109403,200,88.56,479,
read_5,read,5,2,25.149837,200,57.761,479,
read_5,read,5,3,25.191318,200,32.021,479,
read_5,read,5,4,25.151117,200,83.729,479,
read_5,read,5,3,25.223405,200,33.744,479,
read_5,read,5,1,25.197589,200,63.877,479,
read_5,read,5,4,25.234892,200,43.617,479,
read_5,read,5,0,25.198019,200,90.58,479,
read_5,read,5,3,25.257248,200,43.048,479,
read_5,read,5,2,25.207679,200,103.532,479,
read_5,read,5,1,25.261518,200,75.356,479,
read_5,read,5,0,25.288679,200,53.912,479,
read_5,read,5,3,25.300343,200,52.662,479,
read_5,read,5,4,25.278557,200,88.812,479,
read_5,read,5,0,25.342638,200,44.237,479,
read_5,read,5,2,25.311258,200,79.913,479,
read_5,read,5,1,25.336948,200,75.268,479,
read_5,read,5,4,25.367438,200,45.8,479,
read_5,read,5,2,25.391235,200,39.821,479,
read_5,read,5,3,25.353053,200,91.072,479,
read_5,read,5,0,25.386995,200,69.926,479,
read_5,read,5,2,25.43112,200,39.443,479,
read_5,read,5,3,25.444174,200,44.428,479,
read_5,read,5,1,25.412286,200,81.302,479,
read_5,read,5,4,25.41328,200,97.734,479,
read_5,read,5,0,25.456993,200,70.181,479,
read_5,read,5,3,25.488655,200,55.143,479,
read_5,read,5,2,25.470635,200,76.39,479,
read_5,read,5,1,25.493635,200,68.564,479,
read_5,read,5,4,25.511061,200,64.633,479,
read_5,read,5,3,25.543845,200,51.772,479,
read_5,read,5,0,25.527222,200,70.97,479,
read_5,read,5,2,25.547073,200,71.272,479,
read_5,read,5,1,25.562266,200,75.763,479,
read_5,read,5,3,25.595664,200,64.561,479,
read_5,read,5,4,25.57574,200,85.762,479,
read_5,read,5,2,25.618433,200,57.137,479,
read_5,read,5,0,25.598255,200,102.008,479,
read_5,read,5,3,25.660307,200,40.913,479,
read_5,read,5,1,25.638078,200,81.453,479,
read_5,read,5,0,25.700356,200,26.132,479,
read_5,read,5,0,25.726536,200,23.366,479,
read_5,read,5,4,25.66155,200,93.458,479,
read_5,read,5,2,25.675639,200,92.455,479,
read_5,read,5,0,25.749971,200,44.863,479,
read_5,read,5,4,25.755112,200,47.725,479,
read_5,read,5,3,25.7013,200,101.916,479,
read_5,read,5,1,25.71958,200,96.738,479,
read_5,read,5,2,25.768141,200,62.446,479,
read_5,read,5,1,25.816365,200,31.923,479,
read_5,read,5,0,25.79488,200,59.916,479,
read_5,read,5,4,25.802886,200,63.479,479,
read_5,read,5,1,25.848368,200,28.076,479,
read_5,read,5,4,25.866412,200,41.081,479,
read_5,read,5,3,25.803263,200,107.862,479,
read_5,read,5,2,25.830634,200,87.52,479,
read_5,read,5,1,25.876506,200,49.612,479,
read_5,read,5,0,25.854875,200,97.369,479,
read_5,read,5,3,25.911172,200,55.694,479,
read_5,read,5,4,25.907568,200,61.652,479,
read_5,read,5,2,25.918215,200,54.976,479,
read_5,read,5,0,25.952291,200,48.378,479,
read_5,read,5,3,25.966913,200,54.349,479,
read_5,read,5,4,25.969276,200,52.442,479,
read_5,read,5,1,25.926166,200,100.673,479,
read_5,read,5,0,26.000762,200,52.345,479,
read_5,read,5,1,26.026904,200,38.468,479,
read_5,read,5,2,25.973283,200,104.405,479,
read_5,read,5,4,26.02177,200,57.032,479,
read_5,read,5,1,26.065439,200,37.647,479,
read_5,read,5,3,26.021309,200,101.104,479,
read_5,read,5,0,26.053172,200,75.439,479,
read_5,read,5,2,26.077737,200,53.129,479,
read_5,read,5,4,26.078864,200,70.112,479,
read_5,read,5,0,26.128678,200,43.084,479,
read_5,read,5,2,26.130912,200,43.548,479,
read_5,read,5,1,26.103145,200,89.209,479,
read_5,read,5,3,26.122487,200,70.326,479,
read_5,read,5,2,26.174537,200,28.184,479,
read_5,read,5,0,26.171842,200,69.949,479,
read_5,read,5,1,26.192403,200,49.806,479,
read_5,read,5,4,26.149027,200,93.455,479,
read_5,read,5,3,26.192867,200,57.742,479,
read_5,read,5,0,26.24185,200,30.267,479,
read_5,read,5,2,26.202794,200,87.209,479,
read_5,read,5,1,26.242254,200,51.96,479,
read_5,read,5,0,26.272185,200,28.313,479,
read_5,read,5,2,26.290089,200,28.646,479,
read_5,read,5,4,26.242519,200,87.893,479,
read_5,read,5,2,26.318802,200,26.155,479,
read_5,read,5,3,26.250668,200,98.009,479,
read_5,read,5,1,26.294261,200,87.856,479,
read_5,read,5,2,26.345021,200,41.509,479,
read_5,read,5,0,26.300545,200,93.688,479,
read_5,read,5,3,26.348726,200,48.236,479,
read_5,read,5,4,26.330466,200,96.994,479,
read_5,read,5,1,26.382193,200,49.576,479,
read_5,read,5,2,26.386598,200,60.028,479,
read_5,read,5,0,26.394281,200,58.944,479,
read_5,read,5,4,26.427506,200,42.085,479,
read_5,read,5,3,26.397032,200,83.184,479,
read_5,read,5,1,26.431842,200,67.251,479,
read_5,read,5,0,26.453271,200,52.952,479,
read_5,read,5,4,26.469639,200,49.613,479,
read_5,read,5,2,26.446693,200,89.179,479,
read_5,read,5,1,26.49914,200,52.484,479,
read_5,read,5,3,26.480266,200,78.729,479,
read_5,read,5,0,26.506284,200,67.689,479,
read_5,read,5,4,26.519326,200,62.544,479,
read_5,read,5,2,26.535919,200,70.355,479,
read_5,read,5,3,26.559042,200,50.917,479,
read_5,read,5,1,26.55169,200,73.231,479,
read_5,read,5,0,26.57402,200,66.88,479,
read_5,read,5,4,26.581917,200,69.02,479,
read_5,read,5,2,26.606323,200,47.13,479,
read_5,read,5,3,26.610024,200,63.99,479,
read_5,read,5,0,26.640964,200,48.427,479,
read_5,read,5,1,26.624971,200,87.844,479,
read_5,read,5,2,26.6535,200,61.477,479,
read_5,read,5,4,26.650984,200,79.196,479,
read_5,read,5,3,26.674062,200,57.153,479,
read_5,read,5,4,26.730227,200,22.489,479,
read_5,read,5,0,26.689529,200,74.846,479,
read_5,read,5,1,26.712872,200,62.505,479,
read_5,read,5,4,26.752763,200,27.569,479,
read_5,read,5,2,26.715047,200,96.103,479,
read_5,read,5,1,26.775458,200,46.911,479,
read_5,read,5,4,26.780405,200,49.76,479,
read_5,read,5,3,26.731273,200,108.422,479,
read_5,read,5,0,26.764424,200,91.564,479,
read_5,read,5,4,26.830214,200,39.556,479,
read_5,read,5,2,26.811197,200,73.763,479,
read_5,read,5,3,26.839743,200,46.882,479,
read_5,read,5,1,26.822417,200,84.411,479,
read_5,read,5,4,26.869817,200,53.947,479,
read_5,read,5,0,26.856052,200,73.524,479,
read_5,read,5,2,26.885007,200,48.673,479,
read_5,read,5,4,26.923812,200,37.778,479,
read_5,read,5,2,26.933741,200,40.969,479,
read_5,read,5,1,26.906876,200,74.352,479,
read_5,read,5,3,26.886674,200,99.241,479,
read_5,read,5,4,26.961639,200,49.851,479,
read_5,read,5,2,26.974757,200,50.592,479,
read_5,read,5,0,26.929625,200,107.397,479,
read_5,read,5,3,26.985963,200,53.703,479,
read_5,read,5,3,27.039743,200,23.725,479,
read_5,read,5,1,26.981276,200,83.112,479,
read_5,read,5,4,27.01154,200,70.306,479,
read_5,read,5,3,27.063546,200,41.669,479,
read_5,read,5,2,27.025419,200,105.288,479,
read_5,read,5,0,27.037072,200,104.256,479,
read_5,read,5,4,27.081923,200,66.127,479,
read_5,read,5,3,27.10529,200,52.484,479,
read_5,read,5,1,27.064431,200,114.95,479,
read_5,read,5,3,27.157824,200,21.96,479,
read_5,read,5,2,27.130756,200,65.915,479,
read_5,read,5,1,27.179477,200,46.697,479,
read_5,read,5,0,27.141377,200,92.795,479,
read_5,read,5,3,27.179822,200,59.286,479,
read_5,read,5,4,27.148126,200,94.572,479,
read_5,read,5,2,27.196719,200,75.066,479,
read_5,read,5,3,27.239157,200,49.583,479,
read_5,read,5,4,27.242769,200,49.883,479,
read_5,read,5,1,27.226222,200,67.603,479,
read_5,read,5,0,27.234237,200,91.045,479,
read_5,read,5,2,27.271878,200,70.052,479,
read_5,read,5,4,27.2927,200,50.027,479,
read_5,read,5,3,27.288803,200,56.859,479,
read_5,read,5,1,27.29387,200,88.37,479,
read_5,read,5,4,27.342789,200,49.292,479,
read_5,read,5,0,27.325329,200,67.261,479,
read_5,read,5,2,27.341978,200,55.361,479,
read_5,read,5,4,27.392149,200,25.025,479,
read_5,read,5,4,27.41722,200,22.772,479,
read_5,read,5,3,27.345737,200,98.69,479,
read_5,read,5,1,27.3823,200,66.284,479,
read_5,read,5,4,27.440063,200,41.506,479,
read_5,read,5,0,27.392648,200,100.773,479,
read_5,read,5,3,27.44449,200,53.153,479,
read_5,read,5,2,27.397388,200,101.859,479,
read_5,read,5,1,27.448631,200,85.74,479,
read_5,read,5,3,27.497706,200,48.128,479,
read_5,read,5,4,27.48164,200,64.608,479,
read_5,read,5,0,27.493469,200,57.117,479,
read_5,read,5,2,27.499317,200,95.424,479,
read_5,read,5,1,27.534427,200,66.229,479,
read_5,read,5,4,27.546288,200,56.877,479,
read_5,read,5,3,27.545897,200,61.14,479,
read_5,read,5,0,27.550648,200,95.649,479,
read_5,read,5,1,27.600731,200,55.776,479,
read_5,read,5,2,27.594813,200,62.059,479,
read_5,read,5,4,27.603223,200,57.16,479,
read_5,read,5,1,27.656586,200,49.097,479,
read_5,read,5,3,27.607108,200,100.836,479,
read_5,read,5,0,27.646384,200,63.745,479,
read_5,read,5,2,27.656917,200,57.822,479,
read_5,read,5,4,27.66045,200,87.77,479,
read_5,read,5,0,27.710184,200,54.05,479,
read_5,read,5,1,27.705755,200,62.043,479,
read_5,read,5,2,27.714789,200,53.531,479,
read_5,read,5,3,27.708032,200,98.452,479,
read_5,read,5,4,27.748267,200,71.343,479,
read_5,read,5,1,27.767876,200,52.19,479,
read_5,read,5,0,27.764313,200,59.855,479,
read_5,read,5,2,27.76844,200,92.471,479,
read_5,read,5,4,27.819657,200,47.339,479,
read_5,read,5,3,27.806558,200,60.769,479,
read_5,read,5,0,27.824219,200,44.371,479,
read_5,read,5,2,27.860959,200,48.57,479,
read_5,read,5,3,27.867361,200,50.956,479,
read_5,read,5,1,27.820126,200,99.448,479,
read_5,read,5,4,27.867096,200,56.458,479,
read_5,read,5,2,27.909577,200,55.21,479,
read_5,read,5,3,27.918363,200,47.987,479,
read_5,read,5,0,27.868634,200,99.97,479,
read_5,read,5,4,27.923619,200,56.146,479,
read_5,read,5,3,27.966394,200,49.328,479,
read_5,read,5,1,27.91962,200,100.737,479,
read_5,read,5,2,27.96487,200,64.376,479,
read_5,read,5,4,27.979815,200,55.602,479,
read_5,read,5,0,27.968653,200,83.524,479,
read_5,read,5,0,28.052251,200,25.937,479,
read_5,read,5,3,28.015791,200,68.359,479,
read_5,read,5,1,28.020431,200,70.366,479,
read_5,read,5,0,28.078251,200,46.47,479,
read_5,read,5,3,28.084217,200,57.158,479,
read_5,read,5,2,28.029296,200,112.51,479,
read_5,read,5,4,28.035465,200,111.793,479,
read_5,read,5,1,28.090849,200,85.036,479,
read_5,read,5,3,28.141427,200,50.649,479,
read_5,read,5,2,28.141872,200,54.301,479,
read_5,read,5,0,28.124783,200,73.454,479,
read_5,read,5,1,28.175933,200,52.449,479,
read_5,read,5,3,28.192126,200,54.307,479,
read_5,read,5,4,28.147306,200,102.411,479,
read_5,read,5,2,28.196245,200,56.419,479,
read_5,read,5,0,28.198283,200,80.45,479,
read_5,read,5,3,28.246482,200,48.667,479,
read_5,read,5,1,28.228431,200,73.328,479,
read_5,read,5,4,28.249781,200,54.105,479,
read_5,read,5,3,28.295198,200,40.686,479,
read_5,read,5,0,28.278781,200,72.543,479,
read_5,read,5,2,28.252729,200,104.14,479,
read_5,read,5,1,28.301825,200,61.332,479,
read_5,read,5,4,28.303956,200,82.67,479,
read_5,read,5,2,28.356928,200,42.713,479,
read_5,read,5,1,28.363221,200,48.7,479,
read_5,read,5,3,28.335935,200,87.689,479,
read_5,read,5,0,28.351389,200,82.713,479,
read_5,read,5,4,28.386695,200,59.956,479,
read_5,read,5,2,28.399688,200,58.531,479,
read_5,read,5,1,28.412009,200,61.934,479,
read_5,read,5,3,28.423671,200,69.888,479,
read_5,read,5,4,28.446719,200,50.511,479,
read_5,read,5,2,28.458266,200,50.704,479,
read_5,read,5,0,28.434148,200,98.644,479,
read_5,read,5,1,28.473993,200,72.001,479,
read_5,read,5,4,28.497277,200,56.481,479,
read_5,read,5,2,28.509019,200,53.699,479,
read_5,read,5,3,28.493646,200,99.81,479,
read_5,read,5,0,28.532859,200,71.853,479,
read_5,read,5,1,28.546043,200,64.632,479,
read_5,read,5,2,28.562792,200,53.655,479,
read_5,read,5,2,28.616516,200,27.308,479,
read_5,read,5,4,28.553836,200,94.312,479,
read_5,read,5,3,28.593506,200,67.242,479,
read_5,read,5,2,28.643876,200,41.784,479,
read_5,read,5,0,28.604801,200,87.719,479,
read_5,read,5,4,28.648291,200,48.678,479,
read_5,read,5,1,28.610724,200,117.962,479,
read_5,read,5,4,28.697017,200,38.507,479,
read_5,read,5,3,28.660825,200,95.891,479,
read_5,read,5,1,28.728734,200,60.439,479,
read_5,read,5,4,28.735604,200,70.354,479,
read_5,read,5,2,28.685737,200,122.178,479,
read_5,read,5,0,28.692591,200,130.132,479,
read_5,read,5,4,28.806038,200,35.091,479,
read_5,read,5,3,28.756802,200,109.268,479,
read_5,read,5,1,28.789253,200,82.11,479,
read_5,read,5,0,28.822772,200,56.574,479,
read_5,read,5,4,28.841177,200,54.341,479,
read_5,read,5,2,28.807984,200,101.708,479,
read_5,read,5,3,28.86612,200,60.14,479,
read_5,read,5,0,28.879396,200,60.685,479,
read_5,read,5,1,28.871451,200,85.245,479,
read_5,read,5,4,28.895567,200,72.556,479,
read_5,read,5,3,28.926325,200,56.045,479,
read_5,read,5,2,28.90974,200,80.942,479,
read_5,read,5,0,28.940131,200,54.945,479,
read_5,read,5,0,28.995148,200,23.463,479,
read_5,read,5,1,28.956743,200,63.767,479,
read_5,read,5,4,28.968201,200,70.527,479,
read_5,read,5,1,29.020565,200,44.475,479,
read_5,read,5,0,29.018677,200,53.891,479,
read_5,read,5,2,28.990747,200,92.248,479,
read_5,read,5,3,28.982417,200,100.929,479,
read_5,read,5,4,29.038776,200,59.154,479,
read_5,read,5,1,29.065088,200,64.576,479,
read_5,read,5,0,29.072619,200,57.334,479,
read_5,read,5,2,29.083043,200,56.669,479,
read_5,read,5,3,29.083395,200,60.949,479,
read_5,read,5,0,29.12999,200,50.044,479,
read_5,read,5,1,29.129711,200,53.276,479,
read_5,read,5,4,29.097997,200,85.406,479,
read_5,read,5,2,29.139761,200,51.651,479,
read_5,read,5,0,29.180082,200,30.266,479,
read_5,read,5,3,29.144393,200,85.015,479,
read_5,read,5,1,29.183035,200,51.142,479,
read_5,read,5,0,29.210397,200,29.271,479,
read_5,read,5,3,29.229454,200,45.992,479,
read_5,read,5,4,29.183463,200,93.436,479,
read_5,read,5,2,29.191461,200,96.386,479,
read_5,read,5,0,29.239719,200,58.66,479,
read_5,read,5,3,29.275494,200,47.489,479,
read_5,read,5,1,29.234222,200,96.246,479,
read_5,read,5,4,29.276945,200,62.205,479,
read_5,read,5,2,29.287914,200,63.177,479,
read_5,read,5,0,29.298426,200,66.575,479,
read_5,read,5,3,29.323057,200,64.574,479,
read_5,read,5,1,29.330516,200,96.451,479,
read_5,read,5,2,29.351139,200,91.841,479,
read_5,read,5,0,29.365073,200,89.59,479,
read_5,read,5,4,29.339198,200,152.784,479,
read_5,read,5,3,29.387702,200,123.844,479,
read_5,read,5,1,29.427042,200,97.742,479,
read_5,read,5,2,29.443056,200,100.264,479,
read_5,read,5,3,29.511622,200,67.005,479,
read_5,read,5,1,29.524856,200,80.464,479,
read_5,read,5,0,29.454744,200,176.202,479,
read_5,read,5,4,29.492059,200,146.216,479,
read_5,read,5,2,29.543393,200,120.599,479,
read_5,read,5,1,29.60541,200,87.129,479,
read_5,read,5,3,29.578699,200,118.467,479,
read_5,read,5,4,29.638387,200,59.107,479,
read_5,read,5,0,29.631035,200,83.083,479,
read_5,read,5,2,29.664042,200,81.307,479,
read_5,read,5,1,29.692591,200,61.724,479,
read_5,read,5,4,29.697535,200,63.295,479,
read_5,read,5,0,29.714199,200,59.457,479,
read_5,read,5,2,29.745401,200,64.601,479,
read_5,read,5,3,29.697223,200,114.695,479,
read_5,read,5,1,29.754378,200,60.496,479,
read_5,read,5,0,29.77372,200,55.466,479,
read_5,read,5,4,29.760898,200,100.038,479,
read_5,read,5,3,29.811977,200,53.3,479,
read_5,read,5,2,29.810052,200,60.523,479,
read_5,read,5,0,29.829237,200,50.51,479,
read_5,read,5,1,29.814944,200,97.54,479,
read_5,read,5,4,29.860985,200,63.188,479,
read_5,read,5,2,29.870642,200,56.551,479,
read_5,read,5,0,29.879797,200,55.672,479,
read_5,read,5,3,29.86536,200,107.053,479,
read_5,read,5,2,29.927264,200,49.478,479,
read_5,read,5,1,29.912532,200,64.582,479,
read_5,read,5,4,29.924246,200,66.769,479,
read_5,read,5,3,29.972501,200,57.772,479,
read_5,read,5,1,29.977179,200,53.471,479,
read_5,read,5,0,29.935561,200,101.39,479,
read_5,read,5,4,29.991077,200,52.439,479,
read_5,read,5,2,29.976806,200,86.71,479,
read_10,read,10,2,0.000992,200,46.386,479,
read_10,read,10,1,0.000192,200,47.955,479,
read_10,read,10,4,0.000493,200,57.399,479,
read_10,read,10,8,0.000685,200,57.671,479,
read_10,read,10,9,7.5e-05,200,94.058,479,
read_10,read,10,7,0.000598,200,99.925,479,
read_10,read,10,3,0.000313,200,105.048,479,
read_10,read,10,6,0.000397,200,109.61,479,
read_10,read,10,0,0.001146,200,140.002,479,
read_10,read,10,5,0.000868,200,146.378,479,
read_10,read,10,1,0.04819,200,109.598,479,
read_10,read,10,2,0.047456,200,117.01,479,
read_10,read,10,9,0.09418,200,105.092,479,
read_10,read,10,8,0.058409,200,143.766,479,
read_10,read,10,4,0.057969,200,144.749,479,
read_10,read,10,7,0.100569,200,125.889,479,
read_10,read,10,0,0.141208,200,104.589,479,
read_10,read,10,6,0.11006,200,141.633,479,
read_10,read,10,3,0.105426,200,149.959,479,
read_10,read,10,1,0.157835,200,116.916,479,
read_10,read,10,9,0.199335,200,101.133,479,
read_10,read,10,2,0.164514,200,137.284,479,
read_10,read,10,5,0.147335,200,157.279,479,
read_10,read,10,8,0.202244,200,118.446,479,
read_10,read,10,6,0.251756,200,100.563,479,
read_10,read,10,4,0.202775,200,149.91,479,
read_10,read,10,2,0.301861,200,56.406,479,
read_10,read,10,7,0.226505,200,144.517,479,
read_10,read,10,6,0.352401,200,47.886,479,
read_10,read,10,8,0.320768,200,80.113,479,
read_10,read,10,0,0.245874,200,162.103,479,
read_10,read,10,3,0.255457,200,161.843,479,
read_10,read,10,7,0.371192,200,79.48,479,
read_10,read,10,6,0.400437,200,52.839,479,
read_10,read,10,1,0.274796,200,187.466,479,
read_10,read,10,9,0.300515,200,169.802,479,
read_10,read,10,0,0.408029,200,92.775,479,
read_10,read,10,3,0.417392,200,83.743,479,
read_10,read,10,5,0.304677,200,210.336,479,
read_10,read,10,4,0.352742,200,171.953,479,
read_10,read,10,3,0.501196,200,56.805,479,
read_10,read,10,9,0.470559,200,91.199,479,
read_10,read,10,2,0.358344,200,214.356,479,
read_10,read,10,8,0.400973,200,180.593,479,
read_10,read,10,4,0.524741,200,88.012,479,
read_10,read,10,5,0.515104,200,98.037,479,
read_10,read,10,7,0.450739,200,179.513,479,
read_10,read,10,6,0.453497,200,177.55,479,
read_10,read,10,2,0.572748,200,68.804,479,
read_10,read,10,7,0.6303,200,38.301,479,
read_10,read,10,0,0.500854,200,178.471,479,
read_10,read,10,1,0.46232,200,217.679,479,
read_10,read,10,6,0.631106,200,63.381,479,
read_10,read,10,3,0.558073,200,168.155,479,
read_10,read,10,7,0.66865,200,57.889,479,
read_10,read,10,9,0.561808,200,169.347,479,
read_10,read,10,0,0.679467,200,66.859,479,
read_10,read,10,1,0.680038,200,92.625,479,
read_10,read,10,8,0.581613,200,193.711,479,
read_10,read,10,4,0.612802,200,169.405,479,
read_10,read,10,6,0.694562,200,96.609,479,
read_10,read,10,7,0.726578,200,92.109,479,
read_10,read,10,5,0.613208,200,210.017,479,
read_10,read,10,2,0.641617,200,191.869,479,
read_10,read,10,9,0.731217,200,112.32,479,
read_10,read,10,3,0.726287,200,141.52,479,
read_10,read,10,5,0.823288,200,51.122,479,
read_10,read,10,2,0.833533,200,57.025,479,
read_10,read,10,0,0.746373,200,149.223,479,
read_10,read,10,1,0.772711,200,142.339,479,
read_10,read,10,5,0.874458,200,43.746,479,
read_10,read,10,2,0.890604,200,57.136,479,
read_10,read,10,8,0.775386,200,180.977,479,
read_10,read,10,4,0.782283,200,181.141,479,
read_10,read,10,1,0.915106,200,58.183,479,
read_10,read,10,2,0.947788,200,53.698,479,
read_10,read,10,6,0.791219,200,224.71,479,
read_10,read,10,7,0.818734,200,199.608,479,
read_10,read,10,8,0.95641,200,83.357,479,
read_10,read,10,1,0.973336,200,93.716,479,
read_10,read,10,9,0.843585,200,242.077,479,
read_10,read,10,3,0.867854,200,222.172,479,
read_10,read,10,2,1.001564,200,101.461,479,
read_10,read,10,7,1.01841,200,108.958,479,
read_10,read,10,5,0.91825,200,234.64,479,
read_10,read,10,0,0.895668,200,264.084,479,
read_10,read,10,1,1.067145,200,102.922,479,
read_10,read,10,7,1.12743,200,67.565,479,
read_10,read,10,4,0.963485,200,250.972,479,
read_10,read,10,6,1.015998,200,207.541,479,
read_10,read,10,5,1.152986,200,86.175,479,
read_10,read,10,1,1.170137,200,83.247,479,
read_10,read,10,8,1.039819,200,234.168,479,
read_10,read,10,9,1.08573,200,197.311,479,
read_10,read,10,7,1.195056,200,105.776,479,
read_10,read,10,4,1.214509,200,95.249,479,
read_10,read,10,3,1.090091,200,244.765,479,
read_10,read,10,2,1.103102,200,234.234,479,
read_10,read,10,5,1.239234,200,117.181,479,
read_10,read,10,1,1.253488,200,111.442,479,
read_10,read,10,0,1.159823,200,237.442,479,
read_10,read,10,6,1.223589,200,175.012,479,
read_10,read,10,8,1.274039,200,147.812,479,
read_10,read,10,9,1.283113,200,146.685,479,
read_10,read,10,7,1.300912,200,159.718,479,
read_10,read,10,3,1.334908,200,131.189,479,
read_10,read,10,2,1.337404,200,157.467,479,
read_10,read,10,4,1.309835,200,185.543,479,
read_10,read,10,5,1.356491,200,172.884,479,
read_10,read,10,8,1.42192,200,117.279,479,
read_10,read,10,0,1.397317,200,164.921,479,
read_10,read,10,1,1.365013,200,242.76,479,
read_10,read,10,4,1.495448,200,144.615,479,
read_10,read,10,2,1.494952,200,154.569,479,
read_10,read,10,6,1.398668,200,269.131,479,
read_10,read,10,9,1.429853,200,260.807,479,
read_10,read,10,5,1.52943,200,200.098,479,
read_10,read,10,8,1.539294,200,202.855,479,
read_10,read,10,7,1.460697,200,284.499,479,
read_10,read,10,3,1.466161,200,328.762,479,
read_10,read,10,4,1.640189,200,184.885,479,
read_10,read,10,0,1.562317,200,266.03,479,
read_10,read,10,2,1.649599,200,183.109,479,
read_10,read,10,1,1.607851,200,288.74,479,
read_10,read,10,6,1.667867,200,250.361,479,
read_10,read,10,9,1.690735,200,231.68,479,
read_10,read,10,5,1.729607,200,196.997,479,
read_10,read,10,3,1.795014,200,195.931,479,
read_10,read,10,8,1.742232,200,263.184,479,
read_10,read,10,2,1.832781,200,178.753,479,
read_10,read,10,7,1.745279,200,268.957,479,
read_10,read,10,6,1.918281,200,153.788,479,
read_10,read,10,0,1.828419,200,260.159,479,
read_10,read,10,4,1.825175,200,263.944,479,
read_10,read,10,8,2.005507,200,110.081,479,
read_10,read,10,7,2.014319,200,128.343,479,
read_10,read,10,1,1.896644,200,259.574,479,
read_10,read,10,9,1.922489,200,241.838,479,
read_10,read,10,4,2.089184,200,107.997,479,
read_10,read,10,0,2.088658,200,136.208,479,
read_10,read,10,5,1.926677,200,299.933,479,
read_10,read,10,3,1.991036,200,254.672,479,
read_10,read,10,8,2.115656,200,157.577,479,
read_10,read,10,7,2.142739,200,154.151,479,
read_10,read,10,2,2.011606,200,296.817,479,
read_10,read,10,6,2.07214,200,260.955,479,
read_10,read,10,1,2.15629,200,200.458,479,
read_10,read,10,5,2.226695,200,143.257,479,
read_10,read,10,9,2.164412,200,215.236,479,
read_10,read,10,4,2.197256,200,203.41,479,
read_10,read,10,3,2.245784,200,172.832,479,
read_10,read,10,6,2.333166,200,101.638,479,
read_10,read,10,0,2.22494,200,219.246,479,
read_10,read,10,8,2.273285,200,207.039,479,
read_10,read,10,9,2.3797,200,117.186,479,
read_10,read,10,3,2.418759,200,88.655,479,
read_10,read,10,7,2.296967,200,221.285,479,
read_10,read,10,2,2.308526,200,241.646,479,
read_10,read,10,9,2.496956,200,66.982,479,
read_10,read,10,3,2.507491,200,76.532,479,
read_10,read,10,1,2.356829,200,243.576,479,
read_10,read,10,5,2.370026,200,241.516,479,
read_10,read,10,7,2.518331,200,127.136,479,
read_10,read,10,4,2.400717,200,264.094,479,
read_10,read,10,2,2.550242,200,116.697,479,
read_10,read,10,6,2.435003,200,257.192,479,
read_10,read,10,9,2.563988,200,157.296,479,
read_10,read,10,0,2.444266,200,291.641,479,
read_10,read,10,5,2.611592,200,125.155,479,
read_10,read,10,8,2.480395,200,287.153,479,
read_10,read,10,4,2.664882,200,127.912,479,
read_10,read,10,6,2.692284,200,113.783,479,
read_10,read,10,3,2.584091,200,232.54,479,
read_10,read,10,1,2.600482,200,230.863,479,
read_10,read,10,8,2.767622,200,88.465,479,
read_10,read,10,4,2.792866,200,86.293,479,
read_10,read,10,7,2.645552,200,246.259,479,
read_10,read,10,2,2.667052,200,233.421,479,
read_10,read,10,6,2.806136,200,120.051,479,
read_10,read,10,3,2.816711,200,128.04,479,
read_10,read,10,9,2.721342,200,240.033,479,
read_10,read,10,0,2.735991,200,231.245,479,
read_10,read,10,1,2.831441,200,156.103,479,
read_10,read,10,8,2.856163,200,156.818,479,
read_10,read,10,5,2.736816,200,287.4,479,
read_10,read,10,2,2.900542,200,141.942,479,
read_10,read,10,4,2.879236,200,177.967,479,
read_10,read,10,7,2.891862,200,188.242,479,
read_10,read,10,6,2.926263,200,167.214,479,
read_10,read,10,0,2.967315,200,145.339,479,
read_10,read,10,3,2.944831,200,187.219,479,
read_10,read,10,9,2.961425,200,196.578,479,
read_10,read,10,1,2.987618,200,173.834,479,
read_10,read,10,8,3.013031,200,170.279,479,
read_10,read,10,7,3.080157,200,114.644,479,
read_10,read,10,5,3.024268,200,201.545,479,
read_10,read,10,0,3.112726,200,114.124,479,
read_10,read,10,2,3.04256,200,217.664,479,
read_10,read,10,3,3.132099,200,134.445,479,
read_10,read,10,4,3.057259,200,231.725,479,
read_10,read,10,1,3.16153,200,134.622,479,
read_10,read,10,6,3.09353,200,245.869,479,
read_10,read,10,8,3.183383,200,157.244,479,
read_10,read,10,2,3.260274,200,93.032,479,
read_10,read,10,9,3.158089,200,213.037,479,
read_10,read,10,2,3.353381,200,38.703,479,
read_10,read,10,9,3.371218,200,43.101,479,
read_10,read,10,9,3.414416,200,30.322,479,
read_10,read,10,7,3.194853,200,271.285,479,
read_10,read,10,9,3.444836,200,35.199,479,
read_10,read,10,5,3.225864,200,269.266,479,
read_10,read,10,0,3.226916,200,301.13,479,
read_10,read,10,7,3.466186,200,71.775,479,
read_10,read,10,9,3.480086,200,62.04,479,
read_10,read,10,3,3.266614,200,289.49,479,
read_10,read,10,4,3.289041,200,299.954,479,
read_10,read,10,5,3.495179,200,114.68,479,
read_10,read,10,0,3.528097,200,87.327,479,
read_10,read,10,1,3.296232,200,327.037,479,
read_10,read,10,6,3.339492,200,321.791,479,
read_10,read,10,9,3.542193,200,132.865,479,
read_10,read,10,7,3.538113,200,150.725,479,
read_10,read,10,8,3.340701,200,348.668,479,
read_10,read,10,2,3.392155,200,338.233,479,
read_10,read,10,3,3.556156,200,191.974,479,
read_10,read,10,4,3.589069,200,161.763,479,
read_10,read,10,5,3.609912,200,155.697,479,
read_10,read,10,1,3.623321,200,179.212,479,
read_10,read,10,0,3.615476,200,190.039,479,
read_10,read,10,6,3.661352,200,160.27,479,
read_10,read,10,9,3.675136,200,156.341,479,
read_10,read,10,8,3.689444,200,185.851,479,
read_10,read,10,7,3.688915,200,187.723,479,
read_10,read,10,3,3.748207,200,143.259,479,
read_10,read,10,2,3.730468,200,170.614,479,
read_10,read,10,4,3.750908,200,188.162,479,
read_10,read,10,0,3.805585,200,141.233,479,
read_10,read,10,5,3.765687,200,193.379,479,
read_10,read,10,9,3.831548,200,148.427,479,
read_10,read,10,1,3.802951,200,210.954,479,
read_10,read,10,8,3.875358,200,147.063,479,
read_10,read,10,6,3.8217,200,202.415,479,
read_10,read,10,2,3.901154,200,145.24,479,
read_10,read,10,7,3.876712,200,205.771,479,
read_10,read,10,3,3.891517,200,202.331,479,
read_10,read,10,4,3.939152,200,171.015,479,
read_10,read,10,0,3.946895,200,173.729,479,
read_10,read,10,5,3.959139,200,199.04,479,
read_10,read,10,6,4.024191,200,142.585,479,
read_10,read,10,9,3.980026,200,192.436,479,
read_10,read,10,1,4.013978,200,172.864,479,
read_10,read,10,3,4.093969,200,127.548,479,
read_10,read,10,4,4.110246,200,133.663,479,
read_10,read,10,8,4.022473,200,222.306,479,
read_10,read,10,2,4.046456,200,210.22,479,
read_10,read,10,0,4.120717,200,166.913,479,
read_10,read,10,5,4.158259,200,151.979,479,
read_10,read,10,7,4.082661,200,228.65,479,
read_10,read,10,6,4.166859,200,146.942,479,
read_10,read,10,9,4.172543,200,183.255,479,
read_10,read,10,1,4.186908,200,183.804,479,
read_10,read,10,3,4.221584,200,155.301,479,
read_10,read,10,8,4.244852,200,132.566,479,
read_10,read,10,4,4.243987,200,173.634,479,
read_10,read,10,5,4.310316,200,123.331,479,
read_10,read,10,2,4.256731,200,180.681,479,
read_10,read,10,7,4.31137,200,134.19,479,
read_10,read,10,0,4.287688,200,197.274,479,
read_10,read,10,9,4.355856,200,145.045,479,
read_10,read,10,1,4.37077,200,140.1,479,
read_10,read,10,6,4.31385,200,198.964,479,
read_10,read,10,2,4.437488,200,109.511,479,
read_10,read,10,3,4.376953,200,187.403,479,
read_10,read,10,8,4.377493,200,198.245,479,
read_10,read,10,7,4.445637,200,136.625,479,
read_10,read,10,9,4.500988,200,116.344,479,
read_10,read,10,4,4.417693,200,215.143,479,
read_10,read,10,5,4.433756,200,210.34,479,
read_10,read,10,1,4.510938,200,145.407,479,
read_10,read,10,0,4.485029,200,215.621,479,
read_10,read,10,6,4.512876,200,200.645,479,
read_10,read,10,2,4.547049,200,198.112,479,
read_10,read,10,3,4.564431,200,199.488,479,
read_10,read,10,8,4.575792,200,200.271,479,
read_10,read,10,7,4.58237,200,194.236,479,
read_10,read,10,3,4.763992,200,38.788,479,
read_10,read,10,9,4.617402,200,209.438,479,
read_10,read,10,3,4.802843,200,34.985,479,
read_10,read,10,4,4.632981,200,209.726,479,
read_10,read,10,9,4.82689,200,53.939,479,
read_10,read,10,4,4.842767,200,54.952,479,
read_10,read,10,1,4.656396,200,252.367,479,
read_10,read,10,5,4.644178,200,268.854,479,
read_10,read,10,4,4.897796,200,88.967,479,
read_10,read,10,0,4.700731,200,286.678,479,
read_10,read,10,1,4.908816,200,81.894,479,
read_10,read,10,6,4.713573,200,298.135,479,
read_10,read,10,5,4.913105,200,152.478,479,
read_10,read,10,2,4.74523,200,328.541,479,
read_10,read,10,0,4.98748,200,86.842,479,
read_10,read,10,8,4.776131,200,310.606,479,
read_10,read,10,1,4.990779,200,140.473,479,
read_10,read,10,5,5.065657,200,77.167,479,
read_10,read,10,3,4.837889,200,307.441,479,
read_10,read,10,7,4.776649,200,369.185,479,
read_10,read,10,8,5.086814,200,107.961,479,
read_10,read,10,9,4.880907,200,328.032,479,
read_10,read,10,4,4.986848,200,223.563,479,
read_10,read,10,5,5.142894,200,85.226,479,
read_10,read,10,7,5.14589,200,109.538,479,
read_10,read,10,6,5.011778,200,263.401,479,
read_10,read,10,2,5.073855,200,205.239,479,
read_10,read,10,8,5.19485,200,103.467,479,
read_10,read,10,9,5.209013,200,118.013,479,
read_10,read,10,0,5.074395,200,263.038,479,
read_10,read,10,1,5.131317,200,221.144,479,
read_10,read,10,7,5.255479,200,119.622,479,
read_10,read,10,6,5.275254,200,118.305,479,
read_10,read,10,3,5.145391,200,266.749,479,
read_10,read,10,4,5.210524,200,212.156,479,
read_10,read,10,2,5.279192,200,164.937,479,
read_10,read,10,7,5.375152,200,87.194,479,
read_10,read,10,5,5.228176,200,247.151,479,
read_10,read,10,8,5.298384,200,191.037,479,
read_10,read,10,6,5.393632,200,114.811,479,
read_10,read,10,4,5.422761,200,107.026,479,
read_10,read,10,9,5.327098,200,212.811,479,
read_10,read,10,0,5.337507,200,209.712,479,
read_10,read,10,2,5.44418,200,117.802,479,
read_10,read,10,8,5.489473,200,104.27,479,
read_10,read,10,1,5.352527,200,242.155,479,
read_10,read,10,3,5.412222,200,193.185,479,
read_10,read,10,6,5.508494,200,108.751,479,
read_10,read,10,7,5.46243,200,183.747,479,
read_10,read,10,9,5.539978,200,107.067,479,
read_10,read,10,5,5.475409,200,183.969,479,
read_10,read,10,8,5.593824,200,79.239,479,
read_10,read,10,4,5.529861,200,166.006,479,
read_10,read,10,3,5.605479,200,92.971,479,
read_10,read,10,0,5.547271,200,165.446,479,
read_10,read,10,7,5.646247,200,79.463,479,
read_10,read,10,9,5.647117,200,101.228,479,
read_10,read,10,2,5.562033,200,195.427,479,
read_10,read,10,1,5.594744,200,165.225,479,
read_10,read,10,4,5.695917,200,84.903,479,
read_10,read,10,3,5.698527,200,107.696,479,
read_10,read,10,6,5.617317,200,195.766,479,
read_10,read,10,5,5.659426,200,159.826,479,
read_10,read,10,0,5.712764,200,124.252,479,
read_10,read,10,9,5.748396,200,111.791,479,
read_10,read,10,7,5.72576,200,140.194,479,
read_10,read,10,8,5.673113,200,199.711,479,
read_10,read,10,2,5.757532,200,136.033,479,
read_10,read,10,3,5.806289,200,106.303,479,
read_10,read,10,1,5.760016,200,161.568,479,
read_10,read,10,4,5.780914,200,149.408,479,
read_10,read,10,6,5.813132,200,136.769,479,
read_10,read,10,8,5.87289,200,89.842,479,
read_10,read,10,5,5.819302,200,153.691,479,
read_10,read,10,0,5.837065,200,148.168,479,
read_10,read,10,2,5.893615,200,104.445,479,
read_10,read,10,3,5.912658,200,111.91,479,
read_10,read,10,9,5.860266,200,171.429,479,
read_10,read,10,7,5.866208,200,173.82,479,
read_10,read,10,1,5.921649,200,135.685,479,
read_10,read,10,6,5.949978,200,131.189,479,
read_10,read,10,4,5.930369,200,151.217,479,
read_10,read,10,8,5.96278,200,130.142,479,
read_10,read,10,5,5.973061,200,135.825,479,
read_10,read,10,0,5.985313,200,151.776,479,
read_10,read,10,1,6.057384,200,85.772,479,
read_10,read,10,2,5.998118,200,145.478,479,
read_10,read,10,3,6.024788,200,138.778,479,
read_10,read,10,9,6.031795,200,151.926,479,
read_10,read,10,8,6.092996,200,99.712,479,
read_10,read,10,4,6.08166,200,114.159,479,
read_10,read,10,7,6.040103,200,183.938,479,
read_10,read,10,6,6.08122,200,150.284,479,
read_10,read,10,9,6.183809,200,60.105,479,
read_10,read,10,0,6.137137,200,115.27,479,
read_10,read,10,5,6.108978,200,162.18,479,
read_10,read,10,1,6.143225,200,145.504,479,
read_10,read,10,6,6.231573,200,65.66,479,
read_10,read,10,9,6.243962,200,65.057,479,
read_10,read,10,2,6.143647,200,181.685,479,
read_10,read,10,1,6.288777,200,42.83,479,
read_10,read,10,3,6.163614,200,180.648,479,
read_10,read,10,2,6.32538,200,39.998,479,
read_10,read,10,8,6.192755,200,183.067,479,
read_10,read,10,1,6.331881,200,61.123,479,
read_10,read,10,4,6.195867,200,197.982,479,
read_10,read,10,3,6.344309,200,73.737,479,
read_10,read,10,7,6.224087,200,196.106,479,
read_10,read,10,2,6.365446,200,71.602,479,
read_10,read,10,0,6.252476,200,202.156,479,
read_10,read,10,5,6.271206,200,192.222,479,
read_10,read,10,8,6.37587,200,96.288,479,
read_10,read,10,1,6.393069,200,100.591,479,
read_10,read,10,6,6.29728,200,212.36,479,
read_10,read,10,9,6.309078,200,201.208,479,
read_10,read,10,3,6.418094,200,99.244,479,
read_10,read,10,0,6.454679,200,94.488,479,
read_10,read,10,7,6.420265,200,129.877,479,
read_10,read,10,5,6.463475,200,98.331,479,
read_10,read,10,4,6.39389,200,172.834,479,
read_10,read,10,2,6.437096,200,159.203,479,
read_10,read,10,8,6.472206,200,136.011,479,
read_10,read,10,1,6.493745,200,116.334,479,
read_10,read,10,3,6.517408,200,95.751,479,
read_10,read,10,8,6.608286,200,25.054,479,
read_10,read,10,6,6.509715,200,147.529,479,
read_10,read,10,9,6.510343,200,147.303,479,
read_10,read,10,8,6.63339,200,24.718,479,
read_10,read,10,6,6.657318,200,45.165,479,
read_10,read,10,9,6.657708,200,45.239,479,
read_10,read,10,0,6.549256,200,155.552,479,
read_10,read,10,7,6.550214,200,158.909,479,
read_10,read,10,5,6.561878,200,184.936,479,
read_10,read,10,6,6.702556,200,51.694,479,
read_10,read,10,0,6.704876,200,52.944,479,
read_10,read,10,4,6.566792,200,192.629,479,
read_10,read,10,2,6.596368,200,194.835,479,
read_10,read,10,7,6.709184,200,83.281,479,
read_10,read,10,1,6.610125,200,199.313,479,
read_10,read,10,5,6.746861,200,62.967,479,
read_10,read,10,3,6.613229,200,225.391,479,
read_10,read,10,4,6.759492,200,90.754,479,
read_10,read,10,7,6.792508,200,65.831,479,
read_10,read,10,8,6.658145,200,212.537,479,
read_10,read,10,9,6.703016,200,185.566,479,
read_10,read,10,5,6.809869,200,90.83,479,
read_10,read,10,4,6.850319,200,61.201,479,
read_10,read,10,6,6.754339,200,167.902,479,
read_10,read,10,0,6.757885,200,187.989,479,
read_10,read,10,8,6.870729,200,89.083,479,
read_10,read,10,9,6.888629,200,73.193,479,
read_10,read,10,2,6.79125,200,189.981,479,
read_10,read,10,9,6.961869,200,28.748,479,
read_10,read,10,1,6.80951,200,186.194,479,
read_10,read,10,2,6.981305,200,48.239,479,
read_10,read,10,9,6.990669,200,56.509,479,
read_10,read,10,3,6.838697,200,215.618,479,
read_10,read,10,7,6.858424,200,196.964,479,
read_10,read,10,2,7.02959,200,49.786,479,
read_10,read,10,5,6.900749,200,193.898,479,
read_10,read,10,3,7.054383,200,53.504,479,
read_10,read,10,4,6.911567,200,201.228,479,
read_10,read,10,7,7.05545,200,76.731,479,
read_10,read,10,6,6.922333,200,224.114,479,
read_10,read,10,0,6.945922,200,223.37,479,
read_10,read,10,2,7.079423,200,98.709,479,
read_10,read,10,4,7.112841,200,77.035,479,
read_10,read,10,8,6.959876,200,249.08,479,
read_10,read,10,7,7.13226,200,103.853,479,
read_10,read,10,1,6.995753,200,244.282,479,
read_10,read,10,6,7.146496,200,108.108,479,
read_10,read,10,9,7.047243,200,222.618,479,
read_10,read,10,2,7.178192,200,112.788,479,
read_10,read,10,5,7.094695,200,211.473,479,
read_10,read,10,8,7.20901,200,102.397,479,
read_10,read,10,3,7.107934,200,218.195,479,
read_10,read,10,7,7.23618,200,130.942,479,
read_10,read,10,9,7.269962,200,112.968,479,
read_10,read,10,0,7.169343,200,218.646,479,
read_10,read,10,4,7.189946,200,207.553,479,
read_10,read,10,5,7.306216,200,123.895,479,
read_10,read,10,3,7.326208,200,114.966,479,
read_10,read,10,1,7.24009,200,208.579,479,
read_10,read,10,6,7.254682,200,212.566,479,
read_10,read,10,9,7.383011,200,104.673,479,
read_10,read,10,0,7.388063,200,117.648,479,
read_10,read,10,2,7.291028,200,222.623,479,
read_10,read,10,8,7.311484,200,228.005,479,
read_10,read,10,4,7.397573,200,148.762,479,
read_10,read,10,7,7.367185,200,199.985,479,
read_10,read,10,1,7.44874,200,123.493,479,
read_10,read,10,5,7.430161,200,182.74,479,
read_10,read,10,6,7.467298,200,170.601,479,
read_10,read,10,3,7.441223,200,211.626,479,
read_10,read,10,2,7.513721,200,141.026,479,
read_10,read,10,9,7.487734,200,195.262,479,
read_10,read,10,1,7.572299,200,129.331,479,
read_10,read,10,0,7.505779,200,217.369,479,
read_10,read,10,5,7.612972,200,121.908,479,
read_10,read,10,8,7.539556,200,212.756,479,
read_10,read,10,6,7.637999,200,142.645,479,
read_10,read,10,4,7.546415,200,259.547,479,
read_10,read,10,2,7.654799,200,165.118,479,
read_10,read,10,7,7.567244,200,253.044,479,
read_10,read,10,9,7.68307,200,162.274,479,
read_10,read,10,3,7.652915,200,213.291,479,
read_10,read,10,1,7.70168,200,174.186,479,
read_10,read,10,7,7.820347,200,57.752,479,
read_10,read,10,0,7.72322,200,178.744,479,
read_10,read,10,9,7.845395,200,78.451,479,
read_10,read,10,5,7.734981,200,197.331,479,
read_10,read,10,3,7.866257,200,71.476,479,
read_10,read,10,8,7.752392,200,198.297,479,
read_10,read,10,1,7.876026,200,100.331,479,
read_10,read,10,6,7.780717,200,206.996,479,
read_10,read,10,0,7.902043,200,109.385,479,
read_10,read,10,4,7.80603,200,216.512,479,
read_10,read,10,9,7.923897,200,113.194,479,
read_10,read,10,2,7.819967,200,238.233,479,
read_10,read,10,5,7.932379,200,147.246,479,
read_10,read,10,7,7.878158,200,213.969,479,
read_10,read,10,3,7.937781,200,167.205,479,
read_10,read,10,8,7.950769,200,167.231,479,
read_10,read,10,0,8.011514,200,127.204,479,
read_10,read,10,1,7.976406,200,179.819,479,
read_10,read,10,4,8.022617,200,140.743,479,
read_10,read,10,6,7.987779,200,187.923,479,
read_10,read,10,9,8.037142,200,158.064,479,
read_10,read,10,3,8.105061,200,113.414,479,
read_10,read,10,2,8.058248,200,167.511,479,
read_10,read,10,0,8.138766,200,93.131,479,
read_10,read,10,5,8.079675,200,172.931,479,
read_10,read,10,6,8.175782,200,98.368,479,
read_10,read,10,7,8.092177,200,188.668,479,
read_10,read,10,2,8.225808,200,62.107,479,
read_10,read,10,8,8.118056,200,190.05,479,
read_10,read,10,0,8.232029,200,96.661,479,
read_10,read,10,1,8.156275,200,172.796,479,
read_10,read,10,7,8.280999,200,63.272,479,
read_10,read,10,4,8.163486,200,202.572,479,
read_10,read,10,2,8.287965,200,99.381,479,
read_10,read,10,9,8.195257,200,198.066,479,
read_10,read,10,8,8.308157,200,92.561,479,
read_10,read,10,3,8.218526,200,200.604,479,
read_10,read,10,0,8.328739,200,111.204,479,
read_10,read,10,5,8.252656,200,197.354,479,
read_10,read,10,7,8.344337,200,106.797,479,
read_10,read,10,6,8.274199,200,196.516,479,
read_10,read,10,9,8.393372,200,104.079,479,
read_10,read,10,2,8.387396,200,113.833,479,
read_10,read,10,1,8.329139,200,178.165,479,
read_10,read,10,4,8.366145,200,159.025,479,
read_10,read,10,8,8.400779,200,147.182,479,
read_10,read,10,3,8.419179,200,130.295,479,
read_10,read,10,0,8.439991,200,119.274,479,
read_10,read,10,5,8.450077,200,126.016,479,
read_10,read,10,9,8.497696,200,102.08,479,
read_10,read,10,1,8.507353,200,94.02,479,
read_10,read,10,7,8.45118,200,166.626,479,
read_10,read,10,6,8.470778,200,151.294,479,
read_10,read,10,8,8.548014,200,101.568,479,
read_10,read,10,0,8.559312,200,90.942,479,
read_10,read,10,2,8.501297,200,161.004,479,
read_10,read,10,4,8.525263,200,148.333,479,
read_10,read,10,1,8.601415,200,97.194,479,
read_10,read,10,9,8.599824,200,104.529,479,
read_10,read,10,3,8.549538,200,166.913,479,
read_10,read,10,5,8.576141,200,150.677,479,
read_10,read,10,6,8.622144,200,129.555,479,
read_10,read,10,2,8.662391,200,90.454,479,
read_10,read,10,7,8.617852,200,150.817,479,
read_10,read,10,8,8.649648,200,132.954,479,
read_10,read,10,4,8.673656,200,132.185,479,
read_10,read,10,3,8.716497,200,89.73,479,
read_10,read,10,0,8.650343,200,173.34,479,
read_10,read,10,1,8.698672,200,137.506,479,
read_10,read,10,7,8.768736,200,87.239,479,
read_10,read,10,2,8.752888,200,106.22,479,
read_10,read,10,9,8.70443,200,164.233,479,
read_10,read,10,5,8.726867,200,171.096,479,
read_10,read,10,8,8.782663,200,117.348,479,
read_10,read,10,6,8.751748,200,156.185,479,
read_10,read,10,0,8.823755,200,86.286,479,
read_10,read,10,4,8.805906,200,138.674,479,
read_10,read,10,9,8.86871,200,82.532,479,
read_10,read,10,3,8.806265,200,153.734,479,
read_10,read,10,6,8.908006,200,53.335,479,
read_10,read,10,1,8.836226,200,161.636,479,
read_10,read,10,0,8.910087,200,91.684,479,
read_10,read,10,7,8.856022,200,153.342,479,
read_10,read,10,4,8.94463,200,66.143,479,
read_10,read,10,2,8.859166,200,191.759,479,
read_10,read,10,5,8.898025,200,156.826,479,
read_10,read,10,3,8.960049,200,96.42,479,
read_10,read,10,0,9.001828,200,59.595,479,
read_10,read,10,8,8.900057,200,192.892,479,
read_10,read,10,2,9.050973,200,49.421,479,
read_10,read,10,9,8.951311,200,155.303,479,
read_10,read,10,7,9.00941,200,103.567,479,
read_10,read,10,5,9.054913,200,94.532,479,
read_10,read,10,6,8.961385,200,189.479,479,
read_10,read,10,1,8.997908,200,158.638,479,
read_10,read,10,0,9.061494,200,103.928,479,
read_10,read,10,4,9.01084,200,189.772,479,
read_10,read,10,3,9.056515,200,154.59,479,
read_10,read,10,8,9.093043,200,119.053,479,
read_10,read,10,9,9.106678,200,112.017,479,
read_10,read,10,2,9.100441,200,156.572,479,
read_10,read,10,7,9.113048,200,148.337,479,
read_10,read,10,1,9.156607,200,110.239,479,
read_10,read,10,5,9.149492,200,118.353,479,
read_10,read,10,6,9.150928,200,171.345,479,
read_10,read,10,0,9.165487,200,168.318,479,
read_10,read,10,4,9.20066,200,135.724,479,
read_10,read,10,2,9.257079,200,83.541,479,
read_10,read,10,4,9.336468,200,75.331,479,
read_10,read,10,8,9.2123,200,215.01,479,
read_10,read,10,3,9.211156,200,222.522,479,
read_10,read,10,2,9.34067,200,94.345,479,
read_10,read,10,8,9.427386,200,66.463,479,
read_10,read,10,7,9.261435,200,235.059,479,
read_10,read,10,9,9.218762,200,287.145,479,
read_10,read,10,3,9.433756,200,99.828,479,
read_10,read,10,1,9.266915,200,331.607,479,
read_10,read,10,2,9.435083,200,166.02,479,
read_10,read,10,5,9.26789,200,353.112,479,
read_10,read,10,8,9.493933,200,135.46,479,
read_10,read,10,1,9.5986,200,67.001,479,
read_10,read,10,6,9.322429,200,350.324,479,
read_10,read,10,0,9.333883,200,354.525,479,
read_10,read,10,5,9.621107,200,79.328,479,
read_10,read,10,8,9.629467,200,104.245,479,
read_10,read,10,4,9.411885,200,333.274,479,
read_10,read,10,7,9.496615,200,269.422,479,
read_10,read,10,1,9.665675,200,105.764,479,
read_10,read,10,9,9.505982,200,302.191,479,
read_10,read,10,6,9.672887,200,147.31,479,
read_10,read,10,3,9.533659,200,308.69,479,
read_10,read,10,8,9.733814,200,114.587,479,
read_10,read,10,4,9.745243,200,147.243,479,
read_10,read,10,2,9.601187,200,294.866,479,
read_10,read,10,9,9.808245,200,110.996,479,
read_10,read,10,0,9.688462,200,245.723,479,
read_10,read,10,3,9.842435,200,150.083,479,
read_10,read,10,5,9.700486,200,299.762,479,
read_10,read,10,2,9.896126,200,120.451,479,
read_10,read,10,7,9.766104,200,252.84,479,
read_10,read,10,0,9.934257,200,150.69,479,
read_10,read,10,1,9.771488,200,316.011,479,
read_10,read,10,3,9.992595,200,96.973,479,
read_10,read,10,6,9.820299,200,276.619,479,
read_10,read,10,8,9.84856,200,311.182,479,
read_10,read,10,5,10.000331,200,161.466,479,
read_10,read,10,4,9.892575,200,275.308,479,
read_10,read,10,2,10.016735,200,156.139,479,
read_10,read,10,9,9.919328,200,308.667,479,
read_10,read,10,1,10.087599,200,145.99,479,
read_10,read,10,7,10.019034,200,221.29,479,
read_10,read,10,3,10.089638,200,152.038,479,
read_10,read,10,6,10.097,200,190.944,479,
read_10,read,10,0,10.085021,200,216.907,479,
read_10,read,10,8,10.159828,200,143.082,479,
read_10,read,10,5,10.162151,200,141.543,479,
read_10,read,10,9,10.228123,200,123.434,479,
read_10,read,10,4,10.167952,200,190.222,479,
read_10,read,10,3,10.241754,200,123.49,479,
read_10,read,10,2,10.17295,200,196.141,479,
read_10,read,10,6,10.288033,200,120.666,479,
read_10,read,10,7,10.240375,200,183.828,479,
read_10,read,10,1,10.233666,200,191.431,479,
read_10,read,10,8,10.302985,200,135.528,479,
read_10,read,10,5,10.30374,200,167.41,479,
read_10,read,10,9,10.351608,200,135.358,479,
read_10,read,10,0,10.302009,200,192.116,479,
read_10,read,10,4,10.358224,200,139.328,479,
read_10,read,10,2,10.369174,200,178.522,479,
read_10,read,10,3,10.365329,200,193.625,479,
read_10,read,10,8,10.438581,200,140.937,479,
read_10,read,10,6,10.408749,200,177.95,479,
read_10,read,10,7,10.424291,200,195.297,479,
read_10,read,10,4,10.497621,200,138.563,479,
read_10,read,10,1,10.425165,200,227.465,479,
read_10,read,10,2,10.547767,200,108.123,479,
read_10,read,10,5,10.471216,200,210.824,479,
read_10,read,10,8,10.579601,200,119.337,479,
read_10,read,10,9,10.487017,200,224.667,479,
read_10,read,10,6,10.58677,200,126.947,479,
read_10,read,10,0,10.494175,200,245.78,479,
read_10,read,10,7,10.619639,200,137.351,479,
read_10,read,10,3,10.559021,200,213.183,479,
read_10,read,10,4,10.636235,200,141.211,479,
read_10,read,10,2,10.655974,200,147.933,479,
read_10,read,10,1,10.652712,200,153.859,479,
read_10,read,10,6,10.713798,200,110.614,479,
read_10,read,10,5,10.682114,200,160.528,479,
read_10,read,10,3,10.772253,200,86.874,479,
read_10,read,10,8,10.699016,200,169.62,479,
read_10,read,10,4,10.777518,200,104.552,479,
read_10,read,10,9,10.711757,200,186.36,479,
read_10,read,10,2,10.803956,200,112.052,479,
read_10,read,10,0,10.740074,200,181.21,479,
read_10,read,10,5,10.842691,200,93.235,479,
read_10,read,10,7,10.757066,200,200.461,479,
read_10,read,10,3,10.85919,200,113.838,479,
read_10,read,10,1,10.80663,200,174.713,479,
read_10,read,10,5,10.936005,200,52.613,479,
read_10,read,10,6,10.824461,200,191.148,479,
read_10,read,10,8,10.868685,200,165.905,479,
read_10,read,10,1,10.981421,200,58.404,479,
read_10,read,10,5,10.988684,200,58.462,479,
read_10,read,10,8,11.034658,200,34.402,479,
read_10,read,10,4,10.882119,200,189.582,479,
read_10,read,10,9,10.898169,200,193.091,479,
read_10,read,10,8,11.06911,200,57.394,479,
read_10,read,10,4,11.071747,200,59.809,479,
read_10,read,10,2,10.916058,200,221.577,479,
read_10,read,10,0,10.921333,200,242.131,479,
read_10,read,10,4,11.131606,200,53.636,479,
read_10,read,10,7,10.957595,200,246.788,479,
read_10,read,10,2,11.137715,200,71.46,479,
read_10,read,10,3,10.973077,200,261.351,479,
read_10,read,10,4,11.185291,200,68.237,479,
read_10,read,10,6,11.015667,200,239.882,479,
read_10,read,10,7,11.204462,200,63.584,479,
read_10,read,10,1,11.039875,200,256.033,479,
read_10,read,10,5,11.047218,200,262.638,479,
read_10,read,10,2,11.209258,200,103.105,479,
read_10,read,10,6,11.255594,200,65.736,479,
read_10,read,10,9,11.091323,200,260.799,479,
read_10,read,10,7,11.268096,200,91.726,479,
read_10,read,10,8,11.126578,200,238.163,479,
read_10,read,10,1,11.295981,200,76.543,479,
read_10,read,10,0,11.163539,200,239.824,479,
read_10,read,10,5,11.309905,200,105.26,479,
read_10,read,10,3,11.2345,200,186.178,479,
read_10,read,10,9,11.35217,200,76.676,479,
read_10,read,10,4,11.253599,200,204.545,479,
read_10,read,10,2,11.312426,200,158.568,479,
read_10,read,10,1,11.37259,200,104.986,479,
read_10,read,10,8,11.364806,200,115.233,479,
read_10,read,10,6,11.32138,200,189.819,479,
read_10,read,10,7,11.359897,200,175.729,479,
read_10,read,10,9,11.428925,200,113.592,479,
read_10,read,10,3,11.420726,200,122.326,479,
read_10,read,10,0,11.403413,200,216.764,479,
read_10,read,10,5,11.415215,200,226.501,479,
read_10,read,10,2,11.471072,200,184.082,479,
read_10,read,10,4,11.458194,200,206.437,479,
read_10,read,10,8,11.480086,200,212.596,479,
read_10,read,10,6,11.511267,200,223.455,479,
read_10,read,10,7,11.535681,200,199.577,479,
read_10,read,10,1,11.477644,200,260.519,479,
read_10,read,10,9,11.542608,200,226.488,479,
read_10,read,10,0,11.620249,200,177.817,479,
read_10,read,10,3,11.543098,200,260.185,479,
read_10,read,10,2,11.655224,200,155.913,479,
read_10,read,10,5,11.641791,200,188.974,479,
read_10,read,10,4,11.664723,200,194.882,479,
read_10,read,10,8,11.692737,200,173.744,479,
read_10,read,10,6,11.734793,200,143.856,479,
read_10,read,10,7,11.735325,200,153.775,479,
read_10,read,10,4,11.859658,200,75.384,479,
read_10,read,10,1,11.738229,200,198.735,479,
read_10,read,10,9,11.769146,200,189.511,479,
read_10,read,10,8,11.866551,200,101.321,479,
read_10,read,10,7,11.889151,200,116.706,479,
read_10,read,10,0,11.798135,200,214.069,479,
read_10,read,10,3,11.803373,200,230.02,479,
read_10,read,10,4,11.93512,200,109.961,479,
read_10,read,10,2,11.811262,200,265.072,479,
read_10,read,10,9,11.958731,200,137.919,479,
read_10,read,10,5,11.830845,200,290.962,479,
read_10,read,10,7,12.005931,200,122.297,479,
read_10,read,10,6,11.878731,200,277.047,479,
read_10,read,10,1,11.93705,200,268.446,479,
read_10,read,10,8,11.967954,200,268.14,479,
read_10,read,10,3,12.033492,200,218.014,479,
read_10,read,10,0,12.012271,200,252.952,479,
read_10,read,10,4,12.045168,200,237.341,479,
read_10,read,10,2,12.076875,200,236.273,479,
read_10,read,10,9,12.096703,200,230.748,479,
read_10,read,10,5,12.12193,200,208.994,479,
read_10,read,10,8,12.236211,200,113.394,479,
read_10,read,10,7,12.128306,200,257.523,479,
read_10,read,10,3,12.25156,200,138.387,479,
read_10,read,10,6,12.15585,200,245.484,479,
read_10,read,10,0,12.265274,200,152.62,479,
read_10,read,10,1,12.205584,200,246.736,479,
read_10,read,10,2,12.313207,200,141.295,479,
read_10,read,10,4,12.282578,200,187.423,479,
read_10,read,10,5,12.330991,200,153.899,479,
read_10,read,10,9,12.327523,200,194.163,479,
read_10,read,10,3,12.390023,200,141.208,479,
read_10,read,10,8,12.349656,200,189.941,479,
read_10,read,10,0,12.417959,200,129.728,479,
read_10,read,10,7,12.38588,200,196.714,479,
read_10,read,10,6,12.401443,200,202.811,479,
read_10,read,10,2,12.454568,200,152.453,479,
read_10,read,10,9,12.521774,200,95.99,479,
read_10,read,10,1,12.452389,200,203.897,479,
read_10,read,10,4,12.470071,200,199.028,479,
read_10,read,10,8,12.539673,200,135.955,479,
read_10,read,10,0,12.547761,200,133.888,479,
read_10,read,10,5,12.48494,200,240.09,479,
read_10,read,10,3,12.531287,200,196.7,479,
read_10,read,10,7,12.582643,200,149.559,479,
read_10,read,10,6,12.604337,200,140.16,479,
read_10,read,10,1,12.656337,200,123.76,479,
read_10,read,10,2,12.607117,200,174.2,479,
read_10,read,10,4,12.669173,200,113.797,479,
read_10,read,10,9,12.617825,200,180.859,479,
read_10,read,10,0,12.681728,200,149.103,479,
read_10,read,10,8,12.675699,200,159.699,479,
read_10,read,10,5,12.725092,200,110.696,479,
read_10,read,10,3,12.728142,200,119.744,479,
read_10,read,10,4,12.783014,200,84.822,479,
read_10,read,10,6,12.744564,200,139.039,479,
read_10,read,10,7,12.732253,200,154.514,479,
read_10,read,10,4,12.867886,200,33.977,479,
read_10,read,10,2,12.781364,200,154.393,479,
read_10,read,10,1,12.780167,200,159.589,479,
read_10,read,10,6,12.883652,200,56.548,479,
read_10,read,10,7,12.886831,200,64.947,479,
read_10,read,10,2,12.935806,200,34.266,479,
read_10,read,10,0,12.830907,200,158.756,479,
read_10,read,10,9,12.798768,200,191.771,479,
read_10,read,10,2,12.970118,200,31.306,479,
read_10,read,10,5,12.835826,200,199.881,479,
read_10,read,10,8,12.835481,200,200.514,479,
read_10,read,10,0,12.989735,200,51.182,479,
read_10,read,10,9,12.990598,200,60.072,479,
read_10,read,10,3,12.847953,200,232.769,479,
read_10,read,10,5,13.035754,200,46.319,479,
read_10,read,10,4,12.901918,200,188.23,479,
read_10,read,10,9,13.050717,200,50.1,479,
read_10,read,10,4,13.090209,200,30.282,479,
read_10,read,10,1,12.939822,200,190.077,479,
read_10,read,10,6,12.940265,200,199.634,479,
read_10,read,10,4,13.120538,200,37.023,479,
read_10,read,10,1,13.129946,200,53.236,479,
read_10,read,10,7,12.951841,200,231.817,479,
read_10,read,10,2,13.001471,200,189.298,479,
read_10,read,10,6,13.139961,200,73.166,479,
read_10,read,10,8,13.036033,200,193.961,479,
read_10,read,10,4,13.157618,200,73.804,479,
read_10,read,10,0,13.040964,200,200.833,479,
read_10,read,10,2,13.190819,200,78.079,479,
read_10,read,10,6,13.213173,200,67.99,479,
read_10,read,10,5,13.082142,200,210.289,479,
read_10,read,10,3,13.080788,200,212.365,479,
read_10,read,10,8,13.230071,200,95.918,479,
read_10,read,10,0,13.241857,200,86.948,479,
read_10,read,10,1,13.18326,200,163.562,479,
read_10,read,10,9,13.100864,200,246.5,479,
read_10,read,10,5,13.292651,200,84.725,479,
read_10,read,10,3,13.293206,200,85.472,479,
read_10,read,10,0,13.328852,200,94.247,479,
read_10,read,10,1,13.346924,200,78.477,479,
read_10,read,10,7,13.183723,200,260.856,479,
read_10,read,10,4,13.231465,200,215.474,479,
read_10,read,10,5,13.377444,200,103.175,479,
read_10,read,10,3,13.378735,200,106.503,479,
read_10,read,10,6,13.281209,200,224.099,479,
read_10,read,10,2,13.268946,200,238.987,479,
read_10,read,10,4,13.447017,200,94.012,479,
read_10,read,10,3,13.4853,200,64.841,479,
read_10,read,10,8,13.326059,200,240.002,479,
read_10,read,10,9,13.347402,200,219.14,479,
read_10,read,10,6,13.50536,200,100.977,479,
read_10,read,10,4,13.541078,200,79.273,479,
read_10,read,10,0,13.423148,200,206.288,479,
read_10,read,10,1,13.425507,200,206.627,479,
read_10,read,10,8,13.566144,200,113.734,479,
read_10,read,10,3,13.550211,200,130.156,479,
read_10,read,10,5,13.480667,200,205.232,479,
read_10,read,10,7,13.444627,200,241.777,479,
read_10,read,10,9,13.566611,200,163.274,479,
read_10,read,10,2,13.50798,200,225.458,479,
read_10,read,10,1,13.632202,200,106.483,479,
read_10,read,10,6,13.606387,200,135.083,479,
read_10,read,10,8,13.679954,200,103.667,479,
read_10,read,10,0,13.629503,200,155.157,479,
read_10,read,10,5,13.685966,200,99.118,479,
read_10,read,10,4,13.620401,200,173.483,479,
read_10,read,10,3,13.680433,200,156.776,479,
read_10,read,10,7,13.686494,200,160.805,479,
read_10,read,10,2,13.733492,200,115.3,479,
read_10,read,10,9,13.729962,200,123.607,479,
read_10,read,10,1,13.738765,200,169.431,479,
read_10,read,10,0,13.784735,200,126.458,479,
read_10,read,10,6,13.741559,200,171.649,479,
read_10,read,10,8,13.783706,200,130.63,479,
read_10,read,10,7,13.847371,200,123.68,479,
read_10,read,10,5,13.785137,200,186.429,479,
read_10,read,10,3,13.837258,200,135.441,479,
read_10,read,10,4,13.793966,200,179.524,479,
read_10,read,10,2,13.848839,200,177.38,479,
read_10,read,10,8,13.914407,200,112.379,479,
read_10,read,10,1,13.908471,200,122.68,479,
read_10,read,10,9,13.853639,200,181.436,479,
read_10,read,10,7,13.971136,200,115.713,479,
read_10,read,10,0,13.911275,200,176.389,479,
read_10,read,10,6,13.913281,200,179.348,479,
read_10,read,10,4,13.973558,200,120.862,479,
read_10,read,10,8,14.026855,200,117.462,479,
read_10,read,10,9,14.035143,200,116.67,479,
read_10,read,10,3,13.97278,200,180.473,479,
read_10,read,10,5,13.971623,200,189.792,479,
read_10,read,10,0,14.087725,200,136.321,479,
read_10,read,10,4,14.094565,200,136.373,479,
read_10,read,10,2,14.026313,200,211.896,479,
read_10,read,10,1,14.031218,200,217.403,479,
read_10,read,10,8,14.14439,200,149.825,479,
read_10,read,10,6,14.093348,200,223.918,479,
read_10,read,10,5,14.161467,200,160.513,479,
read_10,read,10,7,14.086946,200,238.056,479,
read_10,read,10,0,14.224142,200,145.728,479,
read_10,read,10,9,14.151889,200,237.347,479,
read_10,read,10,2,14.238279,200,155.19,479,
read_10,read,10,3,14.153298,200,242.343,479,
read_10,read,10,8,14.294287,200,139.284,479,
read_10,read,10,4,14.23101,200,225.498,479,
read_10,read,10,1,14.248698,200,214.567,479,
read_10,read,10,6,14.317343,200,151.338,479,
read_10,read,10,0,14.369921,200,126.814,479,
read_10,read,10,5,14.322047,200,204.256,479,
read_10,read,10,7,14.325115,200,204.941,479,
read_10,read,10,9,14.389312,200,149.762,479,
read_10,read,10,4,14.456575,200,113.318,479,
read_10,read,10,2,14.393558,200,192.423,479,
read_10,read,10,1,14.46334,200,136.576,479,
read_10,read,10,3,14.39572,200,206.962,479,
read_10,read,10,0,14.496797,200,131.928,479,
read_10,read,10,8,14.433647,200,212.115,479,
read_10,read,10,6,14.468771,200,187.719,479,
read_10,read,10,9,14.539144,200,128.728,479,
read_10,read,10,1,14.599989,200,85.619,479,
read_10,read,10,5,14.526376,200,175.116,479,
read_10,read,10,7,14.530132,200,185.227,479,
read_10,read,10,0,14.628795,200,95.845,479,
read_10,read,10,8,14.645815,200,100.305,479,
read_10,read,10,4,14.569944,200,188.507,479,
read_10,read,10,2,14.586051,200,187.381,479,
read_10,read,10,6,14.656539,200,125.286,479,
read_10,read,10,1,14.685657,200,116.817,479,
read_10,read,10,3,14.602742,200,220.687,479,
read_10,read,10,9,14.667939,200,164.938,479,
read_10,read,10,7,14.715408,200,127.07,479,
read_10,read,10,0,14.724713,200,135.636,479,
read_10,read,10,5,14.701561,200,176.158,479,
read_10,read,10,6,14.781902,200,105.746,479,
read_10,read,10,8,14.746174,200,162.921,479,
read_10,read,10,4,14.758519,200,158.93,479,
read_10,read,10,3,14.823477,200,121.869,479,
read_10,read,10,9,14.832926,200,131.015,479,
read_10,read,10,2,14.773532,200,202.084,479,
read_10,read,10,1,14.802522,200,183.661,479,
read_10,read,10,0,14.860426,200,158.306,479,
read_10,read,10,7,14.842543,200,189.638,479,
read_10,read,10,6,14.887714,200,149.772,479,
read_10,read,10,5,14.87777,200,183.769,479,
read_10,read,10,4,14.917523,200,164.424,479,
read_10,read,10,8,14.909179,200,184.967,479,
read_10,read,10,3,14.945397,200,154.815,479,
read_10,read,10,9,14.96399,200,164.322,479,
read_10,read,10,2,14.975697,200,167.238,479,
read_10,read,10,1,14.986257,200,165.802,479,
read_10,read,10,7,15.032243,200,122.042,479,
read_10,read,10,0,15.018783,200,169.0,479,
read_10,read,10,6,15.037554,200,163.54,479,
read_10,read,10,4,15.081998,200,123.507,479,
read_10,read,10,5,15.061599,200,150.188,479,
read_10,read,10,3,15.100285,200,147.35,479,
read_10,read,10,8,15.094224,200,159.791,479,
read_10,read,10,2,15.143008,200,118.108,479,
read_10,read,10,9,15.128361,200,147.629,479,
read_10,read,10,0,15.187831,200,107.926,479,
read_10,read,10,1,15.152126,200,160.816,479,
read_10,read,10,6,15.201171,200,119.371,479,
read_10,read,10,7,15.15435,200,170.88,479,
read_10,read,10,5,15.211837,200,134.167,479,
read_10,read,10,4,15.205581,200,168.437,479,
read_10,read,10,8,15.254064,200,123.557,479,
read_10,read,10,3,15.247685,200,132.217,479,
read_10,read,10,0,15.295833,200,101.073,479,
read_10,read,10,2,15.261238,200,158.259,479,
read_10,read,10,1,15.313005,200,112.778,479,
read_10,read,10,9,15.276058,200,157.309,479,
read_10,read,10,4,15.374252,200,73.591,479,
read_10,read,10,6,15.320613,200,150.67,479,
read_10,read,10,3,15.379972,200,101.197,479,
read_10,read,10,7,15.325359,200,165.495,479,
read_10,read,10,2,15.419591,200,80.001,479,
read_10,read,10,5,15.346052,200,193.604,479,
read_10,read,10,1,15.425888,200,119.898,479,
read_10,read,10,8,15.377691,200,182.874,479,
read_10,read,10,3,15.481227,200,86.796,479,
read_10,read,10,7,15.490952,200,111.677,479,
read_10,read,10,0,15.397024,200,208.761,479,
read_10,read,10,2,15.499639,200,139.163,479,
read_10,read,10,9,15.433446,200,217.513,479,
read_10,read,10,4,15.447893,200,223.796,479,
read_10,read,10,5,15.539773,200,142.131,479,
read_10,read,10,2,15.638911,200,71.488,479,
read_10,read,10,6,15.47133,200,239.447,479,
read_10,read,10,9,15.65104,200,78.336,479,
read_10,read,10,1,15.545843,200,196.033,479,
read_10,read,10,9,15.729426,200,46.508,479,
read_10,read,10,8,15.560626,200,221.945,479,
read_10,read,10,1,15.741942,200,51.335,479,
read_10,read,10,3,15.568076,200,234.993,479,
read_10,read,10,8,15.78262,200,36.657,479,
read_10,read,10,7,15.602679,200,245.774,479,
read_10,read,10,8,15.819347,200,31.789,479,
read_10,read,10,0,15.605865,200,256.008,479,
read_10,read,10,4,15.671775,200,229.777,479,
read_10,read,10,7,15.848504,200,63.729,479,
read_10,read,10,8,15.851201,200,61.579,479,
read_10,read,10,5,15.681969,200,237.026,479,
read_10,read,10,2,15.710465,200,256.323,479,
read_10,read,10,4,15.901603,200,67.346,479,
read_10,read,10,0,15.86195,200,116.457,479,
read_10,read,10,6,15.71084,200,271.916,479,
read_10,read,10,0,15.978509,200,56.092,479,
read_10,read,10,9,15.775997,200,267.168,479,
read_10,read,10,1,15.793367,200,254.303,479,
read_10,read,10,6,15.98282,200,67.364,479,
read_10,read,10,0,16.034653,200,60.475,479,
read_10,read,10,3,15.803119,200,294.45,479,
read_10,read,10,7,15.912334,200,193.354,479,
read_10,read,10,9,16.043253,200,77.897,479,
read_10,read,10,1,16.047755,200,107.019,479,
read_10,read,10,5,15.919061,200,244.34,479,
read_10,read,10,8,15.912865,200,251.89,479,
read_10,read,10,0,16.095177,200,88.654,479,
read_10,read,10,4,15.969018,200,256.721,479,
read_10,read,10,2,15.966882,200,259.413,479,
read_10,read,10,7,16.105765,200,121.367,479,
read_10,read,10,9,16.121199,200,132.409,479,
read_10,read,10,6,16.050234,200,231.415,479,
read_10,read,10,3,16.09766,200,195.464,479,
read_10,read,10,1,16.154824,200,142.846,479,
read_10,read,10,8,16.164831,200,153.788,479,
read_10,read,10,5,16.163478,200,187.403,479,
read_10,read,10,4,16.225791,200,132.368,479,
read_10,read,10,0,16.183881,200,174.722,479,
read_10,read,10,2,16.226356,200,154.622,479,
read_10,read,10,0,16.358659,200,45.669,479,
read_10,read,10,7,16.227209,200,185.019,479,
read_10,read,10,9,16.253677,200,167.891,479,
read_10,read,10,0,16.404444,200,62.761,479,
read_10,read,10,6,16.281757,200,192.823,479,
read_10,read,10,7,16.41228,200,65.575,479,
read_10,read,10,3,16.293175,200,185.19,479,
read_10,read,10,9,16.421649,200,106.883,479,
read_10,read,10,8,16.318674,200,214.271,479,
read_10,read,10,1,16.297774,200,236.492,479,
read_10,read,10,0,16.467273,200,73.971,479,
read_10,read,10,6,16.474654,200,110.266,479,
read_10,read,10,4,16.358239,200,233.942,479,
read_10,read,10,5,16.350931,200,252.739,479,
read_10,read,10,9,16.528607,200,82.927,479,
read_10,read,10,8,16.533006,200,116.551,479,
read_10,read,10,2,16.381027,200,272.972,479,
read_10,read,10,7,16.477925,200,191.459,479,
read_10,read,10,1,16.534373,200,140.431,479,
read_10,read,10,5,16.603749,200,108.706,479,
read_10,read,10,3,16.478421,200,236.152,479,
read_10,read,10,0,16.54132,200,191.052,479,
read_10,read,10,2,16.654064,200,89.171,479,
read_10,read,10,7,16.669453,200,99.403,479,
read_10,read,10,6,16.584999,200,194.335,479,
read_10,read,10,4,16.592243,200,200.743,479,
read_10,read,10,1,16.674869,200,133.812,479,
read_10,read,10,9,16.611586,200,231.513,479,
read_10,read,10,8,16.649619,200,197.408,479,
read_10,read,10,5,16.712548,200,138.261,479,
read_10,read,10,0,16.732422,200,130.04,479,
read_10,read,10,3,16.714648,200,188.945,479,
read_10,read,10,2,16.743283,200,165.226,479,
read_10,read,10,7,16.768937,200,155.372,479,
read_10,read,10,6,16.779396,200,149.763,479,
read_10,read,10,0,16.862531,200,103.718,479,
read_10,read,10,5,16.850926,200,116.607,479,
read_10,read,10,4,16.793035,200,194.66,479,
read_10,read,10,1,16.808757,200,185.28,479,
read_10,read,10,2,16.908559,200,144.429,479,
read_10,read,10,3,16.90367,200,150.976,479,
read_10,read,10,9,16.843147,200,233.258,479,
read_10,read,10,8,16.84711,200,230.333,479,
read_10,read,10,0,16.966319,200,151.316,479,
read_10,read,10,4,16.987743,200,130.289,479,
read_10,read,10,7,16.924385,200,211.895,479,
read_10,read,10,6,16.929232,200,207.972,479,
read_10,read,10,3,17.054694,200,124.017,479,
read_10,read,10,1,16.9941,200,188.007,479,
read_10,read,10,5,16.967638,200,233.373,479,
read_10,read,10,2,17.053038,200,148.867,479,
read_10,read,10,8,17.077524,200,164.057,479,
read_10,read,10,0,17.117687,200,132.029,479,
read_10,read,10,9,17.076473,200,184.502,479,
read_10,read,10,4,17.118085,200,149.267,479,
read_10,read,10,7,17.136329,200,159.223,479,
read_10,read,10,3,17.178777,200,140.154,479,
read_10,read,10,6,17.13727,200,188.61,479,
read_10,read,10,1,17.182186,200,152.331,479,
read_10,read,10,8,17.24165,200,142.158,479,
read_10,read,10,5,17.201061,200,194.463,479,
read_10,read,10,2,17.201951,200,194.348,479,
read_10,read,10,9,17.261044,200,145.531,479,
read_10,read,10,4,17.267421,200,192.093,479,
read_10,read,10,0,17.249786,200,210.133,479,
read_10,read,10,8,17.383923,200,86.098,479,
read_10,read,10,7,17.295601,200,174.984,479,
read_10,read,10,2,17.396342,200,127.043,479,
read_10,read,10,9,17.40665,200,117.589,479,
read_10,read,10,3,17.319007,200,211.405,479,
read_10,read,10,6,17.325954,200,210.679,479,
read_10,read,10,1,17.334565,200,248.849,479,
read_10,read,10,2,17.523607,200,60.323,479,
read_10,read,10,5,17.395608,200,192.633,479,
read_10,read,10,9,17.524302,200,70.459,479,
read_10,read,10,4,17.45959,200,178.607,479,
read_10,read,10,3,17.530494,200,110.814,479,
read_10,read,10,0,17.459969,200,189.265,479,
read_10,read,10,6,17.536708,200,114.534,479,
read_10,read,10,1,17.583465,200,116.909,479,
read_10,read,10,8,17.470121,200,230.796,479,
read_10,read,10,7,17.470669,200,233.209,479,
read_10,read,10,5,17.588446,200,123.987,479,
read_10,read,10,9,17.594855,200,166.104,479,
read_10,read,10,2,17.584002,200,179.955,479,
read_10,read,10,3,17.641399,200,134.363,479,
read_10,read,10,0,17.649302,200,128.16,479,
read_10,read,10,4,17.638261,200,185.805,479,
read_10,read,10,8,17.700961,200,130.607,479,
read_10,read,10,6,17.651315,200,181.701,479,
read_10,read,10,1,17.700447,200,141.879,479,
read_10,read,10,7,17.703964,200,188.687,479,
read_10,read,10,2,17.764006,200,128.924,479,
read_10,read,10,5,17.712504,200,194.936,479,
read_10,read,10,0,17.777507,200,138.125,479,
read_10,read,10,4,17.82414,200,183.228,479,
read_10,read,10,9,17.761053,200,246.889,479,
read_10,read,10,8,17.831767,200,219.962,479,
read_10,read,10,3,17.775813,200,276.644,479,
read_10,read,10,1,17.842396,200,270.918,479,
read_10,read,10,6,17.833088,200,299.72,479,
read_10,read,10,5,17.90751,200,250.408,479,
read_10,read,10,7,17.892701,200,282.473,479,
read_10,read,10,2,17.892965,200,331.789,479,
read_10,read,10,8,18.051797,200,184.804,479,
read_10,read,10,3,18.052519,200,184.556,479,
read_10,read,10,0,17.915721,200,337.125,479,
read_10,read,10,4,18.007443,200,273.16,479,
read_10,read,10,2,18.224827,200,69.731,479,
read_10,read,10,7,18.17523,200,120.381,479,
read_10,read,10,9,18.008003,200,305.532,479,
read_10,read,10,1,18.113378,200,223.427,479,
read_10,read,10,4,18.280677,200,72.693,479,
read_10,read,10,0,18.252899,200,103.012,479,
read_10,read,10,6,18.132873,200,231.091,479,
read_10,read,10,5,18.158003,200,237.25,479,
read_10,read,10,9,18.313587,200,90.313,479,
read_10,read,10,2,18.294609,200,116.896,479,
read_10,read,10,8,18.236654,200,181.829,479,
read_10,read,10,3,18.237139,200,219.652,479,
read_10,read,10,0,18.355999,200,101.872,479,
read_10,read,10,9,18.403972,200,59.429,479,
read_10,read,10,7,18.29568,200,171.423,479,
read_10,read,10,3,18.45684,200,53.677,479,
read_10,read,10,9,18.463467,200,53.243,479,
read_10,read,10,4,18.353422,200,171.131,479,
read_10,read,10,1,18.336856,200,188.346,479,
read_10,read,10,3,18.51059,200,55.59,479,
read_10,read,10,5,18.395332,200,173.425,479,
read_10,read,10,9,18.516786,200,53.485,479,
read_10,read,10,6,18.364015,200,214.333,479,
read_10,read,10,4,18.524624,200,87.344,479,
read_10,read,10,3,18.566229,200,57.682,479,
read_10,read,10,2,18.411556,200,213.87,479,
read_10,read,10,8,18.418564,200,213.52,479,
read_10,read,10,5,18.568805,200,90.591,479,
read_10,read,10,0,18.457941,200,218.905,479,
read_10,read,10,7,18.467154,200,213.636,479,
read_10,read,10,9,18.570318,200,114.269,479,
read_10,read,10,6,18.578399,200,131.934,479,
read_10,read,10,1,18.525279,200,205.779,479,
read_10,read,10,4,18.612018,200,127.65,479,
read_10,read,10,8,18.632134,200,108.644,479,
read_10,read,10,5,18.659446,200,104.534,479,
read_10,read,10,3,18.623995,200,154.829,479,
read_10,read,10,4,18.739834,200,40.49,479,
read_10,read,10,2,18.625494,200,175.837,479,
read_10,read,10,3,18.778872,200,25.0,479,
read_10,read,10,0,18.676921,200,150.366,479,
read_10,read,10,3,18.803941,200,42.993,479,
read_10,read,10,7,18.68086,200,168.138,479,
read_10,read,10,2,18.801378,200,55.785,479,
read_10,read,10,9,18.684638,200,197.274,479,
read_10,read,10,7,18.849061,200,50.957,479,
read_10,read,10,6,18.710428,200,192.102,479,
read_10,read,10,2,18.857265,200,50.435,479,
read_10,read,10,1,18.731147,200,203.389,479,
read_10,read,10,7,18.900087,200,49.213,479,
read_10,read,10,6,18.902586,200,50.453,479,
read_10,read,10,8,18.74085,200,219.931,479,
read_10,read,10,5,18.76404,200,226.613,479,
read_10,read,10,7,18.949349,200,51.558,479,
read_10,read,10,4,18.780367,200,226.327,479,
read_10,read,10,6,18.95309,200,54.146,479,
read_10,read,10,0,18.827334,200,212.102,479,
read_10,read,10,8,18.960828,200,98.993,479,
read_10,read,10,3,18.846981,200,217.539,479,
read_10,read,10,4,19.006763,200,58.21,479,
read_10,read,10,9,18.88196,200,213.152,479,
read_10,read,10,6,19.007291,200,98.203,479,
read_10,read,10,2,18.907779,200,207.571,479,
read_10,read,10,0,19.039539,200,76.764,479,
read_10,read,10,1,18.934584,200,214.928,479,
read_10,read,10,9,19.095162,200,60.809,479,
read_10,read,10,0,19.116363,200,49.238,479,
read_10,read,10,5,18.990703,200,176.59,479,
read_10,read,10,7,19.000954,200,201.448,479,
read_10,read,10,5,19.167336,200,46.265,479,
read_10,read,10,0,19.165649,200,50.721,479,
read_10,read,10,8,19.059869,200,159.855,479,
read_10,read,10,5,19.213649,200,39.727,479,
read_10,read,10,3,19.064587,200,196.352,479,
read_10,read,10,8,19.219793,200,46.993,479,
read_10,read,10,4,19.065031,200,205.301,479,
read_10,read,10,6,19.105554,200,211.455,479,
read_10,read,10,3,19.260987,200,58.931,479,
read_10,read,10,8,19.266836,200,53.823,479,
read_10,read,10,2,19.115424,200,234.118,479,
read_10,read,10,1,19.149568,200,246.52,479,
read_10,read,10,6,19.317095,200,80.687,479,
read_10,read,10,4,19.270409,200,138.912,479,
read_10,read,10,9,19.156068,200,297.944,479,
read_10,read,10,7,19.202449,200,270.896,479,
read_10,read,10,3,19.31999,200,173.243,479,
read_10,read,10,1,19.396169,200,111.195,479,
read_10,read,10,0,19.216431,200,327.472,479,
read_10,read,10,5,19.253439,200,314.039,479,
read_10,read,10,9,19.454083,200,138.923,479,
read_10,read,10,1,19.50744,200,104.695,479,
read_10,read,10,8,19.320733,200,310.619,479,
read_10,read,10,2,19.349611,200,296.014,479,
read_10,read,10,5,19.567551,200,83.771,479,
read_10,read,10,1,19.612186,200,51.486,479,
read_10,read,10,1,19.663766,200,24.643,479,
read_10,read,10,6,19.397852,200,294.556,479,
read_10,read,10,4,19.409401,200,291.247,479,
read_10,read,10,6,19.69246,200,46.571,479,
read_10,read,10,1,19.688463,200,51.055,479,
read_10,read,10,7,19.473397,200,270.263,479,
read_10,read,10,3,19.493301,200,259.325,479,
read_10,read,10,1,19.739574,200,52.004,479,
read_10,read,10,6,19.739087,200,52.863,479,
read_10,read,10,0,19.544027,200,252.616,479,
read_10,read,10,9,19.593058,200,212.625,479,
read_10,read,10,7,19.743717,200,98.318,479,
read_10,read,10,3,19.752693,200,94.798,479,
read_10,read,10,8,19.631437,200,223.816,479,
read_10,read,10,2,19.645675,200,213.768,479,
read_10,read,10,1,19.791652,200,103.634,479,
read_10,read,10,0,19.796713,200,103.508,479,
read_10,read,10,5,19.651373,200,255.735,479,
read_10,read,10,4,19.700699,200,206.787,479,
read_10,read,10,3,19.847569,200,114.213,479,
read_10,read,10,9,19.805755,200,156.493,479,
read_10,read,10,6,19.791992,200,170.783,479,
read_10,read,10,7,19.842113,200,127.128,479,
read_10,read,10,2,19.859492,200,159.783,479,
read_10,read,10,8,19.855328,200,164.625,479,
read_10,read,10,5,19.907157,200,113.513,479,
read_10,read,10,1,19.895367,200,125.907,479,
read_10,read,10,0,19.900303,200,161.124,479,
read_10,read,10,4,19.907547,200,160.287,479,
read_10,read,10,1,20.021335,200,47.275,479,
read_10,read,10,3,19.961853,200,112.951,479,
read_10,read,10,0,20.061475,200,42.764,479,
read_10,read,10,3,20.074891,200,38.623,479,
read_10,read,10,6,19.962842,200,151.408,479,
read_10,read,10,9,19.962308,200,160.032,479,
read_10,read,10,7,19.96931,200,179.623,479,
read_10,read,10,3,20.11356,200,45.419,479,
read_10,read,10,9,20.12241,200,43.144,479,
read_10,read,10,2,20.019344,200,164.464,479,
read_10,read,10,9,20.165617,200,27.542,479,
read_10,read,10,5,20.020745,200,183.388,479,
read_10,read,10,2,20.183856,200,31.128,479,
read_10,read,10,8,20.020017,200,211.692,479,
read_10,read,10,5,20.204209,200,48.542,479,
read_10,read,10,4,20.067898,200,190.129,479,
read_10,read,10,2,20.215032,200,50.932,479,
read_10,read,10,1,20.068671,200,222.772,479,
read_10,read,10,5,20.252843,200,47.373,479,
read_10,read,10,0,20.104309,200,196.468,479,
read_10,read,10,4,20.258075,200,64.922,479,
read_10,read,10,6,20.114291,200,224.874,479,
read_10,read,10,2,20.266013,200,82.553,479,
read_10,read,10,7,20.148979,200,209.148,479,
read_10,read,10,3,20.159068,200,225.434,479,
read_10,read,10,1,20.291491,200,96.948,479,
read_10,read,10,6,20.339212,200,55.445,479,
read_10,read,10,9,20.193208,200,223.13,479,
read_10,read,10,7,20.358216,200,92.483,479,
read_10,read,10,1,20.388558,200,66.388,479,
read_10,read,10,8,20.231756,200,227.235,479,
read_10,read,10,5,20.300279,200,173.573,479,
read_10,read,10,7,20.450809,200,62.311,479,
read_10,read,10,9,20.416404,200,101.226,479,
read_10,read,10,0,20.300815,200,225.734,479,
read_10,read,10,4,20.323052,200,210.306,479,
read_10,read,10,8,20.459048,200,103.816,479,
read_10,read,10,5,20.473922,200,101.323,479,
read_10,read,10,2,20.348659,200,239.37,479,
read_10,read,10,3,20.38455,200,209.457,479,
read_10,read,10,4,20.533418,200,92.642,479,
read_10,read,10,0,20.5266,200,100.429,479,
read_10,read,10,2,20.588091,200,79.527,479,
read_10,read,10,8,20.562913,200,108.429,479,
read_10,read,10,6,20.394703,200,286.572,479,
read_10,read,10,1,20.455014,200,235.699,479,
read_10,read,10,3,20.594074,200,124.214,479,
read_10,read,10,4,20.626107,200,100.417,479,
read_10,read,10,7,20.51317,200,224.528,479,
read_10,read,10,9,20.517704,200,220.295,479,
read_10,read,10,6,20.681322,200,88.788,479,
read_10,read,10,0,20.627075,200,143.617,479,
read_10,read,10,5,20.575316,200,209.654,479,
read_10,read,10,2,20.667665,200,121.389,479,
read_10,read,10,3,20.718336,200,96.482,479,
read_10,read,10,1,20.690793,200,132.386,479,
read_10,read,10,8,20.671428,200,163.488,479,
read_10,read,10,4,20.726614,200,114.583,479,
read_10,read,10,7,20.737748,200,126.218,479,
read_10,read,10,0,20.770787,200,104.745,479,
read_10,read,10,9,20.738035,200,148.328,479,
read_10,read,10,6,20.770233,200,117.686,479,
read_10,read,10,5,20.785021,200,124.89,479,
read_10,read,10,1,20.823227,200,108.92,479,
read_10,read,10,3,20.814866,200,117.641,479,
read_10,read,10,2,20.789129,200,149.684,479,
read_10,read,10,4,20.841245,200,116.99,479,
read_10,read,10,0,20.87558,200,109.01,479,
read_10,read,10,7,20.864042,200,121.903,479,
read_10,read,10,8,20.834992,200,157.353,479,
read_10,read,10,9,20.886439,200,122.027,479,
read_10,read,10,6,20.887995,200,148.499,479,
read_10,read,10,2,20.93889,200,99.421,479,
read_10,read,10,4,20.958283,200,87.851,479,
read_10,read,10,5,20.909958,200,150.058,479,
read_10,read,10,2,21.03836,200,51.759,479,
read_10,read,10,0,20.98464,200,105.858,479,
read_10,read,10,3,20.932545,200,167.598,479,
read_10,read,10,1,20.932222,200,176.208,479,
read_10,read,10,5,21.060064,200,79.951,479,
read_10,read,10,7,20.986335,200,155.327,479,
read_10,read,10,0,21.090567,200,57.25,479,
read_10,read,10,8,20.992426,200,170.96,479,
read_10,read,10,3,21.10019,200,88.67,479,
read_10,read,10,9,21.008513,200,187.266,479,
read_10,read,10,1,21.108518,200,87.745,479,
read_10,read,10,6,21.036759,200,179.61,479,
read_10,read,10,5,21.140061,200,94.896,479,
read_10,read,10,7,21.141707,200,104.592,479,
read_10,read,10,4,21.046201,200,202.973,479,
read_10,read,10,2,21.090167,200,174.551,479,
read_10,read,10,8,21.163433,200,124.403,479,
read_10,read,10,3,21.188909,200,106.599,479,
read_10,read,10,0,21.147864,200,158.791,479,
read_10,read,10,9,21.19585,200,119.685,479,
read_10,read,10,1,21.19633,200,146.029,479,
read_10,read,10,6,21.216432,200,135.252,479,
read_10,read,10,5,21.235023,200,126.632,479,
read_10,read,10,7,21.246346,200,119.722,479,
read_10,read,10,4,21.249223,200,148.19,479,
read_10,read,10,3,21.295555,200,110.302,479,
read_10,read,10,2,21.264765,200,151.35,479,
read_10,read,10,8,21.287884,200,128.641,479,
read_10,read,10,0,21.306733,200,135.529,479,
read_10,read,10,9,21.315582,200,142.777,479,
read_10,read,10,5,21.361735,200,106.823,479,
read_10,read,10,7,21.366117,200,103.121,479,
read_10,read,10,1,21.342405,200,147.678,479,
read_10,read,10,6,21.351854,200,158.48,479,
read_10,read,10,3,21.405908,200,111.32,479,
read_10,read,10,2,21.416164,200,106.168,479,
read_10,read,10,4,21.397463,200,153.181,479,
read_10,read,10,0,21.442311,200,114.733,479,
read_10,read,10,8,21.416569,200,152.175,479,
read_10,read,10,7,21.469304,200,100.995,479,
read_10,read,10,9,21.458407,200,179.339,479,
read_10,read,10,5,21.468732,200,176.382,479,
read_10,read,10,4,21.550728,200,111.295,479,
read_10,read,10,6,21.510382,200,152.806,479,
read_10,read,10,1,21.490131,200,206.801,479,
read_10,read,10,3,21.517301,200,188.315,479,
read_10,read,10,0,21.557101,200,166.622,479,
read_10,read,10,5,21.645193,200,84.191,479,
read_10,read,10,2,21.52238,200,235.664,479,
read_10,read,10,8,21.568812,200,197.701,479,
read_10,read,10,6,21.663231,200,126.544,479,
read_10,read,10,1,21.697051,200,93.194,479,
read_10,read,10,7,21.570443,200,249.308,479,
read_10,read,10,9,21.637812,200,194.645,479,
read_10,read,10,8,21.766563,200,88.443,479,
read_10,read,10,2,21.758093,200,98.229,479,
read_10,read,10,4,21.6621,200,218.075,479,
read_10,read,10,3,21.705684,200,190.024,479,
read_10,read,10,0,21.72379,200,212.4,479,
read_10,read,10,5,21.729434,200,220.66,479,
read_10,read,10,6,21.789843,200,177.583,479,
read_10,read,10,9,21.83255,200,137.326,479,
read_10,read,10,1,21.790314,200,206.4,479,
read_10,read,10,7,21.819822,200,203.004,479,
read_10,read,10,5,21.950167,200,78.658,479,
read_10,read,10,6,21.967474,200,65.417,479,
read_10,read,10,8,21.855075,200,203.659,479,
read_10,read,10,2,21.856405,200,235.478,479,
read_10,read,10,7,22.022874,200,69.993,479,
read_10,read,10,5,22.028904,200,64.655,479,
read_10,read,10,4,21.880225,200,247.697,479,
read_10,read,10,2,22.09195,200,68.253,479,
read_10,read,10,3,21.89578,200,269.29,479,
read_10,read,10,8,22.058802,200,108.464,479,
read_10,read,10,0,21.936262,200,263.288,479,
read_10,read,10,5,22.093617,200,125.937,479,
read_10,read,10,3,22.165151,200,62.23,479,
read_10,read,10,9,21.969944,200,260.278,479,
read_10,read,10,1,21.996764,200,264.75,479,
read_10,read,10,8,22.16734,200,103.361,479,
read_10,read,10,0,22.199619,200,81.335,479,
read_10,read,10,6,22.032942,200,254.801,479,
read_10,read,10,7,22.092961,200,223.76,479,
read_10,read,10,9,22.2303,200,92.001,479,
read_10,read,10,4,22.127971,200,211.525,479,
read_10,read,10,8,22.270776,200,69.932,479,
read_10,read,10,2,22.160257,200,214.857,479,
read_10,read,10,7,22.316774,200,63.453,479,
read_10,read,10,5,22.219637,200,167.903,479,
read_10,read,10,9,22.322382,200,71.351,479,
read_10,read,10,3,22.227432,200,200.413,479,
read_10,read,10,8,22.340751,200,96.854,479,
read_10,read,10,1,22.261564,200,178.128,479,
read_10,read,10,2,22.375185,200,71.6,479,
read_10,read,10,0,22.281004,200,197.237,479,
read_10,read,10,7,22.380292,200,112.933,479,
read_10,read,10,5,22.387616,200,114.956,479,
read_10,read,10,6,22.287807,200,218.997,479,
read_10,read,10,4,22.339545,200,197.542,479,
read_10,read,10,9,22.393779,200,160.682,479,
read_10,read,10,3,22.427894,200,126.936,479,
read_10,read,10,2,22.446837,200,116.849,479,
read_10,read,10,8,22.437665,200,159.918,479,
read_10,read,10,0,22.478322,200,120.117,479,
read_10,read,10,1,22.439769,200,174.774,479,
read_10,read,10,7,22.49327,200,121.749,479,
read_10,read,10,5,22.502641,200,148.383,479,
read_10,read,10,6,22.506882,200,148.267,479,
read_10,read,10,9,22.554583,200,118.177,479,
read_10,read,10,4,22.537176,200,136.042,479,
read_10,read,10,2,22.563752,200,136.664,479,
read_10,read,10,3,22.554867,200,150.453,479,
read_10,read,10,8,22.597632,200,129.458,479,
read_10,read,10,1,22.61461,200,114.914,479,
read_10,read,10,0,22.598506,200,151.825,479,
read_10,read,10,5,22.651089,200,106.943,479,
read_10,read,10,6,22.655203,200,127.667,479,
read_10,read,10,7,22.615056,200,171.344,479,
read_10,read,10,9,22.672833,200,129.797,479,
read_10,read,10,8,22.727139,200,95.324,479,
read_10,read,10,1,22.729611,200,102.607,479,
read_10,read,10,4,22.673277,200,163.95,479,
read_10,read,10,2,22.700465,200,160.102,479,
read_10,read,10,0,22.750404,200,124.308,479,
read_10,read,10,7,22.786476,200,97.864,479,
read_10,read,10,3,22.705368,200,191.467,479,
read_10,read,10,1,22.832267,200,79.779,479,
read_10,read,10,5,22.758097,200,156.592,479,
read_10,read,10,3,22.896883,200,58.699,479,
read_10,read,10,6,22.782919,200,174.657,479,
read_10,read,10,1,22.912109,200,47.518,479,
read_10,read,10,9,22.802705,200,158.938,479,
read_10,read,10,8,22.822528,200,177.52,479,
read_10,read,10,6,22.957646,200,55.044,479,
read_10,read,10,4,22.837278,200,179.105,479,
read_10,read,10,1,22.959674,200,58.123,479,
read_10,read,10,2,22.860616,200,197.67,479,
read_10,read,10,9,22.961691,200,98.926,479,
read_10,read,10,0,22.87476,200,195.14,479,
read_10,read,10,1,23.017863,200,57.145,479,
read_10,read,10,7,22.884423,200,229.115,479,
read_10,read,10,9,23.060688,200,61.631,479,
read_10,read,10,5,22.914764,200,213.967,479,
read_10,read,10,0,23.069979,200,65.918,479,
read_10,read,10,3,22.955631,200,223.858,479,
read_10,read,10,8,23.000101,200,181.407,479,
read_10,read,10,9,23.122387,200,67.798,479,
read_10,read,10,1,23.075064,200,116.639,479,
read_10,read,10,6,23.012764,200,219.69,479,
read_10,read,10,5,23.128796,200,111.341,479,
read_10,read,10,4,23.016478,200,224.141,479,
read_10,read,10,3,23.179583,200,65.176,479,
read_10,read,10,4,23.240696,200,25.986,479,
read_10,read,10,2,23.058333,200,229.199,479,
read_10,read,10,7,23.113585,200,179.504,479,
read_10,read,10,4,23.26676,200,29.04,479,
read_10,read,10,0,23.135972,200,193.411,479,
read_10,read,10,2,23.287582,200,56.667,479,
read_10,read,10,7,23.293139,200,51.467,479,
read_10,read,10,8,23.181571,200,164.17,479,
read_10,read,10,9,23.190235,200,196.473,479,
read_10,read,10,7,23.344658,200,47.222,479,
read_10,read,10,1,23.191764,200,200.524,479,
read_10,read,10,2,23.344295,200,52.299,479,
read_10,read,10,5,23.240214,200,192.051,479,
read_10,read,10,6,23.232504,200,207.743,479,
read_10,read,10,9,23.386791,200,56.074,479,
read_10,read,10,8,23.345785,200,98.683,479,
read_10,read,10,3,23.244827,200,229.798,479,
read_10,read,10,7,23.391929,200,91.709,479,
read_10,read,10,4,23.29587,200,197.919,479,
read_10,read,10,5,23.432311,200,63.096,479,
read_10,read,10,0,23.329429,200,213.945,479,
read_10,read,10,9,23.442911,200,116.825,479,
read_10,read,10,3,23.474673,200,85.526,479,
read_10,read,10,1,23.392355,200,168.565,479,
read_10,read,10,2,23.396673,200,211.59,479,
read_10,read,10,5,23.495458,200,117.675,479,
read_10,read,10,3,23.560263,200,62.593,479,
read_10,read,10,6,23.440295,200,184.171,479,
read_10,read,10,8,23.444515,200,224.477,479,
read_10,read,10,1,23.561033,200,125.418,479,
read_10,read,10,2,23.608311,200,98.711,479,
read_10,read,10,7,23.483719,200,224.959,479,
read_10,read,10,4,23.493855,200,246.115,479,
read_10,read,10,3,23.622906,200,140.363,479,
read_10,read,10,6,23.62453,200,168.73,479,
read_10,read,10,0,23.543436,200,263.823,479,
read_10,read,10,9,23.559808,200,258.717,479,
read_10,read,10,4,23.74004,200,91.946,479,
read_10,read,10,6,23.793331,200,64.132,479,
read_10,read,10,5,23.613207,200,259.829,479,
read_10,read,10,8,23.669067,200,204.792,479,
read_10,read,10,0,23.807329,200,87.796,479,
read_10,read,10,6,23.857567,200,52.325,479,
read_10,read,10,1,23.686523,200,238.697,479,
read_10,read,10,7,23.708736,200,218.698,479,
read_10,read,10,5,23.873118,200,76.902,479,
read_10,read,10,8,23.873927,200,89.48,479,
read_10,read,10,2,23.707096,200,265.823,479,
read_10,read,10,3,23.76334,200,219.877,479,
read_10,read,10,6,23.909941,200,99.756,479,
read_10,read,10,1,23.92527,200,88.403,479,
read_10,read,10,9,23.818602,200,207.425,479,
read_10,read,10,4,23.832037,200,205.399,479,
read_10,read,10,8,23.963473,200,95.535,479,
read_10,read,10,3,23.983293,200,86.593,479,
read_10,read,10,0,23.895174,200,189.007,479,
read_10,read,10,7,23.927482,200,158.564,479,
read_10,read,10,6,24.009763,200,102.85,479,
read_10,read,10,1,24.013722,200,107.335,479,
read_10,read,10,2,23.972968,200,157.249,479,
read_10,read,10,5,23.950159,200,189.649,479,
read_10,read,10,9,24.026077,200,146.34,479,
read_10,read,10,4,24.037511,200,138.054,479,
read_10,read,10,3,24.069946,200,118.676,479,
read_10,read,10,7,24.086096,200,112.365,479,
read_10,read,10,0,24.084256,200,139.774,479,
read_10,read,10,8,24.059057,200,169.028,479,
read_10,read,10,1,24.121106,200,123.775,479,
read_10,read,10,2,24.130301,200,121.452,479,
read_10,read,10,6,24.112663,200,164.968,479,
read_10,read,10,7,24.198507,200,84.355,479,
read_10,read,10,5,24.139879,200,154.164,479,
read_10,read,10,9,24.17247,200,132.3,479,
read_10,read,10,8,24.228135,200,103.248,479,
read_10,read,10,1,24.244929,200,86.916,479,
read_10,read,10,4,24.175631,200,158.401,479,
read_10,read,10,3,24.188689,200,167.833,479,
read_10,read,10,5,24.294091,200,86.024,479,
read_10,read,10,9,24.304816,200,81.051,479,
read_10,read,10,0,24.224079,200,173.752,479,
read_10,read,10,2,24.251821,200,155.447,479,
read_10,read,10,1,24.331887,200,101.995,479,
read_10,read,10,4,24.3341,200,100.354,479,
read_10,read,10,7,24.282929,200,169.379,479,
read_10,read,10,6,24.277702,200,175.596,479,
read_10,read,10,0,24.397876,200,85.511,479,
read_10,read,10,2,24.407315,200,77.919,479,
read_10,read,10,8,24.331457,200,168.289,479,
read_10,read,10,3,24.356569,200,144.977,479,
read_10,read,10,6,24.453341,200,78.127,479,
read_10,read,10,7,24.452356,200,82.762,479,
read_10,read,10,9,24.385916,200,161.976,479,
read_10,read,10,5,24.380188,200,173.554,479,
read_10,read,10,0,24.483458,200,80.6,479,
read_10,read,10,1,24.433948,200,159.085,479,
read_10,read,10,9,24.547938,200,49.809,479,
read_10,read,10,4,24.434506,200,168.656,479,
read_10,read,10,5,24.55379,200,58.843,479,
read_10,read,10,2,24.485282,200,158.162,479,
read_10,read,10,1,24.593082,200,54.076,479,
read_10,read,10,8,24.499816,200,150.591,479,
read_10,read,10,4,24.603239,200,56.962,479,
read_10,read,10,3,24.50161,200,185.99,479,
read_10,read,10,5,24.612681,200,86.158,479,
read_10,read,10,6,24.531545,200,169.559,479,
read_10,read,10,2,24.643493,200,68.8,479,
read_10,read,10,7,24.535185,200,198.547,479,
read_10,read,10,4,24.660247,200,83.027,479,
read_10,read,10,0,24.564124,200,192.117,479,
read_10,read,10,3,24.687664,200,81.983,479,
read_10,read,10,9,24.597794,200,188.149,479,
read_10,read,10,6,24.701195,200,96.405,479,
read_10,read,10,1,24.647225,200,165.831,479,
read_10,read,10,2,24.71234,200,102.19,479,
read_10,read,10,8,24.650458,200,188.922,479,
read_10,read,10,7,24.733918,200,126.944,479,
read_10,read,10,0,24.756289,200,105.934,479,
read_10,read,10,5,24.698916,200,173.134,479,
read_10,read,10,2,24.814598,200,81.302,479,
read_10,read,10,4,24.743321,200,154.884,479,
read_10,read,10,3,24.769694,200,152.748,479,
read_10,read,10,5,24.872097,200,52.298,479,
read_10,read,10,9,24.785992,200,157.439,479,
read_10,read,10,4,24.89828,200,48.556,479,
read_10,read,10,6,24.797648,200,181.945,479,
read_10,read,10,1,24.813103,200,196.258,479,
read_10,read,10,5,24.924457,200,85.39,479,
read_10,read,10,9,24.943482,200,71.329,479,
read_10,read,10,8,24.839427,200,209.873,479,
read_10,read,10,4,24.946905,200,109.955,479,
read_10,read,10,7,24.860921,200,196.347,479,
read_10,read,10,6,24.97967,200,86.824,479,
read_10,read,10,0,24.862297,200,233.654,479,
read_10,read,10,2,24.895948,200,210.942,479,
read_10,read,10,1,25.009438,200,106.102,479,
read_10,read,10,8,25.049373,200,67.3,479,
read_10,read,10,3,24.922511,200,223.038,479,
read_10,read,10,5,25.009904,200,151.732,479,
read_10,read,10,7,25.057326,200,108.027,479,
read_10,read,10,4,25.056909,200,114.13,479,
read_10,read,10,9,25.014875,200,187.176,479,
read_10,read,10,6,25.066574,200,144.076,479,
read_10,read,10,2,25.106953,200,107.743,479,
read_10,read,10,0,25.096,200,123.366,479,
read_10,read,10,8,25.116767,200,138.927,479,
read_10,read,10,3,25.145597,200,110.849,479,
read_10,read,10,7,25.165429,200,103.324,479,
read_10,read,10,1,25.115663,200,153.741,479,
read_10,read,10,5,25.161683,200,138.727,479,
read_10,read,10,4,25.171106,200,137.467,479,
read_10,read,10,2,25.214744,200,101.974,479,
read_10,read,10,6,25.210696,200,108.628,479,
read_10,read,10,9,25.202103,200,139.719,479,
read_10,read,10,0,25.219413,200,140.706,479,
read_10,read,10,8,25.25574,200,114.925,479,
read_10,read,10,3,25.256483,200,117.849,479,
read_10,read,10,7,25.268823,200,123.009,479,
read_10,read,10,1,25.269454,200,144.185,479,
read_10,read,10,5,25.300471,200,122.971,479,
read_10,read,10,4,25.30862,200,121.579,479,
read_10,read,10,2,25.3168,200,128.305,479,
read_10,read,10,6,25.319369,200,149.013,479,
read_10,read,10,9,25.34187,200,131.309,479,
read_10,read,10,3,25.374414,200,102.657,479,
read_10,read,10,0,25.360194,200,143.505,479,
read_10,read,10,2,25.445177,200,79.059,479,
read_10,read,10,8,25.370712,200,157.029,479,
read_10,read,10,9,25.473226,200,60.583,479,
read_10,read,10,7,25.391905,200,172.94,479,
read_10,read,10,1,25.413687,200,160.026,479,
read_10,read,10,3,25.477117,200,103.381,479,
read_10,read,10,0,25.503746,200,80.056,479,
read_10,read,10,5,25.423506,200,197.031,479,
read_10,read,10,4,25.430254,200,190.707,479,
read_10,read,10,9,25.533873,200,99.446,479,
read_10,read,10,7,25.564941,200,68.867,479,
read_10,read,10,2,25.524285,200,143.82,479,
read_10,read,10,6,25.468446,200,199.946,479,
read_10,read,10,3,25.580547,200,101.309,479,
read_10,read,10,5,25.620608,200,63.483,479,
read_10,read,10,1,25.573759,200,143.419,479,
read_10,read,10,8,25.527787,200,190.557,479,
read_10,read,10,4,25.621015,200,111.625,479,
read_10,read,10,9,25.633412,200,104.958,479,
read_10,read,10,7,25.633847,200,128.765,479,
read_10,read,10,0,25.58386,200,186.73,479,
read_10,read,10,6,25.66843,200,117.512,479,
read_10,read,10,1,25.717247,200,77.629,479,
read_10,read,10,2,25.668153,200,144.11,479,
read_10,read,10,3,25.681928,200,144.187,479,
read_10,read,10,8,25.718422,200,121.467,479,
read_10,read,10,9,25.738418,200,112.003,479,
read_10,read,10,5,25.684163,200,182.336,479,
read_10,read,10,4,25.732706,200,149.777,479,
read_10,read,10,7,25.762659,200,123.927,479,
read_10,read,10,6,25.786012,200,124.892,479,
read_10,read,10,0,25.770637,200,140.65,479,
read_10,read,10,8,25.839965,200,91.177,479,
read_10,read,10,1,25.794954,200,145.191,479,
read_10,read,10,2,25.81231,200,142.051,479,
read_10,read,10,9,25.850485,200,116.329,479,
read_10,read,10,6,25.910954,200,70.306,479,
read_10,read,10,3,25.826192,200,160.254,479,
read_10,read,10,5,25.866565,200,153.665,479,
read_10,read,10,1,25.940192,200,87.175,479,
read_10,read,10,2,25.95445,200,83.639,479,
read_10,read,10,4,25.882552,200,159.982,479,
read_10,read,10,7,25.886655,200,192.868,479,
read_10,read,10,9,25.966864,200,117.82,479,
read_10,read,10,0,25.911335,200,177.602,479,
read_10,read,10,6,25.981341,200,108.466,479,
read_10,read,10,8,25.931248,200,195.714,479,
read_10,read,10,5,26.020279,200,111.094,479,
read_10,read,10,1,26.027416,200,108.54,479,
read_10,read,10,3,25.986512,200,153.063,479,
read_10,read,10,4,26.042586,200,136.765,479,
read_10,read,10,2,26.038141,200,149.255,479,
read_10,read,10,0,26.089008,200,100.039,479,
read_10,read,10,7,26.079587,200,110.652,479,
read_10,read,10,6,26.089851,200,138.306,479,
read_10,read,10,8,26.127009,200,109.249,479,
read_10,read,10,9,26.084733,200,155.208,479,
read_10,read,10,5,26.131437,200,109.026,479,
read_10,read,10,0,26.189092,200,88.565,479,
read_10,read,10,3,26.139622,200,140.423,479,
read_10,read,10,4,26.179426,200,108.549,479,
read_10,read,10,1,26.136022,200,155.608,479,
read_10,read,10,2,26.187472,200,134.533,479,
read_10,read,10,7,26.190287,200,146.224,479,
read_10,read,10,6,26.228204,200,110.447,479,
read_10,read,10,9,26.24002,200,104.155,479,
read_10,read,10,8,26.236306,200,132.652,479,
read_10,read,10,5,26.240519,200,147.152,479,
read_10,read,10,3,26.280092,200,113.065,479,
read_10,read,10,0,26.277705,200,117.38,479,
read_10,read,10,2,26.322054,200,96.784,479,
read_10,read,10,4,26.28804,200,146.218,479,
read_10,read,10,1,26.291677,200,152.313,479,
read_10,read,10,6,26.338713,200,119.125,479,
read_10,read,10,9,26.344222,200,125.867,479,
read_10,read,10,7,26.336559,200,149.659,479,
read_10,read,10,8,26.369005,200,125.949,479,
read_10,read,10,3,26.393206,200,114.452,479,
read_10,read,10,0,26.395161,200,133.817,479,
read_10,read,10,5,26.38772,200,154.688,479,
read_10,read,10,2,26.418905,200,135.581,479,
read_10,read,10,4,26.434304,200,127.311,479,
read_10,read,10,1,26.444038,200,150.861,479,
read_10,read,10,6,26.457886,200,137.447,479,
read_10,read,10,9,26.470154,200,151.124,479,
read_10,read,10,7,26.486285,200,142.002,479,
read_10,read,10,8,26.495004,200,161.166,479,
read_10,read,10,4,26.561678,200,107.497,479,
read_10,read,10,1,26.594972,200,89.743,479,
read_10,read,10,3,26.507745,200,193.476,479,
read_10,read,10,0,26.529028,200,190.271,479,
read_10,read,10,7,26.62834,200,102.898,479,
read_10,read,10,8,26.65622,200,88.484,479,
read_10,read,10,5,26.542459,200,217.465,479,
read_10,read,10,2,26.554539,200,221.471,479,
read_10,read,10,0,26.719349,200,69.74,479,
read_10,read,10,8,26.744753,200,51.741,479,
read_10,read,10,6,26.595396,200,221.619,479,
read_10,read,10,8,26.796541,200,30.321,479,
read_10,read,10,9,26.621353,200,207.009,479,
read_10,read,10,6,26.817096,200,41.459,479,
read_10,read,10,4,26.669242,200,201.138,479,
read_10,read,10,1,26.684798,200,196.026,479,
read_10,read,10,9,26.828432,200,54.29,479,
read_10,read,10,6,26.858617,200,60.944,479,
read_10,read,10,3,26.7013,200,222.969,479,
read_10,read,10,4,26.870428,200,66.037,479,
read_10,read,10,7,26.73142,200,207.162,479,
read_10,read,10,1,26.880895,200,90.82,479,
read_10,read,10,5,26.759972,200,212.947,479,
read_10,read,10,2,26.776058,200,213.583,479,
read_10,read,10,4,26.936512,200,54.009,479,
read_10,read,10,0,26.789157,200,239.486,479,
read_10,read,10,7,26.938656,200,100.679,479,
read_10,read,10,1,26.971762,200,79.75,479,
read_10,read,10,8,26.826929,200,230.405,479,
read_10,read,10,4,26.990568,200,97.565,479,
read_10,read,10,9,26.882827,200,218.606,479,
read_10,read,10,6,26.919617,200,183.223,479,
read_10,read,10,7,27.039384,200,68.685,479,
read_10,read,10,8,27.057393,200,88.116,479,
read_10,read,10,9,27.101497,200,54.625,479,
read_10,read,10,5,26.972959,200,184.557,479,
read_10,read,10,3,26.924331,200,233.736,479,
read_10,read,10,2,26.989688,200,208.72,479,
read_10,read,10,5,27.157585,200,48.409,479,
read_10,read,10,9,27.156174,200,59.66,479,
read_10,read,10,0,27.028713,200,187.66,479,
read_10,read,10,1,27.051591,200,199.842,479,
read_10,read,10,3,27.158129,200,98.08,479,
read_10,read,10,4,27.088182,200,180.56,479,
read_10,read,10,2,27.1985,200,77.051,479,
read_10,read,10,9,27.215887,200,94.631,479,
read_10,read,10,6,27.102885,200,209.942,479,
read_10,read,10,7,27.108209,200,211.55,479,
read_10,read,10,0,27.216438,200,108.458,479,
read_10,read,10,8,27.145581,200,214.772,479,
read_10,read,10,3,27.256259,200,106.509,479,
read_10,read,10,5,27.206046,200,165.99,479,
read_10,read,10,4,27.268814,200,107.46,479,
read_10,read,10,1,27.251521,200,154.816,479,
read_10,read,10,0,27.324972,200,94.477,479,
read_10,read,10,3,27.362836,200,64.391,479,
read_10,read,10,2,27.275597,200,165.047,479,
read_10,read,10,4,27.37632,200,78.779,479,
read_10,read,10,9,27.310569,200,149.536,479,
read_10,read,10,2,27.44069,200,34.186,479,
read_10,read,10,6,27.312892,200,182.157,479,
read_10,read,10,2,27.474944,200,26.808,479,
read_10,read,10,7,27.319828,200,191.039,479,
read_10,read,10,2,27.50186,200,50.603,479,
read_10,read,10,8,27.3604,200,193.671,479,
read_10,read,10,6,27.495096,200,62.581,479,
read_10,read,10,5,27.372084,200,194.054,479,
read_10,read,10,1,27.406384,200,192.348,479,
read_10,read,10,8,27.554119,200,45.941,479,
read_10,read,10,7,27.510939,200,100.045,479,
read_10,read,10,0,27.41952,200,206.156,479,
read_10,read,10,6,27.557725,200,84.725,479,
read_10,read,10,3,27.427293,200,227.951,479,
read_10,read,10,0,27.625746,200,51.586,479,
read_10,read,10,4,27.455164,200,231.206,479,
read_10,read,10,6,27.642536,200,53.301,479,
read_10,read,10,9,27.460171,200,245.42,479,
read_10,read,10,0,27.677379,200,44.257,479,
read_10,read,10,2,27.552511,200,187.056,479,
read_10,read,10,9,27.705657,200,34.307,479,
read_10,read,10,5,27.566205,200,186.666,479,
read_10,read,10,1,27.598869,200,185.71,479,
read_10,read,10,2,27.739634,200,47.428,479,
read_10,read,10,9,27.74001,200,55.122,479,
read_10,read,10,8,27.600127,200,208.885,479,
read_10,read,10,7,27.611058,200,223.913,479,
read_10,read,10,5,27.752919,200,89.684,479,
read_10,read,10,9,27.795193,200,52.754,479,
read_10,read,10,3,27.655292,200,204.085,479,
read_10,read,10,4,27.686437,200,198.896,479,
read_10,read,10,8,27.809062,200,83.052,479,
read_10,read,10,7,27.835019,200,57.873,479,
read_10,read,10,6,27.695885,200,214.316,479,
read_10,read,10,0,27.721684,200,215.111,479,
read_10,read,10,5,27.84267,200,94.56,479,
read_10,read,10,9,27.848045,200,92.232,479,
read_10,read,10,1,27.784627,200,173.851,479,
read_10,read,10,0,27.936847,200,30.377,479,
read_10,read,10,2,27.787107,200,199.275,479,
read_10,read,10,0,27.967273,200,25.961,479,
read_10,read,10,3,27.859424,200,151.184,479,
read_10,read,10,2,27.986431,200,45.168,479,
read_10,read,10,4,27.885379,200,155.582,479,
read_10,read,10,0,27.993307,200,55.559,479,
read_10,read,10,8,27.892164,200,168.078,479,
read_10,read,10,3,28.010655,200,74.74,479,
read_10,read,10,0,28.048912,200,46.656,479,
read_10,read,10,7,27.892956,200,210.222,479,
read_10,read,10,6,27.910249,200,198.334,479,
read_10,read,10,8,28.060289,200,63.721,479,
read_10,read,10,7,28.103243,200,51.04,479,
read_10,read,10,5,27.937279,200,219.448,479,
read_10,read,10,9,27.940346,200,223.642,479,
read_10,read,10,8,28.124057,200,48.735,479,
read_10,read,10,9,28.164052,200,45.924,479,
read_10,read,10,1,27.958527,200,251.822,479,
read_10,read,10,2,28.031664,200,187.08,479,
read_10,read,10,8,28.172842,200,57.936,479,
read_10,read,10,1,28.210388,200,40.14,479,
read_10,read,10,4,28.041009,200,219.761,479,
read_10,read,10,3,28.085443,200,183.042,479,
read_10,read,10,1,28.250577,200,25.925,479,
read_10,read,10,1,28.276549,200,23.141,479,
read_10,read,10,0,28.095616,200,215.779,479,
read_10,read,10,6,28.108663,200,208.703,479,
read_10,read,10,1,28.299737,200,33.052,479,
read_10,read,10,0,28.311459,200,40.219,479,
read_10,read,10,7,28.154329,200,208.934,479,
read_10,read,10,5,28.156796,200,210.31,479,
read_10,read,10,0,28.351724,200,33.218,479,
read_10,read,10,9,28.210037,200,196.553,479,
read_10,read,10,2,28.218794,200,198.201,479,
read_10,read,10,5,28.367198,200,51.121,479,
read_10,read,10,0,28.38499,200,51.365,479,
read_10,read,10,8,28.230841,200,229.239,479,
read_10,read,10,4,28.260817,200,204.984,479,
read_10,read,10,9,28.406638,200,68.331,479,
read_10,read,10,2,28.417043,200,70.072,479,
read_10,read,10,3,28.268556,200,248.538,479,
read_10,read,10,6,28.317414,200,205.238,479,
read_10,read,10,0,28.436408,200,93.954,479,
read_10,read,10,8,28.460127,200,78.247,479,
read_10,read,10,1,28.332859,200,226.321,479,
read_10,read,10,7,28.363335,200,215.179,479,
read_10,read,10,6,28.522727,200,57.943,479,
read_10,read,10,0,28.530446,200,53.688,479,
read_10,read,10,7,28.578613,200,29.703,479,
read_10,read,10,5,28.418405,200,191.808,479,
read_10,read,10,4,28.465856,200,165.043,479,
read_10,read,10,9,28.475016,200,183.914,479,
read_10,read,10,7,28.608364,200,51.679,479,
read_10,read,10,5,28.610272,200,51.131,479,
read_10,read,10,2,28.48718,200,199.099,479,
read_10,read,10,3,28.517141,200,191.131,479,
read_10,read,10,8,28.538432,200,197.919,479,
read_10,read,10,1,28.559228,200,198.46,479,
read_10,read,10,4,28.630976,200,129.298,479,
read_10,read,10,9,28.65898,200,109.199,479,
read_10,read,10,6,28.580736,200,209.706,479,
read_10,read,10,7,28.660088,200,146.394,479,
read_10,read,10,0,28.584183,200,227.909,479,
read_10,read,10,1,28.757777,200,62.645,479,
read_10,read,10,5,28.661464,200,181.352,479,
read_10,read,10,4,28.760321,200,92.991,479,
read_10,read,10,2,28.686368,200,175.81,479,
read_10,read,10,6,28.790503,200,83.881,479,
read_10,read,10,3,28.708322,200,185.484,479,
read_10,read,10,0,28.812166,200,95.005,479,
read_10,read,10,8,28.736419,200,181.283,479,
read_10,read,10,5,28.842861,200,87.218,479,
read_10,read,10,2,28.862275,200,88.909,479,
read_10,read,10,9,28.768241,200,186.865,479,
read_10,read,10,7,28.806545,200,161.998,479,
read_10,read,10,6,28.874447,200,112.917,479,
read_10,read,10,1,28.820468,200,181.734,479,
read_10,read,10,8,28.917767,200,87.658,479,
read_10,read,10,4,28.85336,200,168.135,479,
read_10,read,10,5,28.930153,200,110.752,479,
read_10,read,10,3,28.893851,200,161.088,479,
read_10,read,10,2,28.951254,200,105.133,479,
read_10,read,10,0,28.907247,200,166.636,479,
read_10,read,10,9,28.955155,200,144.251,479,
read_10,read,10,6,28.987412,200,114.608,479,
read_10,read,10,7,28.968596,200,136.723,479,
read_10,read,10,2,29.056437,200,72.192,479,
read_10,read,10,9,29.099453,200,48.444,479,
read_10,read,10,1,29.002249,200,153.006,479,
read_10,read,10,8,29.005471,200,152.183,479,
read_10,read,10,7,29.105369,200,71.742,479,
read_10,read,10,5,29.040953,200,164.934,479,
read_10,read,10,4,29.021541,200,185.509,479,
read_10,read,10,9,29.147979,200,69.248,479,
read_10,read,10,1,29.155301,200,70.99,479,
read_10,read,10,3,29.054986,200,197.792,479,
read_10,read,10,0,29.07393,200,186.965,479,
read_10,read,10,5,29.206009,200,55.186,479,
read_10,read,10,1,29.226355,200,58.276,479,
read_10,read,10,2,29.128699,200,173.075,479,
read_10,read,10,0,29.260945,200,49.253,479,
read_10,read,10,6,29.102068,200,212.243,479,
read_10,read,10,1,29.284681,200,75.716,479,
read_10,read,10,8,29.1577,200,222.892,479,
read_10,read,10,6,29.31444,200,71.2,479,
read_10,read,10,7,29.177158,200,227.098,479,
read_10,read,10,1,29.360465,200,94.56,479,
read_10,read,10,4,29.207109,200,264.024,479,
read_10,read,10,8,29.380668,200,93.39,479,
read_10,read,10,9,29.217273,200,274.251,479,
read_10,read,10,1,29.4551,200,87.224,479,
read_10,read,10,4,29.471211,200,72.518,479,
read_10,read,10,3,29.252839,200,301.612,479,
read_10,read,10,5,29.261239,200,306.906,479,
read_10,read,10,9,29.491575,200,137.616,479,
read_10,read,10,8,29.474125,200,159.519,479,
read_10,read,10,2,29.301855,200,333.552,479,
read_10,read,10,0,29.310254,200,337.762,479,
read_10,read,10,1,29.542398,200,134.786,479,
read_10,read,10,4,29.543792,200,147.921,479,
read_10,read,10,6,29.385711,200,308.006,479,
read_10,read,10,7,29.404346,200,303.513,479,
read_10,read,10,3,29.554523,200,182.68,479,
read_10,read,10,9,29.629285,200,122.429,479,
read_10,read,10,5,29.568211,200,194.528,479,
read_10,read,10,4,29.691781,200,76.425,479,
read_10,read,10,3,29.737251,200,79.818,479,
read_10,read,10,5,29.762861,200,62.911,479,
read_10,read,10,8,29.633716,200,225.712,479,
read_10,read,10,3,29.817119,200,51.58,479,
read_10,read,10,2,29.635456,200,238.623,479,
read_10,read,10,5,29.825822,200,52.051,479,
read_10,read,10,0,29.648067,200,259.378,479,
read_10,read,10,8,29.859478,200,59.276,479,
read_10,read,10,3,29.868773,200,63.119,479,
read_10,read,10,1,29.677237,200,261.826,479,
read_10,read,10,6,29.693765,200,276.949,479,
read_10,read,10,2,29.874127,200,109.861,479,
read_10,read,10,0,29.907517,200,91.511,479,
read_10,read,10,7,29.707908,200,301.368,479,
read_10,read,10,9,29.751807,200,283.449,479,
read_10,read,10,1,29.939113,200,98.892,479,
read_10,read,10,2,29.984052,200,64.975,479,
read_10,read,10,4,29.768278,200,291.393,479,
read_10,read,10,5,29.877945,200,206.861,479,
read_10,read,10,8,29.918823,200,184.13,479,
read_10,read,10,3,29.931967,200,198.73,479,
read_10,read,10,6,29.970784,200,174.43,479,
read_10,read,10,0,29.999078,200,168.686,479,
read_20,read,20,8,0.000694,200,59.453,479,
read_20,read,20,16,0.000991,200,62.927,479,
read_20,read,20,19,0.001186,200,68.774,479,
read_20,read,20,0,0.000135,200,70.376,479,
read_20,read,20,5,0.000373,200,103.666,479,
read_20,read,20,2,0.000269,200,108.722,479,
read_20,read,20,3,0.00059,200,117.988,479,
read_20,read,20,6,0.001345,200,123.212,479,
read_20,read,20,15,0.002397,200,146.486,479,
read_20,read,20,10,0.000792,200,153.453,479,
read_20,read,20,11,0.002161,200,173.996,479,
read_20,read,20,18,0.001863,200,177.28,479,
read_20,read,20,13,0.001599,200,202.184,479,
read_20,read,20,4,0.001968,200,204.447,479,
read_20,read,20,12,0.000897,200,224.175,479,
read_20,read,20,17,0.001115,200,232.704,479,
read_20,read,20,14,0.001702,200,259.385,479,
read_20,read,20,9,0.001468,200,263.839,479,
read_20,read,20,1,0.003392,200,272.658,479,
read_20,read,20,16,0.063993,200,218.208,479,
read_20,read,20,19,0.070061,200,241.517,479,
read_20,read,20,7,0.000511,200,318.268,479,
read_20,read,20,8,0.060208,200,271.387,479,
read_20,read,20,5,0.10409,200,240.769,479,
read_20,read,20,0,0.070567,200,302.645,479,
read_20,read,20,6,0.12464,200,249.31,479,
read_20,read,20,2,0.109056,200,282.318,479,
read_20,read,20,10,0.15429,200,243.764,479,
read_20,read,20,11,0.176204,200,252.654,479,
read_20,read,20,3,0.118626,200,313.863,479,
read_20,read,20,15,0.14893,200,292.536,479,
read_20,read,20,18,0.179189,200,278.473,479,
read_20,read,20,4,0.206485,200,274.386,479,
read_20,read,20,13,0.20383,200,282.748,479,
read_20,read,20,17,0.233908,200,260.86,479,
read_20,read,20,12,0.22512,200,280.56,479,
read_20,read,20,14,0.261133,200,272.569,479,
read_20,read,20,9,0.26538,200,270.393,479,
read_20,read,20,16,0.282251,200,264.078,479,
read_20,read,20,1,0.276095,200,292.986,479,
read_20,read,20,5,0.344925,200,236.867,479,
read_20,read,20,19,0.31164,200,277.831,479,
read_20,read,20,0,0.373295,200,227.292,479,
read_20,read,20,7,0.318845,200,302.724,479,
read_20,read,20,6,0.374075,200,264.588,479,
read_20,read,20,8,0.331641,200,317.269,479,
read_20,read,20,2,0.391444,200,258.84,479,
read_20,read,20,15,0.441535,200,236.706,479,
read_20,read,20,10,0.398102,200,296.331,479,
read_20,read,20,13,0.486624,200,214.813,479,
read_20,read,20,11,0.428934,200,275.751,479,
read_20,read,20,3,0.43254,200,301.34,479,
read_20,read,20,17,0.494853,200,241.298,479,
read_20,read,20,12,0.505727,200,242.381,479,
read_20,read,20,18,0.457737,200,305.723,479,
read_20,read,20,4,0.480918,200,303.526,479,
read_20,read,20,14,0.533749,200,264.57,479,
read_20,read,20,9,0.535836,200,264.111,479,
read_20,read,20,8,0.648958,200,169.557,479,
read_20,read,20,15,0.678311,200,160.861,479,
read_20,read,20,1,0.569128,200,282.771,479,
read_20,read,20,16,0.546375,200,305.859,479,
read_20,read,20,11,0.704763,200,163.485,479,
read_20,read,20,17,0.736216,200,157.403,479,
read_20,read,20,5,0.581841,200,318.714,479,
read_20,read,20,19,0.589541,200,315.07,479,
read_20,read,20,12,0.748154,200,168.884,479,
read_20,read,20,18,0.763504,200,179.555,479,
read_20,read,20,0,0.600634,200,348.318,479,
read_20,read,20,7,0.621617,200,327.836,479,
read_20,read,20,4,0.784492,200,184.593,479,
read_20,read,20,6,0.638711,200,355.976,479,
read_20,read,20,14,0.798366,200,197.863,479,
read_20,read,20,2,0.650329,200,355.036,479,
read_20,read,20,16,0.852273,200,193.221,479,
read_20,read,20,1,0.851947,200,209.202,479,
read_20,read,20,10,0.694488,200,383.356,479,
read_20,read,20,13,0.701498,200,382.933,479,
read_20,read,20,11,0.868293,200,247.24,479,
read_20,read,20,5,0.900616,200,225.183,479,
read_20,read,20,3,0.733926,200,409.726,479,
read_20,read,20,9,0.799991,200,350.168,479,
read_20,read,20,12,0.917087,200,268.048,479,
read_20,read,20,18,0.943106,200,245.617,479,
read_20,read,20,15,0.839245,200,372.099,479,
read_20,read,20,8,0.818562,200,395.959,479,
read_20,read,20,0,0.949026,200,303.512,479,
read_20,read,20,4,0.969132,200,288.752,479,
read_20,read,20,17,0.893686,200,377.823,479,
read_20,read,20,19,0.904656,200,374.898,479,
read_20,read,20,6,0.994753,200,311.261,479,
read_20,read,20,14,0.996322,200,319.2,479,
read_20,read,20,7,0.949492,200,380.457,479,
read_20,read,20,2,1.005434,200,324.871,479,
read_20,read,20,10,1.077897,200,289.257,479,
read_20,read,20,13,1.084512,200,287.396,479,
read_20,read,20,16,1.045564,200,348.583,479,
read_20,read,20,1,1.061197,200,343.839,479,
read_20,read,20,11,1.115603,200,350.031,479,
read_20,read,20,3,1.143735,200,331.703,479,
read_20,read,20,5,1.12589,200,373.898,479,
read_20,read,20,18,1.188795,200,334.437,479,
read_20,read,20,9,1.150235,200,395.218,479,
read_20,read,20,12,1.185205,200,365.668,479,
read_20,read,20,8,1.214593,200,360.281,479,
read_20,read,20,0,1.252588,200,355.704,479,
read_20,read,20,15,1.211421,200,400.344,479,
read_20,read,20,6,1.30628,200,324.534,479,
read_20,read,20,4,1.25804,200,396.89,479,
read_20,read,20,17,1.271559,200,413.373,479,
read_20,read,20,14,1.31559,200,384.085,479,
read_20,read,20,7,1.330019,200,381.836,479,
read_20,read,20,19,1.279627,200,451.431,479,
read_20,read,20,11,1.465711,200,304.681,479,
read_20,read,20,2,1.330369,200,440.507,479,
read_20,read,20,5,1.499858,200,283.026,479,
read_20,read,20,10,1.367228,200,442.53,479,
read_20,read,20,18,1.523307,200,317.494,479,
read_20,read,20,13,1.371982,200,475.103,479,
read_20,read,20,16,1.394216,200,483.148,479,
read_20,read,20,8,1.574943,200,307.129,479,
read_20,read,20,15,1.611846,200,296.531,479,
read_20,read,20,1,1.405108,200,529.048,479,
read_20,read,20,3,1.475508,200,475.524,479,
read_20,read,20,6,1.630874,200,328.234,479,
read_20,read,20,4,1.655049,200,340.437,479,
read_20,read,20,9,1.545543,200,486.68,479,
read_20,read,20,12,1.550991,200,495.684,479,
read_20,read,20,17,1.685002,200,363.105,479,
read_20,read,20,7,1.711926,200,365.83,479,
read_20,read,20,0,1.608355,200,509.128,479,
read_20,read,20,2,1.770951,200,358.48,479,
read_20,read,20,14,1.699755,200,430.277,479,
read_20,read,20,10,1.809815,200,341.94,479,
read_20,read,20,11,1.770461,200,421.055,479,
read_20,read,20,18,1.840889,200,351.202,479,
read_20,read,20,19,1.731111,200,470.782,479,
read_20,read,20,13,1.847156,200,377.035,479,
read_20,read,20,5,1.782954,200,470.731,479,
read_20,read,20,16,1.877468,200,386.011,479,
read_20,read,20,8,1.882152,200,400.33,479,
read_20,read,20,4,1.995562,200,288.72,479,
read_20,read,20,15,1.908452,200,407.314,479,
read_20,read,20,9,2.032312,200,302.398,479,
read_20,read,20,1,1.934225,200,413.129,479,
read_20,read,20,0,2.117568,200,235.846,479,
read_20,read,20,3,1.951122,200,428.309,479,
read_20,read,20,10,2.151847,200,243.652,479,
read_20,read,20,6,1.959545,200,447.082,479,
read_20,read,20,11,2.191592,200,222.817,479,
read_20,read,20,12,2.046752,200,388.183,479,
read_20,read,20,4,2.284349,200,168.289,479,
read_20,read,20,17,2.048178,200,418.043,479,
read_20,read,20,1,2.347405,200,123.2,479,
read_20,read,20,7,2.077868,200,413.766,479,
read_20,read,20,6,2.406682,200,102.131,479,
read_20,read,20,2,2.129503,200,387.894,479,
read_20,read,20,11,2.41446,200,106.639,479,
read_20,read,20,14,2.130111,200,419.059,479,
read_20,read,20,12,2.434983,200,123.866,479,
read_20,read,20,18,2.192153,200,377.21,479,
read_20,read,20,4,2.452696,200,130.467,479,
read_20,read,20,17,2.466269,200,140.14,479,
read_20,read,20,19,2.201949,200,407.59,479,
read_20,read,20,13,2.224271,200,416.954,479,
read_20,read,20,1,2.470652,200,182.066,479,
read_20,read,20,7,2.491683,200,176.733,479,
read_20,read,20,5,2.253759,200,426.783,479,
read_20,read,20,16,2.263559,200,430.801,479,
read_20,read,20,2,2.517465,200,201.043,479,
read_20,read,20,14,2.549219,200,180.288,479,
read_20,read,20,8,2.282551,200,469.233,479,
read_20,read,20,15,2.315817,200,442.997,479,
read_20,read,20,12,2.558918,200,216.03,479,
read_20,read,20,18,2.569412,200,214.2,479,
read_20,read,20,9,2.3348,200,474.745,479,
read_20,read,20,0,2.353466,200,459.225,479,
read_20,read,20,4,2.583253,200,249.502,479,
read_20,read,20,17,2.60648,200,238.067,479,
read_20,read,20,3,2.379482,200,488.089,479,
read_20,read,20,10,2.39555,200,474.921,479,
read_20,read,20,13,2.641304,200,241.357,479,
read_20,read,20,5,2.680608,200,216.57,479,
read_20,read,20,11,2.521174,200,399.313,479,
read_20,read,20,6,2.508899,200,414.652,479,
read_20,read,20,16,2.694547,200,246.064,479,
read_20,read,20,14,2.729557,200,215.857,479,
read_20,read,20,1,2.652792,200,319.848,479,
read_20,read,20,19,2.609602,200,370.104,479,
read_20,read,20,8,2.751861,200,241.686,479,
read_20,read,20,15,2.758869,200,237.466,479,
read_20,read,20,7,2.668509,200,351.464,479,
read_20,read,20,2,2.718577,200,312.32,479,
read_20,read,20,12,2.774998,200,269.174,479,
read_20,read,20,9,2.809627,200,237.446,479,
read_20,read,20,18,2.783661,200,291.272,479,
read_20,read,20,0,2.812754,200,275.319,479,
read_20,read,20,3,2.867641,200,224.398,479,
read_20,read,20,10,2.870553,200,229.722,479,
read_20,read,20,4,2.832804,200,292.493,479,
read_20,read,20,17,2.844596,200,295.891,479,
read_20,read,20,11,2.920535,200,226.879,479,
read_20,read,20,14,2.945484,200,206.936,479,
read_20,read,20,13,2.882707,200,294.617,479,
read_20,read,20,5,2.897226,200,305.094,479,
read_20,read,20,19,2.979771,200,223.102,479,
read_20,read,20,15,2.996393,200,213.673,479,
read_20,read,20,6,2.923633,200,303.638,479,
read_20,read,20,16,2.940659,200,312.718,479,
read_20,read,20,7,3.02002,200,239.316,479,
read_20,read,20,2,3.030945,200,232.42,479,
read_20,read,20,1,2.972688,200,302.929,479,
read_20,read,20,12,3.044247,200,267.221,479,
read_20,read,20,18,3.075012,200,237.521,479,
read_20,read,20,8,2.993597,200,319.31,479,
read_20,read,20,9,3.047121,200,284.38,479,
read_20,read,20,3,3.092097,200,261.286,479,
read_20,read,20,0,3.088141,200,273.558,479,
read_20,read,20,4,3.12539,200,238.573,479,
read_20,read,20,10,3.100343,200,281.022,479,
read_20,read,20,17,3.140556,200,266.518,479,
read_20,read,20,14,3.152513,200,263.667,479,
read_20,read,20,11,3.147481,200,273.15,479,
read_20,read,20,5,3.202422,200,228.544,479,
read_20,read,20,13,3.17737,200,289.134,479,
read_20,read,20,15,3.210141,200,260.19,479,
read_20,read,20,19,3.202935,200,276.997,479,
read_20,read,20,16,3.253426,200,233.36,479,
read_20,read,20,6,3.22732,200,290.034,479,
read_20,read,20,7,3.259385,200,265.112,479,
read_20,read,20,2,3.263433,200,263.808,479,
read_20,read,20,18,3.312604,200,229.538,479,
read_20,read,20,1,3.275687,200,293.865,479,
read_20,read,20,12,3.311519,200,258.469,479,
read_20,read,20,8,3.312947,200,268.952,479,
read_20,read,20,9,3.331621,200,262.411,479,
read_20,read,20,0,3.361761,200,250.74,479,
read_20,read,20,4,3.364032,200,259.809,479,
read_20,read,20,3,3.353432,200,282.563,479,
read_20,read,20,14,3.416228,200,230.05,479,
read_20,read,20,10,3.381413,200,283.929,479,
read_20,read,20,17,3.407135,200,270.219,479,
read_20,read,20,13,3.466553,200,220.0,479,
read_20,read,20,15,3.470401,200,230.165,479,
read_20,read,20,11,3.420998,200,297.398,479,
read_20,read,20,5,3.431033,200,298.894,479,
read_20,read,20,7,3.524582,200,211.952,479,
read_20,read,20,1,3.569619,200,190.239,479,
read_20,read,20,19,3.479982,200,295.459,479,
read_20,read,20,16,3.486912,200,293.308,479,
read_20,read,20,12,3.57005,200,224.324,479,
read_20,read,20,8,3.582014,200,227.881,479,
read_20,read,20,6,3.517401,200,310.762,479,
read_20,read,20,2,3.527289,200,301.217,479,
read_20,read,20,9,3.59411,200,248.064,479,
read_20,read,20,0,3.612571,200,251.058,479,
read_20,read,20,18,3.542199,200,332.531,479,
read_20,read,20,3,3.636044,200,243.707,479,
read_20,read,20,4,3.623889,200,273.063,479,
read_20,read,20,14,3.646328,200,272.237,479,
read_20,read,20,10,3.66541,200,254.576,479,
read_20,read,20,17,3.677404,200,258.045,479,
read_20,read,20,15,3.700615,200,247.216,479,
read_20,read,20,13,3.686603,200,280.267,479,
read_20,read,20,11,3.718444,200,264.646,479,
read_20,read,20,7,3.73658,200,259.794,479,
read_20,read,20,5,3.729999,200,271.089,479,
read_20,read,20,19,3.775493,200,244.502,479,
read_20,read,20,1,3.759937,200,282.464,479,
read_20,read,20,8,3.809943,200,240.086,479,
read_20,read,20,16,3.780266,200,275.928,479,
read_20,read,20,0,3.863683,200,218.049,479,
read_20,read,20,4,3.897017,200,199.918,479,
read_20,read,20,12,3.794421,200,308.107,479,
read_20,read,20,6,3.828219,200,279.239,479,
read_20,read,20,14,3.918632,200,216.466,479,
read_20,read,20,11,3.983139,200,161.605,479,
read_20,read,20,2,3.828544,200,324.243,479,
read_20,read,20,9,3.84222,200,315.452,479,
read_20,read,20,7,3.996441,200,183.894,479,
read_20,read,20,19,4.020137,200,181.4,479,
read_20,read,20,18,3.874778,200,327.284,479,
read_20,read,20,3,3.879798,200,331.507,479,
read_20,read,20,1,4.042489,200,190.855,479,
read_20,read,20,10,3.920049,200,333.322,479,
read_20,read,20,12,4.102622,200,154.714,479,
read_20,read,20,17,3.935497,200,331.955,479,
read_20,read,20,11,4.144821,200,138.753,479,
read_20,read,20,15,3.947879,200,349.768,479,
read_20,read,20,9,4.157739,200,153.126,479,
read_20,read,20,13,3.966918,200,362.405,479,
read_20,read,20,7,4.180382,200,160.83,479,
read_20,read,20,5,4.001154,200,353.135,479,
read_20,read,20,18,4.202111,200,169.648,479,
read_20,read,20,1,4.233393,200,156.064,479,
read_20,read,20,8,4.050081,200,345.026,479,
read_20,read,20,16,4.056261,200,357.115,479,
read_20,read,20,10,4.25345,200,175.037,479,
read_20,read,20,0,4.08178,200,359.848,479,
read_20,read,20,17,4.267499,200,180.454,479,
read_20,read,20,4,4.096983,200,375.277,479,
read_20,read,20,11,4.283623,200,198.494,479,
read_20,read,20,6,4.107592,200,393.23,479,
read_20,read,20,16,4.413426,200,98.437,479,
read_20,read,20,14,4.135146,200,384.871,479,
read_20,read,20,10,4.428536,200,104.8,479,
read_20,read,20,2,4.152835,200,402.475,479,
read_20,read,20,17,4.448021,200,126.164,479,
read_20,read,20,19,4.201607,200,373.437,479,
read_20,read,20,11,4.482167,200,97.983,479,
read_20,read,20,3,4.211352,200,402.723,479,
read_20,read,20,12,4.257411,200,362.093,479,
read_20,read,20,6,4.500873,200,126.098,479,
read_20,read,20,16,4.51193,200,115.374,479,
read_20,read,20,15,4.297696,200,368.748,479,
read_20,read,20,2,4.555359,200,115.804,479,
read_20,read,20,9,4.310945,200,366.039,479,
read_20,read,20,19,4.575127,200,106.609,479,
read_20,read,20,13,4.32939,200,391.639,479,
read_20,read,20,7,4.34126,200,385.529,479,
read_20,read,20,11,4.580213,200,151.08,479,
read_20,read,20,3,4.614123,200,122.189,479,
read_20,read,20,5,4.354372,200,426.285,479,
read_20,read,20,12,4.619576,200,169.773,479,
read_20,read,20,18,4.371829,200,418.089,479,
read_20,read,20,16,4.627368,200,170.667,479,
read_20,read,20,1,4.389552,200,452.709,479,
read_20,read,20,8,4.395157,200,454.093,479,
read_20,read,20,15,4.666491,200,184.716,479,
read_20,read,20,9,4.67703,200,181.312,479,
read_20,read,20,0,4.44168,200,452.946,479,
read_20,read,20,4,4.472338,200,429.39,479,
read_20,read,20,13,4.721082,200,182.846,479,
read_20,read,20,7,4.726839,200,183.714,479,
read_20,read,20,14,4.520387,200,427.339,479,
read_20,read,20,18,4.789983,200,161.134,479,
read_20,read,20,10,4.533384,200,425.292,479,
read_20,read,20,16,4.798085,200,164.053,479,
read_20,read,20,1,4.842312,200,162.425,479,
read_20,read,20,17,4.574261,200,434.741,479,
read_20,read,20,6,4.627018,200,386.604,479,
read_20,read,20,0,4.894674,200,121.589,479,
read_20,read,20,2,4.671256,200,388.583,479,
read_20,read,20,4,4.901776,200,158.643,479,
read_20,read,20,14,4.947777,200,113.2,479,
read_20,read,20,19,4.681802,200,387.269,479,
read_20,read,20,11,4.731344,200,379.993,479,
read_20,read,20,10,4.958746,200,152.972,479,
read_20,read,20,18,4.951181,200,161.983,479,
read_20,read,20,3,4.7364,200,388.543,479,
read_20,read,20,5,4.780725,200,376.88,479,
read_20,read,20,6,5.013672,200,152.128,479,
read_20,read,20,17,5.009049,200,160.125,479,
read_20,read,20,12,4.789414,200,394.772,479,
read_20,read,20,14,5.061034,200,152.498,479,
read_20,read,20,8,4.849302,200,367.43,479,
read_20,read,20,19,5.069151,200,154.29,479,
read_20,read,20,15,4.851278,200,378.575,479,
read_20,read,20,18,5.113208,200,154.03,479,
read_20,read,20,11,5.111413,200,156.852,479,
read_20,read,20,9,4.858413,200,410.791,479,
read_20,read,20,13,4.904007,200,386.778,479,
read_20,read,20,7,4.910629,200,407.815,479,
read_20,read,20,14,5.213593,200,109.652,479,
read_20,read,20,12,5.184239,200,141.389,479,
read_20,read,20,16,4.96221,200,385.578,479,
read_20,read,20,18,5.267317,200,106.409,479,
read_20,read,20,1,5.004785,200,372.393,479,
read_20,read,20,19,5.223509,200,158.758,479,
read_20,read,20,0,5.01631,200,384.462,479,
read_20,read,20,13,5.290836,200,130.266,479,
read_20,read,20,2,5.06004,200,370.189,479,
read_20,read,20,18,5.373773,200,63.877,479,
read_20,read,20,4,5.060475,200,398.114,479,
read_20,read,20,1,5.377228,200,99.554,479,
read_20,read,20,10,5.111785,200,368.861,479,
read_20,read,20,0,5.40082,200,86.42,479,
read_20,read,20,3,5.124991,200,394.411,479,
read_20,read,20,5,5.157656,200,364.896,479,
read_20,read,20,18,5.437725,200,88.617,479,
read_20,read,20,1,5.476828,200,60.354,479,
read_20,read,20,10,5.480694,200,84.681,479,
read_20,read,20,6,5.165847,200,402.263,479,
read_20,read,20,17,5.169245,200,401.772,479,
read_20,read,20,0,5.487292,200,112.602,479,
read_20,read,20,3,5.519478,200,87.946,479,
read_20,read,20,8,5.216781,200,403.914,479,
read_20,read,20,15,5.229901,200,391.256,479,
read_20,read,20,5,5.522644,200,128.059,479,
read_20,read,20,18,5.526393,200,130.048,479,
read_20,read,20,9,5.269269,200,398.183,479,
read_20,read,20,11,5.26835,200,412.961,479,
read_20,read,20,8,5.62078,200,92.013,479,
read_20,read,20,1,5.537264,200,176.166,479,
read_20,read,20,7,5.318497,200,403.321,479,
read_20,read,20,14,5.323317,200,419.733,479,
read_20,read,20,18,5.656512,200,107.15,479,
read_20,read,20,15,5.621214,200,155.132,479,
read_20,read,20,12,5.325693,200,457.037,479,
read_20,read,20,16,5.347846,200,456.275,479,
read_20,read,20,9,5.667511,200,157.702,479,
read_20,read,20,11,5.681424,200,164.639,479,
read_20,read,20,19,5.382336,200,476.799,479,
read_20,read,20,13,5.421173,200,443.636,479,
read_20,read,20,7,5.721892,200,163.197,479,
read_20,read,20,14,5.7431,200,163.493,479,
read_20,read,20,18,5.763737,200,168.452,479,
read_20,read,20,12,5.782798,200,178.442,479,
read_20,read,20,2,5.430295,200,533.12,479,
read_20,read,20,4,5.458652,200,513.615,479,
read_20,read,20,19,5.859219,200,123.03,479,
read_20,read,20,10,5.565448,200,446.068,479,
read_20,read,20,13,5.864886,200,155.392,479,
read_20,read,20,6,5.568155,200,456.555,479,
read_20,read,20,7,5.885173,200,148.564,479,
read_20,read,20,17,5.571104,200,496.844,479,
read_20,read,20,0,5.599968,200,468.952,479,
read_20,read,20,14,5.90666,200,171.875,479,
read_20,read,20,18,5.932239,200,150.922,479,
read_20,read,20,5,5.650751,200,464.81,479,
read_20,read,20,3,5.607472,200,508.898,479,
read_20,read,20,2,5.963475,200,157.295,479,
read_20,read,20,4,5.972333,200,159.574,479,
read_20,read,20,8,5.712873,200,451.765,479,
read_20,read,20,1,5.713489,200,451.456,479,
read_20,read,20,19,5.982296,200,184.612,479,
read_20,read,20,6,6.024756,200,164.872,479,
read_20,read,20,7,6.033786,200,175.989,479,
read_20,read,20,16,5.804201,200,410.516,479,
read_20,read,20,15,5.776395,200,439.267,479,
read_20,read,20,17,6.068014,200,171.637,479,
read_20,read,20,11,5.846114,200,414.234,479,
read_20,read,20,0,6.069037,200,194.142,479,
read_20,read,20,9,5.825296,200,440.245,479,
read_20,read,20,18,6.083226,200,207.121,479,
read_20,read,20,12,5.961359,200,347.353,479,
read_20,read,20,10,6.011603,200,303.832,479,
read_20,read,20,3,6.116432,200,200.805,479,
read_20,read,20,4,6.131955,200,206.028,479,
read_20,read,20,13,6.020324,200,332.7,479,
read_20,read,20,1,6.164983,200,203.628,479,
read_20,read,20,14,6.078582,200,295.404,479,
read_20,read,20,8,6.164686,200,235.253,479,
read_20,read,20,5,6.115631,200,286.618,479,
read_20,read,20,6,6.189676,200,222.897,479,
read_20,read,20,2,6.120818,200,306.44,479,
read_20,read,20,19,6.166953,200,278.414,479,
read_20,read,20,7,6.209822,200,244.925,479,
read_20,read,20,16,6.214765,200,246.873,479,
read_20,read,20,0,6.263255,200,220.128,479,
read_20,read,20,12,6.308759,200,186.079,479,
read_20,read,20,15,6.215713,200,292.727,479,
read_20,read,20,17,6.2397,200,271.177,479,
read_20,read,20,3,6.31731,200,225.834,479,
read_20,read,20,13,6.353199,200,193.548,479,
read_20,read,20,11,6.26043,200,300.735,479,
read_20,read,20,9,6.265588,200,300.926,479,
read_20,read,20,8,6.400007,200,196.876,479,
read_20,read,20,14,6.374034,200,225.374,479,
read_20,read,20,10,6.31549,200,303.879,479,
read_20,read,20,18,6.290395,200,330.218,479,
read_20,read,20,19,6.445414,200,203.003,479,
read_20,read,20,2,6.427313,200,226.361,479,
read_20,read,20,4,6.33803,200,333.843,479,
read_20,read,20,1,6.368677,200,304.965,479,
read_20,read,20,12,6.494886,200,209.683,479,
read_20,read,20,7,6.454796,200,250.22,479,
read_20,read,20,5,6.402312,200,319.177,479,
read_20,read,20,6,6.412641,200,314.885,479,
read_20,read,20,13,6.546811,200,204.76,479,
read_20,read,20,8,6.596932,200,159.314,479,
read_20,read,20,16,6.461703,200,312.897,479,
read_20,read,20,0,6.483447,200,291.414,479,
read_20,read,20,18,6.620678,200,181.714,479,
read_20,read,20,14,6.599457,200,203.41,479,
read_20,read,20,17,6.510951,200,308.948,479,
read_20,read,20,15,6.50849,200,319.051,479,
read_20,read,20,19,6.648465,200,216.737,479,
read_20,read,20,4,6.671927,200,193.623,479,
read_20,read,20,3,6.54325,200,338.505,479,
read_20,read,20,11,6.561252,200,325.82,479,
read_20,read,20,7,6.705065,200,213.585,479,
read_20,read,20,6,6.727574,200,193.386,479,
read_20,read,20,9,6.566587,200,358.664,479,
read_20,read,20,10,6.6195,200,321.891,479,
read_20,read,20,16,6.774648,200,197.721,479,
read_20,read,20,0,6.774893,200,201.195,479,
read_20,read,20,2,6.653804,200,337.784,479,
read_20,read,20,1,6.673713,200,323.788,479,
read_20,read,20,14,6.802927,200,222.305,479,
read_20,read,20,17,6.819967,200,211.024,479,
read_20,read,20,12,6.704642,200,337.335,479,
read_20,read,20,5,6.72156,200,325.466,479,
read_20,read,20,15,6.827594,200,244.032,479,
read_20,read,20,4,6.865591,200,220.377,479,
read_20,read,20,13,6.751641,200,342.81,479,
read_20,read,20,8,6.756311,200,342.546,479,
read_20,read,20,3,6.881805,200,244.873,479,
read_20,read,20,11,6.887157,200,249.013,479,
read_20,read,20,18,6.802462,200,342.137,479,
read_20,read,20,19,6.86528,200,288.222,479,
read_20,read,20,6,6.921021,200,258.955,479,
read_20,read,20,9,6.925319,200,263.166,479,
read_20,read,20,7,6.918724,200,280.311,479,
read_20,read,20,10,6.941442,200,266.937,479,
read_20,read,20,0,6.976135,200,253.542,479,
read_20,read,20,16,6.972433,200,271.53,479,
read_20,read,20,2,6.99166,200,257.26,479,
read_20,read,20,17,7.031038,200,231.482,479,
read_20,read,20,1,6.99755,200,277.526,479,
read_20,read,20,5,7.047082,200,252.883,479,
read_20,read,20,14,7.025281,200,287.533,479,
read_20,read,20,15,7.071715,200,243.709,479,
read_20,read,20,12,7.042049,200,288.236,479,
read_20,read,20,13,7.094516,200,267.873,479,
read_20,read,20,3,7.126728,200,236.391,479,
read_20,read,20,4,7.086041,200,277.363,479,
read_20,read,20,8,7.098905,200,285.956,479,
read_20,read,20,11,7.136234,200,286.589,479,
read_20,read,20,19,7.15355,200,279.976,479,
read_20,read,20,7,7.199082,200,263.55,479,
read_20,read,20,18,7.144648,200,319.865,479,
read_20,read,20,6,7.180024,200,305.365,479,
read_20,read,20,9,7.188567,200,305.954,479,
read_20,read,20,10,7.208448,200,313.353,479,
read_20,read,20,2,7.248965,200,276.574,479,
read_20,read,20,0,7.229723,200,316.845,479,
read_20,read,20,16,7.24401,200,313.098,479,
read_20,read,20,1,7.275126,200,301.35,479,
read_20,read,20,15,7.315473,200,287.104,479,
read_20,read,20,5,7.300015,200,327.994,479,
read_20,read,20,17,7.262583,200,365.95,479,
read_20,read,20,8,7.384934,200,292.944,479,
read_20,read,20,18,7.464565,200,224.385,479,
read_20,read,20,14,7.312863,200,402.192,479,
read_20,read,20,12,7.330334,200,385.161,479,
read_20,read,20,5,7.628091,200,115.632,479,
read_20,read,20,8,7.677965,200,82.851,479,
read_20,read,20,3,7.363162,200,422.925,479,
read_20,read,20,13,7.362474,200,429.881,479,
read_20,read,20,12,7.715576,200,81.357,479,
read_20,read,20,4,7.363439,200,480.743,479,
read_20,read,20,11,7.422871,200,438.135,479,
read_20,read,20,3,7.786174,200,75.554,479,
read_20,read,20,13,7.792427,200,78.396,479,
read_20,read,20,19,7.433598,200,479.529,479,
read_20,read,20,7,7.462698,200,473.66,479,
read_20,read,20,11,7.86118,200,75.756,479,
read_20,read,20,4,7.844261,200,93.362,479,
read_20,read,20,6,7.485442,200,500.406,479,
read_20,read,20,7,7.936413,200,60.078,479,
read_20,read,20,9,7.494589,200,514.606,479,
read_20,read,20,11,7.937007,200,78.053,479,
read_20,read,20,10,7.521849,200,553.9,479,
read_20,read,20,6,7.985921,200,94.175,479,
read_20,read,20,2,7.525613,200,555.915,479,
read_20,read,20,7,7.996573,200,92.608,479,
read_20,read,20,9,8.009274,200,138.541,479,
read_20,read,20,0,7.546619,200,601.762,479,
read_20,read,20,16,7.557194,200,603.142,479,
read_20,read,20,10,8.075829,200,85.321,479,
read_20,read,20,6,8.080163,200,153.154,479,
read_20,read,20,1,7.576566,200,658.051,479,
read_20,read,20,15,7.602651,200,632.542,479,
read_20,read,20,7,8.089262,200,158.381,479,
read_20,read,20,17,7.628604,200,669.41,479,
read_20,read,20,18,7.689023,200,614.595,479,
read_20,read,20,16,8.160416,200,144.422,479,
read_20,read,20,10,8.161218,200,149.287,479,
read_20,read,20,6,8.2334,200,130.447,479,
read_20,read,20,14,7.715124,200,660.934,479,
read_20,read,20,18,8.303703,200,72.819,479,
read_20,read,20,5,7.743802,200,637.536,479,
read_20,read,20,14,8.37615,200,52.298,479,
read_20,read,20,8,7.760884,200,668.853,479,
read_20,read,20,18,8.376595,200,60.104,479,
read_20,read,20,12,7.797015,200,650.971,479,
read_20,read,20,5,8.38139,200,93.878,479,
read_20,read,20,3,7.861823,200,624.93,479,
read_20,read,20,8,8.429786,200,58.928,479,
read_20,read,20,13,7.870898,200,628.309,479,
read_20,read,20,12,8.448035,200,76.063,479,
read_20,read,20,19,7.91319,200,626.878,479,
read_20,read,20,5,8.475317,200,71.401,479,
read_20,read,20,4,7.937696,200,621.209,479,
read_20,read,20,3,8.486837,200,92.766,479,
read_20,read,20,11,8.015159,200,578.79,479,
read_20,read,20,12,8.524147,200,84.219,479,
read_20,read,20,2,8.081608,200,530.663,479,
read_20,read,20,19,8.540117,200,91.23,479,
read_20,read,20,9,8.147895,200,505.526,479,
read_20,read,20,0,8.14844,200,519.641,479,
read_20,read,20,4,8.558957,200,117.216,479,
read_20,read,20,3,8.579652,200,108.726,479,
read_20,read,20,1,8.234704,200,477.223,479,
read_20,read,20,15,8.235253,200,490.858,479,
read_20,read,20,11,8.594028,200,133.07,479,
read_20,read,20,2,8.612348,200,134.116,479,
read_20,read,20,7,8.247714,200,514.484,479,
read_20,read,20,19,8.631397,200,148.889,479,
read_20,read,20,17,8.298087,200,487.072,479,
read_20,read,20,9,8.653512,200,145.238,479,
read_20,read,20,16,8.304914,200,518.234,479,
read_20,read,20,0,8.668133,200,170.957,479,
read_20,read,20,10,8.310582,200,548.453,479,
read_20,read,20,4,8.676222,200,188.461,479,
read_20,read,20,6,8.363898,200,527.795,479,
read_20,read,20,3,8.688444,200,222.476,479,
read_20,read,20,14,8.428511,200,492.484,479,
read_20,read,20,1,8.711974,200,216.521,479,
read_20,read,20,18,8.436752,200,512.545,479,
read_20,read,20,15,8.72619,200,246.449,479,
read_20,read,20,8,8.488761,200,491.646,479,
read_20,read,20,2,8.746512,200,235.419,479,
read_20,read,20,13,8.499279,200,508.651,479,
read_20,read,20,9,8.7988,200,235.045,479,
read_20,read,20,0,8.839158,200,198.565,479,
read_20,read,20,5,8.546767,200,498.65,479,
read_20,read,20,12,8.608417,200,460.065,479,
read_20,read,20,10,8.859105,200,229.593,479,
read_20,read,20,4,8.864747,200,224.925,479,
read_20,read,20,11,8.727139,200,374.565,479,
read_20,read,20,7,8.762277,200,371.496,479,
read_20,read,20,14,8.921046,200,223.519,479,
read_20,read,20,15,8.972708,200,174.089,479,
read_20,read,20,19,8.780337,200,393.067,479,
read_20,read,20,17,8.78523,200,447.854,479,
read_20,read,20,15,9.146872,200,94.811,479,
read_20,read,20,8,8.980469,200,262.397,479,
read_20,read,20,16,8.823219,200,425.592,479,
read_20,read,20,6,8.891771,200,430.969,479,
read_20,read,20,8,9.242936,200,84.499,479,
read_20,read,20,17,9.233178,200,102.62,479,
read_20,read,20,3,8.91097,200,435.356,479,
read_20,read,20,1,8.928582,200,500.122,479,
read_20,read,20,6,9.322822,200,116.981,479,
read_20,read,20,16,9.248882,200,196.224,479,
read_20,read,20,18,8.949366,200,507.787,479,
read_20,read,20,8,9.327501,200,167.924,479,
read_20,read,20,3,9.346412,200,151.43,479,
read_20,read,20,2,8.981996,200,516.299,479,
read_20,read,20,13,9.007978,200,505.093,479,
read_20,read,20,18,9.457209,200,90.754,479,
read_20,read,20,8,9.495477,200,57.782,479,
read_20,read,20,9,9.033918,200,523.425,479,
read_20,read,20,0,9.037774,200,526.31,479,
read_20,read,20,3,9.497912,200,101.983,479,
read_20,read,20,5,9.045466,200,558.743,479,
read_20,read,20,2,9.498618,200,106.469,479,
read_20,read,20,12,9.068536,200,544.554,479,
read_20,read,20,9,9.557408,200,95.918,479,
read_20,read,20,0,9.564132,200,90.285,479,
read_20,read,20,4,9.089743,200,568.695,479,
read_20,read,20,10,9.088748,200,571.425,479,
read_20,read,20,2,9.605149,200,99.793,479,
read_20,read,20,3,9.59997,200,106.411,479,
read_20,read,20,11,9.101774,200,606.582,479,
read_20,read,20,7,9.133824,200,580.02,479,
read_20,read,20,14,9.14464,200,607.729,479,
read_20,read,20,0,9.654492,200,104.969,479,
read_20,read,20,12,9.613149,200,146.731,479,
read_20,read,20,19,9.173475,200,597.172,479,
read_20,read,20,15,9.241755,200,573.788,479,
read_20,read,20,4,9.658506,200,157.911,479,
read_20,read,20,10,9.660221,200,162.065,479,
read_20,read,20,17,9.335867,200,497.035,479,
read_20,read,20,3,9.706444,200,169.17,479,
read_20,read,20,6,9.43988,200,436.224,479,
read_20,read,20,14,9.752444,200,128.95,479,
read_20,read,20,1,9.428781,200,458.838,479,
read_20,read,20,0,9.759542,200,161.138,479,
read_20,read,20,12,9.759922,200,170.859,479,
read_20,read,20,16,9.445159,200,486.196,479,
read_20,read,20,13,9.51312,200,421.951,479,
read_20,read,20,18,9.548014,200,417.245,479,
read_20,read,20,19,9.770714,200,205.268,479,
read_20,read,20,4,9.816528,200,162.589,479,
read_20,read,20,8,9.553314,200,436.314,479,
read_20,read,20,17,9.832967,200,197.381,479,
read_20,read,20,5,9.604278,200,426.432,479,
read_20,read,20,10,9.822369,200,214.326,479,
read_20,read,20,9,9.653397,200,397.88,479,
read_20,read,20,1,9.887669,200,198.823,479,
read_20,read,20,6,9.876156,200,212.646,479,
read_20,read,20,11,9.708423,200,387.819,479,
read_20,read,20,2,9.704999,200,397.798,479,
read_20,read,20,12,9.930828,200,206.51,479,
read_20,read,20,13,9.935137,200,205.833,479,
read_20,read,20,7,9.713893,200,431.1,479,
read_20,read,20,15,9.815613,200,338.69,479,
read_20,read,20,17,10.030414,200,157.319,479,
read_20,read,20,4,9.97916,200,209.889,479,
read_20,read,20,3,9.875706,200,326.127,479,
read_20,read,20,14,9.881471,200,328.647,479,
read_20,read,20,11,10.096299,200,143.152,479,
read_20,read,20,2,10.102878,200,136.91,479,
read_20,read,20,0,9.920769,200,336.562,479,
read_20,read,20,16,9.931628,200,327.27,479,
read_20,read,20,7,10.14506,200,140.03,479,
read_20,read,20,13,10.141016,200,145.003,479,
read_20,read,20,18,9.965332,200,342.39,479,
read_20,read,20,19,9.976031,200,332.055,479,
read_20,read,20,4,10.189121,200,144.523,479,
read_20,read,20,0,10.257381,200,82.412,479,
read_20,read,20,8,9.989677,200,365.667,479,
read_20,read,20,5,10.030749,200,328.89,479,
read_20,read,20,16,10.258959,200,121.435,479,
read_20,read,20,7,10.285139,200,107.728,479,
read_20,read,20,10,10.036812,200,375.794,479,
read_20,read,20,9,10.05135,200,364.664,479,
read_20,read,20,19,10.308126,200,133.98,479,
read_20,read,20,18,10.30777,200,146.083,479,
read_20,read,20,1,10.086565,200,375.571,479,
read_20,read,20,6,10.088875,200,383.976,479,
read_20,read,20,4,10.333692,200,162.52,479,
read_20,read,20,8,10.355392,200,161.562,479,
read_20,read,20,12,10.137387,200,391.216,479,
read_20,read,20,15,10.154351,200,380.512,479,
read_20,read,20,5,10.359687,200,187.683,479,
read_20,read,20,7,10.392917,200,180.834,479,
read_20,read,20,17,10.187782,200,391.79,479,
read_20,read,20,3,10.201879,200,389.111,479,
read_20,read,20,10,10.412686,200,190.624,479,
read_20,read,20,9,10.416092,200,216.094,479,
read_20,read,20,14,10.210165,200,428.848,479,
read_20,read,20,19,10.442153,200,201.99,479,
read_20,read,20,11,10.2395,200,410.043,479,
read_20,read,20,2,10.239846,200,440.876,479,
read_20,read,20,5,10.547422,200,140.527,479,
read_20,read,20,15,10.534912,200,153.369,479,
read_20,read,20,13,10.286067,200,417.467,479,
read_20,read,20,17,10.579619,200,152.816,479,
read_20,read,20,0,10.339846,200,397.298,479,
read_20,read,20,11,10.64961,200,89.326,479,
read_20,read,20,16,10.380441,200,376.062,479,
read_20,read,20,2,10.680791,200,97.746,479,
read_20,read,20,18,10.453911,200,334.242,479,
read_20,read,20,0,10.737192,200,60.407,479,
read_20,read,20,1,10.462188,200,343.884,479,
read_20,read,20,11,10.738998,200,94.365,479,
read_20,read,20,6,10.472913,200,370.582,479,
read_20,read,20,16,10.756572,200,92.98,479,
read_20,read,20,4,10.496282,200,360.439,479,
read_20,read,20,2,10.778584,200,109.47,479,
read_20,read,20,8,10.517005,200,373.16,479,
read_20,read,20,18,10.788201,200,114.32,479,
read_20,read,20,12,10.528671,200,385.472,479,
read_20,read,20,1,10.806119,200,133.07,479,
read_20,read,20,7,10.573798,200,379.763,479,
read_20,read,20,6,10.843568,200,126.947,479,
read_20,read,20,3,10.591063,200,384.953,479,
read_20,read,20,4,10.856771,200,132.794,479,
read_20,read,20,10,10.603373,200,403.694,479,
read_20,read,20,8,10.890224,200,136.891,479,
read_20,read,20,9,10.63225,200,405.24,479,
read_20,read,20,18,10.902568,200,137.472,479,
read_20,read,20,14,10.639061,200,416.283,479,
read_20,read,20,12,10.914229,200,164.373,479,
read_20,read,20,19,10.644192,200,442.059,479,
read_20,read,20,7,10.953611,200,135.928,479,
read_20,read,20,15,10.688335,200,421.414,479,
read_20,read,20,6,10.970563,200,153.799,479,
read_20,read,20,5,10.687996,200,439.687,479,
read_20,read,20,10,11.007116,200,133.571,479,
read_20,read,20,13,10.703582,200,460.296,479,
read_20,read,20,17,10.732483,200,443.314,479,
read_20,read,20,14,11.055391,200,122.887,479,
read_20,read,20,7,11.089608,200,106.247,479,
read_20,read,20,0,10.797667,200,420.744,479,
read_20,read,20,11,10.833411,200,393.304,479,
read_20,read,20,15,11.109801,200,118.293,479,
read_20,read,20,6,11.12441,200,121.204,479,
read_20,read,20,16,10.84962,200,417.349,479,
read_20,read,20,2,10.888134,200,389.216,479,
read_20,read,20,13,11.16395,200,116.039,479,
read_20,read,20,17,11.175845,200,123.004,479,
read_20,read,20,1,10.939238,200,377.464,479,
read_20,read,20,14,11.178326,200,152.419,479,
read_20,read,20,3,10.976067,200,356.44,479,
read_20,read,20,7,11.195924,200,158.167,479,
read_20,read,20,4,10.989615,200,380.12,479,
read_20,read,20,11,11.22676,200,154.986,479,
read_20,read,20,8,11.027164,200,358.16,479,
read_20,read,20,15,11.22814,200,174.397,479,
read_20,read,20,16,11.267056,200,181.446,479,
read_20,read,20,18,11.040107,200,409.301,479,
read_20,read,20,9,11.037539,200,423.223,479,
read_20,read,20,2,11.277403,200,222.974,479,
read_20,read,20,14,11.330822,200,191.992,479,
read_20,read,20,12,11.078666,200,446.063,479,
read_20,read,20,19,11.086321,200,447.157,479,
read_20,read,20,7,11.354164,200,207.295,479,
read_20,read,20,8,11.385372,200,197.076,479,
read_20,read,20,5,11.127728,200,460.325,479,
read_20,read,20,10,11.140734,200,458.174,479,
read_20,read,20,9,11.460838,200,159.44,479,
read_20,read,20,12,11.524798,200,122.911,479,
read_20,read,20,0,11.218465,200,433.521,479,
read_20,read,20,6,11.245661,200,415.539,479,
read_20,read,20,7,11.561509,200,120.445,479,
read_20,read,20,8,11.582519,200,123.861,479,
read_20,read,20,13,11.280196,200,430.368,479,
read_20,read,20,17,11.298898,200,428.419,479,
read_20,read,20,10,11.59896,200,157.237,479,
read_20,read,20,0,11.652039,200,116.948,479,
read_20,read,20,1,11.316751,200,454.331,479,
read_20,read,20,3,11.332597,200,455.189,479,
read_20,read,20,7,11.682034,200,138.723,479,
read_20,read,20,4,11.369781,200,460.341,479,
read_20,read,20,13,11.710612,200,132.103,479,
read_20,read,20,11,11.381811,200,478.853,479,
read_20,read,20,17,11.727367,200,151.83,479,
read_20,read,20,15,11.402603,200,490.21,479,
read_20,read,20,1,11.771163,200,137.605,479,
read_20,read,20,16,11.448581,200,489.88,479,
read_20,read,20,3,11.787869,200,169.758,479,
read_20,read,20,18,11.449471,200,538.98,479,
read_20,read,20,13,11.842816,200,146.115,479,
read_20,read,20,2,11.500548,200,517.042,479,
read_20,read,20,15,11.892895,200,135.77,479,
read_20,read,20,14,11.522863,200,526.997,479,
read_20,read,20,1,11.908853,200,149.859,479,
read_20,read,20,19,11.533555,200,542.183,479,
read_20,read,20,18,11.988537,200,99.291,479,
read_20,read,20,5,11.588124,200,518.371,479,
read_20,read,20,13,11.989038,200,128.222,479,
read_20,read,20,9,11.620361,200,517.082,479,
read_20,read,20,2,12.017664,200,129.754,479,
read_20,read,20,12,11.647767,200,514.024,479,
read_20,read,20,15,12.02872,200,138.924,479,
read_20,read,20,6,11.661249,200,531.271,479,
read_20,read,20,14,12.049933,200,150.918,479,
read_20,read,20,8,11.706459,200,504.455,479,
read_20,read,20,1,12.058791,200,161.962,479,
read_20,read,20,2,12.147496,200,105.016,479,
read_20,read,20,10,11.756282,200,498.256,479,
read_20,read,20,0,11.769054,200,499.022,479,
read_20,read,20,12,12.161843,200,120.002,479,
read_20,read,20,15,12.167703,200,131.99,479,
read_20,read,20,7,11.820833,200,489.534,479,
read_20,read,20,4,11.83021,200,492.901,479,
read_20,read,20,6,12.192655,200,151.383,479,
read_20,read,20,14,12.200905,200,156.397,479,
read_20,read,20,11,11.860713,200,506.489,479,
read_20,read,20,17,11.879246,200,506.853,479,
read_20,read,20,10,12.254602,200,148.083,479,
read_20,read,20,0,12.268125,200,148.232,479,
read_20,read,20,16,11.938531,200,485.597,479,
read_20,read,20,3,11.957723,200,488.261,479,
read_20,read,20,15,12.29979,200,162.207,479,
read_20,read,20,7,12.310437,200,159.861,479,
read_20,read,20,19,12.075797,200,401.21,479,
read_20,read,20,18,12.087877,200,416.03,479,
read_20,read,20,6,12.344106,200,161.967,479,
read_20,read,20,11,12.36728,200,157.636,479,
read_20,read,20,5,12.106546,200,429.975,479,
read_20,read,20,13,12.11731,200,439.34,479,
read_20,read,20,17,12.386186,200,176.665,479,
read_20,read,20,0,12.416559,200,157.647,479,
read_20,read,20,9,12.137492,200,448.487,479,
read_20,read,20,16,12.424194,200,183.822,479,
read_20,read,20,8,12.210962,200,409.81,479,
read_20,read,20,18,12.503956,200,130.176,479,
read_20,read,20,1,12.220827,200,414.957,479,
read_20,read,20,6,12.50612,200,146.1,479,
read_20,read,20,6,12.65227,200,25.844,479,
read_20,read,20,2,12.252562,200,427.41,479,
read_20,read,20,12,12.28192,200,409.494,479,
read_20,read,20,6,12.678164,200,49.51,479,
read_20,read,20,2,12.680067,200,54.599,479,
read_20,read,20,6,12.727722,200,48.417,479,
read_20,read,20,12,12.691494,200,89.603,479,
read_20,read,20,4,12.32319,200,462.068,479,
read_20,read,20,14,12.35736,200,433.412,479,
read_20,read,20,12,12.78119,200,46.375,479,
read_20,read,20,2,12.734738,200,93.259,479,
read_20,read,20,10,12.402735,200,431.999,479,
read_20,read,20,3,12.446061,200,401.996,479,
read_20,read,20,14,12.790827,200,83.239,479,
read_20,read,20,15,12.462045,200,416.541,479,
read_20,read,20,10,12.834829,200,52.205,479,
read_20,read,20,7,12.470362,200,440.994,479,
read_20,read,20,3,12.848105,200,74.229,479,
read_20,read,20,19,12.477056,200,451.839,479,
read_20,read,20,10,12.887082,200,53.872,479,
read_20,read,20,11,12.524963,200,443.459,479,
read_20,read,20,19,12.928962,200,45.208,479,
read_20,read,20,5,12.53657,200,451.498,479,
read_20,read,20,10,12.941,200,67.322,479,
read_20,read,20,13,12.556696,200,464.182,479,
read_20,read,20,11,12.968506,200,58.341,479,
read_20,read,20,17,12.562924,200,484.568,479,
read_20,read,20,5,12.988119,200,78.14,479,
read_20,read,20,0,12.574294,200,500.675,479,
read_20,read,20,11,13.026896,200,58.521,479,
read_20,read,20,9,12.586026,200,520.863,479,
read_20,read,20,17,13.047557,200,71.483,479,
read_20,read,20,16,12.608073,200,521.915,479,
read_20,read,20,0,13.075055,200,57.495,479,
read_20,read,20,16,13.130057,200,26.914,479,
read_20,read,20,8,12.62082,200,549.228,479,
read_20,read,20,18,12.634233,200,542.438,479,
read_20,read,20,16,13.15702,200,34.198,479,
read_20,read,20,1,12.635844,200,580.719,479,
read_20,read,20,8,13.170096,200,50.984,479,
read_20,read,20,6,12.776187,200,453.626,479,
read_20,read,20,18,13.176718,200,61.682,479,
read_20,read,20,6,13.229882,200,27.995,479,
read_20,read,20,4,12.785329,200,482.794,479,
read_20,read,20,2,12.828036,200,454.34,479,
read_20,read,20,6,13.257966,200,36.469,479,
read_20,read,20,12,12.827656,200,488.356,479,
read_20,read,20,4,13.268171,200,50.561,479,
read_20,read,20,14,12.874114,200,466.491,479,
read_20,read,20,6,13.294482,200,65.429,479,
read_20,read,20,15,12.878654,200,487.318,479,
read_20,read,20,12,13.316083,200,58.755,479,
read_20,read,20,14,13.340653,200,52.998,479,
read_20,read,20,7,12.911422,200,491.92,479,
read_20,read,20,3,12.922382,200,497.296,479,
read_20,read,20,14,13.393699,200,26.985,479,
read_20,read,20,19,12.974241,200,484.054,479,
read_20,read,20,10,13.008375,200,458.647,479,
read_20,read,20,14,13.420737,200,47.236,479,
read_20,read,20,3,13.419756,200,52.662,479,
read_20,read,20,13,13.020929,200,496.087,479,
read_20,read,20,10,13.467072,200,53.559,479,
read_20,read,20,5,13.066326,200,455.274,479,
read_20,read,20,3,13.472466,200,50.14,479,
read_20,read,20,11,13.085466,200,469.946,479,
read_20,read,20,13,13.517075,200,42.365,479,
read_20,read,20,9,13.106938,200,466.909,479,
read_20,read,20,5,13.521657,200,53.591,479,
read_20,read,20,17,13.119089,200,488.743,479,
read_20,read,20,3,13.522668,200,91.411,479,
read_20,read,20,13,13.559506,200,65.801,479,
read_20,read,20,0,13.132653,200,499.785,479,
read_20,read,20,5,13.575294,200,85.244,479,
read_20,read,20,16,13.191266,200,478.378,479,
read_20,read,20,0,13.632485,200,38.702,479,
read_20,read,20,1,13.21661,200,460.954,479,
read_20,read,20,16,13.669691,200,45.637,479,
read_20,read,20,8,13.221136,200,494.574,479,
read_20,read,20,1,13.677611,200,48.684,479,
read_20,read,20,18,13.238454,200,488.619,479,
read_20,read,20,2,13.282472,200,483.193,479,
read_20,read,20,8,13.71575,200,54.207,479,
read_20,read,20,4,13.318793,200,455.836,479,
read_20,read,20,1,13.726372,200,48.697,479,
read_20,read,20,15,13.366043,200,448.325,479,
read_20,read,20,18,13.727138,200,89.877,479,
read_20,read,20,6,13.35996,200,463.069,479,
read_20,read,20,2,13.765713,200,60.471,479,
read_20,read,20,12,13.374889,200,481.928,479,
read_20,read,20,4,13.774705,200,94.035,479,
read_20,read,20,1,13.775132,200,94.421,479,
read_20,read,20,7,13.40339,200,467.22,479,
read_20,read,20,19,13.458343,200,445.859,479,
read_20,read,20,18,13.817062,200,97.045,479,
read_20,read,20,15,13.814437,200,102.135,479,
read_20,read,20,14,13.468014,200,463.783,479,
read_20,read,20,15,13.916645,200,26.423,479,
read_20,read,20,10,13.520696,200,437.89,479,
read_20,read,20,14,13.931844,200,34.778,479,
read_20,read,20,11,13.55546,200,428.056,479,
read_20,read,20,10,13.958633,200,47.948,479,
read_20,read,20,9,13.573895,200,445.854,479,
read_20,read,20,14,13.966708,200,64.301,479,
read_20,read,20,17,13.607898,200,428.85,479,
read_20,read,20,11,13.983562,200,77.135,479,
read_20,read,20,3,13.61413,200,467.495,479,
read_20,read,20,13,13.625366,200,458.98,479,
read_20,read,20,10,14.006649,200,89.717,479,
read_20,read,20,17,14.036851,200,72.574,479,
read_20,read,20,0,13.671234,200,462.542,479,
read_20,read,20,5,13.660585,200,477.612,479,
read_20,read,20,11,14.060748,200,87.036,479,
read_20,read,20,3,14.081686,200,81.257,479,
read_20,read,20,16,13.715403,200,468.686,479,
read_20,read,20,8,13.770014,200,414.517,479,
read_20,read,20,13,14.084415,200,107.237,479,
read_20,read,20,0,14.133844,200,76.313,479,
read_20,read,20,2,13.826231,200,406.067,479,
read_20,read,20,6,13.823096,200,414.969,479,
read_20,read,20,11,14.147857,200,92.483,479,
read_20,read,20,3,14.163005,200,98.96,479,
read_20,read,20,12,13.856882,200,416.009,479,
read_20,read,20,16,14.184165,200,107.575,479,
read_20,read,20,4,13.868797,200,429.609,479,
read_20,read,20,8,14.184585,200,125.366,479,
read_20,read,20,1,13.869606,200,455.032,479,
read_20,read,20,2,14.232346,200,113.216,479,
read_20,read,20,7,13.870654,200,477.328,479,
read_20,read,20,6,14.238113,200,124.049,479,
read_20,read,20,19,13.904252,200,476.765,479,
read_20,read,20,3,14.262037,200,134.155,479,
read_20,read,20,18,13.914174,200,483.785,479,
read_20,read,20,4,14.298452,200,115.946,479,
read_20,read,20,15,13.943116,200,486.271,479,
read_20,read,20,1,14.324686,200,127.8,479,
read_20,read,20,9,14.019798,200,440.078,479,
read_20,read,20,7,14.348059,200,120.685,479,
read_20,read,20,14,14.031058,200,443.196,479,
read_20,read,20,6,14.362253,200,137.214,479,
read_20,read,20,10,14.096439,200,419.789,479,
read_20,read,20,19,14.381111,200,138.581,479,
read_20,read,20,17,14.109473,200,419.24,479,
read_20,read,20,9,14.459946,200,77.178,479,
read_20,read,20,5,14.138266,200,419.885,479,
read_20,read,20,9,14.53717,200,23.574,479,
read_20,read,20,13,14.191699,200,391.929,479,
read_20,read,20,9,14.560812,200,46.32,479,
read_20,read,20,5,14.558215,200,52.376,479,
read_20,read,20,0,14.210229,200,404.729,479,
read_20,read,20,11,14.240403,200,393.959,479,
read_20,read,20,13,14.583675,200,74.439,479,
read_20,read,20,5,14.610709,200,47.901,479,
read_20,read,20,12,14.27294,200,395.528,479,
read_20,read,20,16,14.291786,200,392.112,479,
read_20,read,20,11,14.634435,200,70.681,479,
read_20,read,20,0,14.61501,200,99.755,479,
read_20,read,20,8,14.310057,200,405.38,479,
read_20,read,20,2,14.345627,200,390.127,479,
read_20,read,20,5,14.658675,200,99.076,479,
read_20,read,20,12,14.668517,200,94.209,479,
read_20,read,20,3,14.396245,200,374.408,479,
read_20,read,20,18,14.398018,200,395.806,479,
read_20,read,20,16,14.683945,200,132.346,479,
read_20,read,20,11,14.705215,200,114.069,479,
read_20,read,20,4,14.414446,200,427.948,479,
read_20,read,20,15,14.429436,200,435.577,479,
read_20,read,20,5,14.757817,200,115.819,479,
read_20,read,20,0,14.714837,200,159.239,479,
read_20,read,20,1,14.452534,200,438.519,479,
read_20,read,20,12,14.762798,200,157.793,479,
read_20,read,20,11,14.819334,200,104.032,479,
read_20,read,20,7,14.468791,200,465.685,479,
read_20,read,20,14,14.474301,200,465.063,479,
read_20,read,20,0,14.874189,200,86.052,479,
read_20,read,20,6,14.499513,200,483.025,479,
read_20,read,20,7,14.934537,200,55.403,479,
read_20,read,20,10,14.516274,200,480.18,479,
read_20,read,20,14,14.939414,200,81.587,479,
read_20,read,20,19,14.519759,200,522.442,479,
read_20,read,20,0,14.960315,200,82.252,479,
read_20,read,20,17,14.528794,200,524.882,479,
read_20,read,20,6,14.982607,200,100.995,479,
read_20,read,20,7,14.990004,200,105.954,479,
read_20,read,20,9,14.60718,200,503.078,479,
read_20,read,20,13,14.658224,200,461.391,479,
read_20,read,20,10,14.996502,200,154.925,479,
read_20,read,20,14,15.021049,200,134.839,479,
read_20,read,20,8,14.715494,200,440.753,479,
read_20,read,20,2,14.735801,200,439.159,479,
read_20,read,20,3,14.770716,200,432.196,479,
read_20,read,20,19,15.042278,200,162.678,479,
read_20,read,20,17,15.053777,200,152.722,479,
read_20,read,20,18,14.793891,200,437.953,479,
read_20,read,20,16,14.816357,200,437.166,479,
read_20,read,20,6,15.08368,200,170.388,479,
read_20,read,20,7,15.096026,200,158.435,479,
read_20,read,20,4,14.842443,200,441.291,479,
read_20,read,20,13,15.119684,200,180.473,479,
read_20,read,20,9,15.110334,200,190.266,479,
read_20,read,20,15,14.865063,200,436.899,479,
read_20,read,20,5,14.873686,200,458.618,479,
read_20,read,20,2,15.175011,200,163.471,479,
read_20,read,20,1,14.891104,200,463.027,479,
read_20,read,20,8,15.156288,200,198.141,479,
read_20,read,20,12,14.920642,200,461.912,479,
read_20,read,20,19,15.205004,200,180.932,479,
read_20,read,20,11,14.923433,200,481.297,479,
read_20,read,20,6,15.254119,200,151.042,479,
read_20,read,20,0,15.042606,200,388.569,479,
read_20,read,20,9,15.300642,200,140.637,479,
read_20,read,20,15,15.302004,200,152.394,479,
read_20,read,20,10,15.151478,200,310.517,479,
read_20,read,20,14,15.155959,200,324.924,479,
read_20,read,20,8,15.354468,200,150.122,479,
read_20,read,20,12,15.382601,200,124.094,479,
read_20,read,20,3,15.202962,200,323.305,479,
read_20,read,20,17,15.206545,200,344.124,479,
read_20,read,20,11,15.404822,200,164.962,479,
read_20,read,20,19,15.385984,200,184.951,479,
read_20,read,20,18,15.231916,200,362.266,479,
read_20,read,20,16,15.253597,200,363.629,479,
read_20,read,20,6,15.4052,200,229.108,479,
read_20,read,20,15,15.454445,200,181.482,479,
read_20,read,20,7,15.254499,200,402.363,479,
read_20,read,20,4,15.283782,200,398.394,479,
read_20,read,20,10,15.462071,200,230.283,479,
read_20,read,20,14,15.480943,200,213.68,479,
read_20,read,20,13,15.300226,200,421.44,479,
read_20,read,20,5,15.33237,200,413.634,479,
read_20,read,20,3,15.526434,200,242.121,479,
read_20,read,20,12,15.506758,200,262.297,479,
read_20,read,20,2,15.33853,200,458.774,479,
read_20,read,20,16,15.617295,200,214.687,479,
read_20,read,20,1,15.354178,200,479.762,479,
read_20,read,20,18,15.59425,200,248.861,479,
read_20,read,20,0,15.431222,200,453.393,479,
read_20,read,20,9,15.441347,200,460.842,479,
read_20,read,20,15,15.635997,200,285.224,479,
read_20,read,20,7,15.656912,200,271.087,479,
read_20,read,20,8,15.504667,200,461.784,479,
read_20,read,20,17,15.550719,200,431.906,479,
read_20,read,20,11,15.569833,200,476.044,479,
read_20,read,20,4,15.682254,200,375.078,479,
read_20,read,20,19,15.570999,200,490.923,479,
read_20,read,20,12,15.769134,200,303.01,479,
read_20,read,20,6,15.634384,200,483.313,479,
read_20,read,20,10,15.692402,200,438.864,479,
read_20,read,20,1,15.83402,200,297.966,479,
read_20,read,20,16,15.832057,200,305.191,479,
read_20,read,20,14,15.694797,200,480.579,479,
read_20,read,20,0,15.884683,200,308.967,479,
read_20,read,20,13,15.721739,200,473.299,479,
read_20,read,20,15,15.9213,200,275.21,479,
read_20,read,20,5,15.746098,200,491.431,479,
read_20,read,20,3,15.768622,200,485.046,479,
read_20,read,20,11,16.045955,200,215.517,479,
read_20,read,20,19,16.061996,200,199.982,479,
read_20,read,20,2,15.797405,200,502.36,479,
read_20,read,20,18,15.843181,200,473.365,479,
read_20,read,20,12,16.072214,200,247.565,479,
read_20,read,20,6,16.117747,200,203.861,479,
read_20,read,20,9,15.902266,200,468.728,479,
read_20,read,20,7,15.928102,200,455.015,479,
read_20,read,20,14,16.175427,200,212.697,479,
read_20,read,20,1,16.132046,200,259.096,479,
read_20,read,20,8,15.966524,200,471.095,479,
read_20,read,20,17,15.982692,200,472.349,479,
read_20,read,20,13,16.195132,200,260.405,479,
read_20,read,20,15,16.196568,200,266.885,479,
read_20,read,20,4,16.057397,200,455.545,479,
read_20,read,20,5,16.237608,200,287.016,479,
read_20,read,20,10,16.131451,200,395.99,479,
read_20,read,20,3,16.253754,200,276.034,479,
read_20,read,20,19,16.262048,200,318.914,479,
read_20,read,20,16,16.137329,200,448.537,479,
read_20,read,20,18,16.316596,200,271.91,479,
read_20,read,20,0,16.193723,200,397.804,479,
read_20,read,20,7,16.383167,200,249.8,479,
read_20,read,20,2,16.299836,200,344.889,479,
read_20,read,20,11,16.261578,200,383.728,479,
read_20,read,20,9,16.371068,200,275.132,479,
read_20,read,20,8,16.437696,200,252.049,479,
read_20,read,20,13,16.455892,200,239.879,479,
read_20,read,20,12,16.319829,200,377.494,479,
read_20,read,20,6,16.321697,200,378.201,479,
read_20,read,20,4,16.513011,200,228.331,479,
read_20,read,20,3,16.52984,200,215.723,479,
read_20,read,20,14,16.388182,200,360.327,479,
read_20,read,20,1,16.391193,200,359.152,479,
read_20,read,20,19,16.581017,200,213.568,479,
read_20,read,20,16,16.585918,200,210.009,479,
read_20,read,20,17,16.455111,200,346.931,479,
read_20,read,20,15,16.463524,200,340.945,479,
read_20,read,20,0,16.59158,200,258.805,479,
read_20,read,20,7,16.633018,200,217.779,479,
read_20,read,20,5,16.5247,200,339.468,479,
read_20,read,20,10,16.527522,200,337.272,479,
read_20,read,20,11,16.645398,200,267.607,479,
read_20,read,20,12,16.697431,200,216.922,479,
read_20,read,20,2,16.644812,200,282.767,479,
read_20,read,20,18,16.588581,200,342.786,479,
read_20,read,20,15,16.804518,200,163.616,479,
read_20,read,20,16,16.796,200,178.206,479,
read_20,read,20,9,16.646285,200,337.619,479,
read_20,read,20,8,16.689803,200,298.651,479,
read_20,read,20,10,16.864879,200,157.102,479,
read_20,read,20,11,16.913077,200,118.251,479,
read_20,read,20,13,16.69586,200,340.563,479,
read_20,read,20,6,16.699954,200,344.977,479,
read_20,read,20,12,16.91444,200,159.937,479,
read_20,read,20,2,16.927653,200,160.545,479,
read_20,read,20,4,16.741443,200,358.078,479,
read_20,read,20,3,16.745609,200,354.888,479,
read_20,read,20,15,16.968209,200,165.17,479,
read_20,read,20,16,16.974255,200,166.401,479,
read_20,read,20,14,16.748561,200,401.23,479,
read_20,read,20,1,16.750418,200,406.812,479,
read_20,read,20,9,16.983954,200,207.04,479,
read_20,read,20,8,16.988502,200,208.263,479,
read_20,read,20,19,16.794656,200,410.364,479,
read_20,read,20,17,16.802115,200,416.596,479,
read_20,read,20,10,17.02203,200,218.387,479,
read_20,read,20,11,17.031399,200,222.123,479,
read_20,read,20,0,16.850433,200,407.255,479,
read_20,read,20,7,16.85086,200,423.343,479,
read_20,read,20,13,17.036472,200,267.222,479,
read_20,read,20,2,17.088248,200,221.866,479,
read_20,read,20,5,16.864243,200,454.743,479,
read_20,read,20,18,16.931418,200,397.581,479,
read_20,read,20,4,17.099586,200,253.827,479,
read_20,read,20,3,17.100566,200,264.881,479,
read_20,read,20,6,17.044981,200,335.647,479,
read_20,read,20,12,17.074426,200,315.079,479,
read_20,read,20,16,17.140723,200,264.097,479,
read_20,read,20,8,17.196829,200,227.26,479,
read_20,read,20,15,17.133427,200,306.577,479,
read_20,read,20,14,17.149842,200,297.725,479,
read_20,read,20,19,17.205097,200,247.519,479,
read_20,read,20,11,17.253574,200,229.3,479,
read_20,read,20,1,17.157303,200,331.387,479,
read_20,read,20,9,17.191043,200,310.794,479,
read_20,read,20,0,17.257741,200,255.531,479,
read_20,read,20,13,17.303744,200,233.41,479,
read_20,read,20,17,17.218761,200,335.758,479,
read_20,read,20,10,17.240491,200,314.813,479,
read_20,read,20,2,17.310179,200,253.366,479,
read_20,read,20,12,17.389555,200,210.224,479,
read_20,read,20,7,17.274259,200,332.759,479,
read_20,read,20,5,17.319036,200,293.383,479,
read_20,read,20,8,17.424138,200,195.785,479,
read_20,read,20,4,17.353463,200,304.094,479,
read_20,read,20,18,17.329088,200,329.096,479,
read_20,read,20,15,17.440073,200,220.627,479,
read_20,read,20,11,17.482921,200,188.002,479,
read_20,read,20,3,17.365519,200,342.688,479,
read_20,read,20,6,17.380676,200,334.096,479,
read_20,read,20,1,17.488747,200,227.875,479,
read_20,read,20,17,17.554593,200,162.357,479,
read_20,read,20,16,17.404868,200,348.525,479,
read_20,read,20,7,17.607069,200,148.7,479,
read_20,read,20,2,17.563646,200,201.061,479,
read_20,read,20,14,17.447649,200,324.305,479,
read_20,read,20,19,17.452666,200,349.734,479,
read_20,read,20,5,17.612467,200,193.838,479,
read_20,read,20,8,17.619973,200,196.623,479,
read_20,read,20,9,17.501953,200,320.534,479,
read_20,read,20,0,17.513336,200,341.817,479,
read_20,read,20,4,17.657611,200,202.027,479,
read_20,read,20,15,17.660762,200,204.094,479,
read_20,read,20,13,17.537203,200,334.045,479,
read_20,read,20,3,17.708274,200,198.795,479,
read_20,read,20,16,17.753459,200,160.287,479,
read_20,read,20,10,17.555375,200,363.008,479,
read_20,read,20,12,17.599827,200,319.356,479,
read_20,read,20,5,17.806376,200,154.933,479,
read_20,read,20,19,17.802447,200,162.36,479,
read_20,read,20,18,17.658348,200,307.802,479,
read_20,read,20,11,17.670971,200,301.176,479,
read_20,read,20,3,17.907117,200,106.341,479,
read_20,read,20,10,17.918433,200,95.446,479,
read_20,read,20,6,17.714845,200,300.113,479,
read_20,read,20,1,17.716669,200,304.715,479,
read_20,read,20,17,17.716998,200,341.616,479,
read_20,read,20,18,17.966217,200,97.761,479,
read_20,read,20,12,17.919245,200,149.43,479,
read_20,read,20,7,17.755834,200,320.072,479,
read_20,read,20,11,17.972196,200,133.497,479,
read_20,read,20,2,17.764755,200,350.083,479,
read_20,read,20,10,18.01398,200,113.123,479,
read_20,read,20,14,17.772018,200,366.023,479,
read_20,read,20,8,17.816644,200,341.63,479,
read_20,read,20,18,18.064026,200,115.59,479,
read_20,read,20,1,18.02143,200,158.617,479,
read_20,read,20,9,17.822535,200,373.785,479,
read_20,read,20,0,17.855201,200,370.96,479,
read_20,read,20,7,18.075979,200,165.104,479,
read_20,read,20,2,18.114888,200,129.452,479,
read_20,read,20,4,17.859728,200,399.792,479,
read_20,read,20,15,17.864904,200,416.586,479,
read_20,read,20,9,18.196403,200,102.931,479,
read_20,read,20,18,18.179684,200,120.148,479,
read_20,read,20,13,17.871294,200,447.065,479,
read_20,read,20,16,17.913794,200,421.64,479,
read_20,read,20,0,18.22621,200,125.383,479,
read_20,read,20,4,18.259605,200,92.867,479,
read_20,read,20,5,17.961359,200,403.563,479,
read_20,read,20,19,17.964854,200,425.029,479,
read_20,read,20,9,18.299487,200,93.168,479,
read_20,read,20,18,18.299872,200,106.484,479,
read_20,read,20,3,18.013511,200,403.459,479,
read_20,read,20,16,18.3355,200,98.902,479,
read_20,read,20,6,18.014999,200,430.823,479,
read_20,read,20,0,18.351641,200,115.612,479,
read_20,read,20,17,18.058802,200,408.87,479,
read_20,read,20,5,18.36497,200,129.242,479,
read_20,read,20,12,18.068726,200,440.078,479,
read_20,read,20,9,18.392782,200,130.397,479,
read_20,read,20,11,18.105761,200,428.607,479,
read_20,read,20,10,18.127186,200,432.585,479,
read_20,read,20,3,18.417035,200,144.529,479,
read_20,read,20,16,18.434449,200,148.351,479,
read_20,read,20,14,18.138092,200,457.956,479,
read_20,read,20,0,18.467301,200,147.545,479,
read_20,read,20,8,18.158353,200,461.046,479,
read_20,read,20,12,18.508886,200,128.549,479,
read_20,read,20,1,18.180095,200,463.237,479,
read_20,read,20,9,18.523245,200,149.197,479,
read_20,read,20,7,18.241162,200,431.619,479,
read_20,read,20,11,18.534417,200,156.755,479,
read_20,read,20,2,18.244438,200,448.932,479,
read_20,read,20,10,18.559841,200,168.186,479,
read_20,read,20,3,18.561616,200,174.178,479,
read_20,read,20,13,18.318448,200,419.791,479,
read_20,read,20,15,18.281539,200,464.511,479,
read_20,read,20,4,18.352521,200,427.018,479,
read_20,read,20,16,18.582851,200,199.203,479,
read_20,read,20,14,18.596097,200,186.741,479,
read_20,read,20,19,18.389961,200,407.925,479,
read_20,read,20,0,18.614923,200,211.995,479,
read_20,read,20,18,18.406404,200,423.215,479,
read_20,read,20,8,18.619458,200,218.209,479,
read_20,read,20,6,18.44587,200,407.196,479,
read_20,read,20,7,18.672821,200,198.537,479,
read_20,read,20,17,18.467725,200,416.047,479,
read_20,read,20,13,18.738308,200,156.838,479,
read_20,read,20,5,18.494303,200,409.321,479,
read_20,read,20,16,18.78212,200,138.831,479,
read_20,read,20,12,18.637484,200,295.123,479,
read_20,read,20,14,18.782885,200,164.103,479,
read_20,read,20,1,18.643468,200,307.825,479,
read_20,read,20,19,18.79795,200,180.436,479,
read_20,read,20,9,18.672493,200,317.465,479,
read_20,read,20,6,18.853148,200,142.813,479,
read_20,read,20,11,18.691263,200,316.457,479,
read_20,read,20,2,18.693457,200,342.515,479,
read_20,read,20,7,18.871436,200,173.745,479,
read_20,read,20,13,18.895193,200,150.86,479,
read_20,read,20,10,18.728074,200,333.892,479,
read_20,read,20,3,18.735869,200,352.457,479,
read_20,read,20,16,18.920999,200,172.268,479,
read_20,read,20,5,18.903671,200,195.026,479,
read_20,read,20,15,18.746097,200,369.545,479,
read_20,read,20,4,18.779585,200,355.472,479,
read_20,read,20,12,18.932666,200,213.34,479,
read_20,read,20,14,18.947054,200,203.002,479,
read_20,read,20,0,18.826963,200,354.456,479,
read_20,read,20,18,18.82967,200,389.516,479,
read_20,read,20,9,18.990027,200,250.047,479,
read_20,read,20,1,18.951437,200,292.868,479,
read_20,read,20,8,18.837718,200,433.81,479,
read_20,read,20,17,18.883846,200,426.678,479,
read_20,read,20,2,19.036019,200,294.185,479,
read_20,read,20,11,19.007784,200,333.08,479,
read_20,read,20,19,18.978464,200,405.526,479,
read_20,read,20,6,18.996008,200,425.924,479,
read_20,read,20,10,19.062015,200,360.423,479,
read_20,read,20,16,19.093328,200,358.542,479,
read_20,read,20,15,19.115707,200,381.683,479,
read_20,read,20,4,19.135106,200,371.382,479,
read_20,read,20,7,19.045229,200,498.581,479,
read_20,read,20,13,19.046112,200,502.993,479,
read_20,read,20,14,19.150128,200,413.143,479,
read_20,read,20,18,19.219298,200,348.806,479,
read_20,read,20,3,19.088373,200,516.033,479,
read_20,read,20,5,19.098745,200,511.102,479,
read_20,read,20,1,19.24438,200,372.829,479,
read_20,read,20,8,19.271599,200,354.475,479,
read_20,read,20,0,19.181504,200,477.299,479,
read_20,read,20,12,19.146084,200,518.2,479,
read_20,read,20,16,19.45196,200,220.888,479,
read_20,read,20,15,19.497442,200,183.628,479,
read_20,read,20,9,19.241346,200,474.111,479,
read_20,read,20,17,19.310595,200,405.266,479,
read_20,read,20,7,19.543907,200,181.016,479,
read_20,read,20,4,19.50656,200,224.732,479,
read_20,read,20,5,19.60992,200,164.852,479,
read_20,read,20,2,19.330281,200,448.081,479,
read_20,read,20,11,19.34094,200,438.767,479,
read_20,read,20,1,19.617259,200,179.491,479,
read_20,read,20,0,19.658884,200,176.233,479,
read_20,read,20,19,19.384098,200,463.964,479,
read_20,read,20,10,19.422503,200,427.249,479,
read_20,read,20,12,19.664369,200,207.759,479,
read_20,read,20,16,19.672911,200,218.254,479,
read_20,read,20,6,19.422008,200,478.838,479,
read_20,read,20,13,19.549157,200,360.03,479,
read_20,read,20,4,19.731397,200,197.643,479,
read_20,read,20,5,19.774849,200,169.395,479,
read_20,read,20,14,19.563338,200,391.625,479,
read_20,read,20,18,19.568177,200,398.586,479,
read_20,read,20,19,19.84813,200,143.239,479,
read_20,read,20,10,19.849809,200,154.892,479,
read_20,read,20,3,19.604481,200,409.689,479,
read_20,read,20,8,19.62613,200,400.99,479,
read_20,read,20,12,19.872178,200,170.213,479,
read_20,read,20,16,19.891235,200,177.373,479,
read_20,read,20,15,19.681118,200,394.108,479,
read_20,read,20,9,19.715509,200,373.098,479,
read_20,read,20,13,19.909246,200,193.231,479,
read_20,read,20,5,19.944312,200,177.057,479,
read_20,read,20,17,19.715917,200,410.339,479,
read_20,read,20,7,19.724997,200,419.818,479,
read_20,read,20,14,19.955012,200,204.326,479,
read_20,read,20,10,20.004759,200,169.514,479,
read_20,read,20,2,19.778443,200,404.226,479,
read_20,read,20,11,19.779779,200,413.799,479,
read_20,read,20,8,20.027213,200,185.174,479,
read_20,read,20,12,20.042466,200,187.369,479,
read_20,read,20,1,19.796828,200,434.023,479,
read_20,read,20,0,19.835218,200,412.158,479,
read_20,read,20,16,20.068658,200,196.742,479,
read_20,read,20,9,20.088656,200,192.043,479,
read_20,read,20,6,19.900903,200,393.553,479,
read_20,read,20,4,19.929089,200,369.566,479,
read_20,read,20,13,20.102526,200,216.905,479,
read_20,read,20,5,20.121418,200,210.15,479,
read_20,read,20,18,19.966843,200,379.915,479,
read_20,read,20,19,19.991421,200,362.629,479,
read_20,read,20,17,20.126329,200,242.672,479,
read_20,read,20,3,20.014218,200,372.723,479,
read_20,read,20,2,20.182715,200,213.978,479,
read_20,read,20,15,20.075291,200,335.499,479,
read_20,read,20,11,20.193631,200,226.498,479,
read_20,read,20,7,20.144865,200,300.264,479,
read_20,read,20,8,20.212435,200,245.381,479,
read_20,read,20,0,20.247457,200,221.22,479,
read_20,read,20,14,20.159426,200,324.41,479,
read_20,read,20,10,20.17434,200,322.17,479,
read_20,read,20,16,20.265447,200,250.262,479,
read_20,read,20,6,20.294504,200,232.351,479,
read_20,read,20,12,20.229882,200,316.151,479,
read_20,read,20,1,20.230893,200,321.126,479,
read_20,read,20,4,20.298729,200,271.371,479,
read_20,read,20,13,20.319478,200,257.044,479,
read_20,read,20,9,20.280746,200,317.534,479,
read_20,read,20,5,20.331617,200,268.553,479,
read_20,read,20,19,20.354099,200,265.646,479,
read_20,read,20,17,20.369048,200,257.617,479,
read_20,read,20,18,20.346805,200,301.433,479,
read_20,read,20,3,20.387033,200,262.169,479,
read_20,read,20,11,20.420198,200,246.892,479,
read_20,read,20,10,20.496586,200,180.872,479,
read_20,read,20,15,20.410855,200,289.179,479,
read_20,read,20,2,20.396741,200,304.424,479,
read_20,read,20,16,20.515774,200,205.786,479,
read_20,read,20,1,20.552084,200,170.273,479,
read_20,read,20,8,20.45787,200,291.387,479,
read_20,read,20,7,20.445179,200,305.461,479,
read_20,read,20,19,20.619811,200,156.501,479,
read_20,read,20,5,20.600239,200,177.567,479,
read_20,read,20,14,20.483907,200,311.44,479,
read_20,read,20,0,20.468726,200,334.905,479,
read_20,read,20,18,20.648286,200,175.901,479,
read_20,read,20,17,20.626713,200,202.268,479,
read_20,read,20,6,20.526905,200,317.862,479,
read_20,read,20,12,20.546081,200,309.243,479,
read_20,read,20,3,20.649264,200,218.498,479,
read_20,read,20,4,20.570149,200,321.337,479,
read_20,read,20,10,20.677522,200,216.4,479,
read_20,read,20,15,20.700102,200,207.327,479,
read_20,read,20,13,20.576597,200,336.527,479,
read_20,read,20,7,20.750701,200,187.218,479,
read_20,read,20,9,20.598328,200,349.321,479,
read_20,read,20,0,20.803678,200,153.279,479,
read_20,read,20,11,20.667161,200,301.749,479,
read_20,read,20,18,20.824285,200,174.588,479,
read_20,read,20,2,20.701234,200,306.193,479,
read_20,read,20,12,20.855489,200,157.0,479,
read_20,read,20,16,20.721608,200,304.235,479,
read_20,read,20,11,20.96899,200,79.661,479,
read_20,read,20,1,20.722662,200,334.463,479,
read_20,read,20,12,21.012538,200,51.289,479,
read_20,read,20,8,20.749305,200,330.199,479,
read_20,read,20,11,21.048722,200,37.53,479,
read_20,read,20,8,21.079552,200,27.03,479,
read_20,read,20,19,20.776366,200,339.199,479,
read_20,read,20,5,20.777849,200,348.597,479,
read_20,read,20,8,21.106771,200,50.383,479,
read_20,read,20,19,21.115612,200,47.015,479,
read_20,read,20,14,20.795414,200,370.023,479,
read_20,read,20,17,20.829046,200,349.759,479,
read_20,read,20,5,21.126496,200,84.515,479,
read_20,read,20,19,21.162674,200,48.643,479,
read_20,read,20,6,20.844814,200,381.502,479,
read_20,read,20,3,20.86781,200,361.655,479,
read_20,read,20,14,21.16548,200,105.453,479,
read_20,read,20,17,21.178867,200,92.824,479,
read_20,read,20,10,20.893986,200,388.629,479,
read_20,read,20,4,20.891534,200,399.14,479,
read_20,read,20,3,21.22953,200,98.928,479,
read_20,read,20,19,21.211355,200,119.717,479,
read_20,read,20,15,20.907495,200,430.281,479,
read_20,read,20,13,20.913171,200,436.211,479,
read_20,read,20,10,21.282711,200,98.608,479,
read_20,read,20,17,21.271754,200,117.412,479,
read_20,read,20,7,20.938006,200,458.127,479,
read_20,read,20,9,20.947699,200,455.508,479,
read_20,read,20,4,21.290735,200,136.321,479,
read_20,read,20,18,20.99892,200,466.782,479,
read_20,read,20,0,20.957033,200,514.379,479,
read_20,read,20,15,21.337826,200,156.344,479,
read_20,read,20,13,21.34943,200,165.873,479,
read_20,read,20,2,21.007476,200,541.102,479,
read_20,read,20,16,21.025888,200,529.759,479,
read_20,read,20,10,21.381367,200,189.492,479,
read_20,read,20,17,21.389216,200,191.293,479,
read_20,read,20,1,21.057173,200,546.508,479,
read_20,read,20,12,21.063875,200,553.069,479,
read_20,read,20,7,21.39618,200,230.513,479,
read_20,read,20,9,21.403265,200,242.171,479,
read_20,read,20,11,21.086312,200,580.928,479,
read_20,read,20,8,21.157203,200,526.563,479,
read_20,read,20,4,21.427113,200,269.528,479,
read_20,read,20,0,21.471489,200,236.867,479,
read_20,read,20,5,21.211061,200,532.506,479,
read_20,read,20,6,21.226386,200,517.648,479,
read_20,read,20,16,21.555722,200,204.688,479,
read_20,read,20,17,21.580569,200,184.974,479,
read_20,read,20,14,21.271038,200,531.29,479,
read_20,read,20,3,21.328509,200,474.496,479,
read_20,read,20,12,21.617031,200,201.775,479,
read_20,read,20,11,21.667313,200,158.551,479,
read_20,read,20,19,21.331141,200,522.695,479,
read_20,read,20,18,21.465788,200,406.676,479,
read_20,read,20,0,21.708446,200,170.763,479,
read_20,read,20,6,21.744088,200,144.06,479,
read_20,read,20,15,21.494252,200,420.574,479,
read_20,read,20,13,21.515355,200,418.62,479,
read_20,read,20,14,21.802401,200,141.987,479,
read_20,read,20,11,21.825933,200,119.88,479,
read_20,read,20,2,21.548628,200,440.853,479,
read_20,read,20,19,21.853887,200,146.538,479,
read_20,read,20,10,21.570954,200,431.356,479,
read_20,read,20,6,21.888283,200,124.682,479,
read_20,read,20,1,21.60375,200,440.691,479,
read_20,read,20,15,21.914897,200,144.739,479,
read_20,read,20,7,21.62676,200,438.604,479,
read_20,read,20,13,21.934024,200,136.446,479,
read_20,read,20,9,21.645516,200,455.014,479,
read_20,read,20,10,22.002363,200,107.218,479,
read_20,read,20,7,22.065429,200,52.888,479,
read_20,read,20,8,21.683822,200,444.23,479,
read_20,read,20,7,22.118368,200,26.13,479,
read_20,read,20,4,21.69669,200,459.566,479,
read_20,read,20,5,21.743636,200,434.689,479,
read_20,read,20,7,22.144549,200,35.67,479,
read_20,read,20,4,22.15631,200,46.746,479,
read_20,read,20,16,21.760461,200,452.134,479,
read_20,read,20,17,21.765613,200,461.705,479,
read_20,read,20,5,22.178375,200,62.573,479,
read_20,read,20,7,22.180275,200,79.169,479,
read_20,read,20,3,21.803066,200,460.56,479,
read_20,read,20,12,21.818882,200,468.037,479,
read_20,read,20,16,22.212646,200,102.37,479,
read_20,read,20,17,22.2274,200,109.988,479,
read_20,read,20,18,21.872529,200,482.524,479,
read_20,read,20,0,21.879261,200,483.176,479,
read_20,read,20,5,22.240997,200,153.099,479,
read_20,read,20,3,22.263701,200,147.869,479,
read_20,read,20,14,21.944437,200,485.72,479,
read_20,read,20,11,21.945859,200,490.048,479,
read_20,read,20,12,22.286976,200,164.853,479,
read_20,read,20,0,22.362519,200,127.562,479,
read_20,read,20,2,21.989533,200,510.111,479,
read_20,read,20,19,22.000474,200,500.797,479,
read_20,read,20,14,22.430228,200,82.708,479,
read_20,read,20,1,22.044489,200,508.12,479,
read_20,read,20,2,22.499711,200,64.244,479,
read_20,read,20,19,22.50132,200,64.127,479,
read_20,read,20,6,22.013016,200,557.586,479,
read_20,read,20,14,22.51299,200,107.89,479,
read_20,read,20,15,22.059733,200,563.857,479,
read_20,read,20,1,22.55269,200,78.886,479,
read_20,read,20,13,22.070519,200,565.033,479,
read_20,read,20,19,22.5655,200,115.601,479,
read_20,read,20,9,22.10058,200,581.447,479,
read_20,read,20,14,22.621759,200,69.026,479,
read_20,read,20,10,22.109631,200,583.249,479,
read_20,read,20,13,22.635637,200,99.122,479,
read_20,read,20,8,22.12811,200,607.878,479,
read_20,read,20,19,22.68115,200,57.051,479,
read_20,read,20,4,22.203104,200,544.106,479,
read_20,read,20,8,22.736035,200,48.441,479,
read_20,read,20,19,22.738547,200,50.294,479,
read_20,read,20,16,22.31509,200,477.991,479,
read_20,read,20,7,22.259516,200,534.466,479,
read_20,read,20,18,22.355132,200,476.062,479,
read_20,read,20,8,22.784528,200,56.174,479,
read_20,read,20,19,22.788944,200,53.248,479,
read_20,read,20,17,22.337488,200,509.906,479,
read_20,read,20,7,22.794047,200,103.361,479,
read_20,read,20,5,22.394191,200,504.518,479,
read_20,read,20,16,22.793135,200,115.041,479,
read_20,read,20,3,22.411637,200,500.864,479,
read_20,read,20,19,22.842257,200,104.72,479,
read_20,read,20,11,22.435985,200,518.785,479,
read_20,read,20,12,22.451908,200,516.685,479,
read_20,read,20,17,22.847445,200,121.6,479,
read_20,read,20,5,22.898777,200,108.021,479,
read_20,read,20,0,22.490175,200,525.873,479,
read_20,read,20,16,22.908248,200,110.168,479,
read_20,read,20,2,22.56402,200,462.155,479,
read_20,read,20,6,22.571039,200,490.207,479,
read_20,read,20,3,22.912547,200,153.621,479,
read_20,read,20,19,22.947028,200,123.023,479,
read_20,read,20,15,22.623666,200,452.991,479,
read_20,read,20,11,22.954859,200,154.989,479,
read_20,read,20,1,22.631648,200,486.244,479,
read_20,read,20,5,23.006866,200,114.711,479,
read_20,read,20,9,22.682072,200,442.37,479,
read_20,read,20,6,23.061294,200,102.521,479,
read_20,read,20,2,23.026223,200,137.884,479,
read_20,read,20,14,22.690861,200,477.583,479,
read_20,read,20,10,22.692947,200,483.954,479,
read_20,read,20,15,23.076705,200,138.937,479,
read_20,read,20,19,23.070121,200,155.234,479,
read_20,read,20,4,22.747258,200,484.298,479,
read_20,read,20,13,22.734855,200,497.676,479,
read_20,read,20,11,23.109894,200,164.993,479,
read_20,read,20,8,22.840766,200,434.573,479,
read_20,read,20,1,23.117961,200,159.51,479,
read_20,read,20,18,22.831262,200,461.634,479,
read_20,read,20,14,23.16849,200,153.521,479,
read_20,read,20,10,23.176948,200,156.309,479,
read_20,read,20,7,22.897485,200,437.684,479,
read_20,read,20,12,22.968662,200,381.563,479,
read_20,read,20,4,23.231605,200,139.793,479,
read_20,read,20,17,22.969112,200,427.554,479,
read_20,read,20,0,23.0161,200,380.925,479,
read_20,read,20,13,23.232595,200,169.016,479,
read_20,read,20,11,23.274965,200,148.899,479,
read_20,read,20,3,23.066217,200,380.319,479,
read_20,read,20,16,23.018463,200,430.273,479,
read_20,read,20,1,23.277536,200,171.666,479,
read_20,read,20,7,23.335248,200,137.582,479,
read_20,read,20,9,23.124565,200,374.451,479,
read_20,read,20,12,23.350273,200,154.808,479,
read_20,read,20,5,23.121699,200,387.505,479,
read_20,read,20,4,23.371454,200,153.614,479,
read_20,read,20,6,23.163862,200,384.392,479,
read_20,read,20,17,23.396714,200,158.013,479,
read_20,read,20,2,23.164145,200,396.761,479,
read_20,read,20,11,23.423912,200,155.51,479,
read_20,read,20,15,23.215692,200,387.246,479,
read_20,read,20,3,23.446685,200,160.278,479,
read_20,read,20,19,23.225413,200,388.048,479,
read_20,read,20,5,23.509271,200,123.203,479,
read_20,read,20,8,23.275387,200,379.715,479,
read_20,read,20,4,23.525115,200,137.702,479,
read_20,read,20,18,23.292966,200,373.936,479,
read_20,read,20,14,23.322066,200,389.412,479,
read_20,read,20,10,23.333307,200,391.174,479,
read_20,read,20,6,23.548308,200,191.045,479,
read_20,read,20,2,23.560952,200,202.951,479,
read_20,read,20,0,23.397063,200,371.346,479,
read_20,read,20,13,23.40167,200,375.867,479,
read_20,read,20,15,23.603008,200,194.876,479,
read_20,read,20,19,23.61351,200,204.067,479,
read_20,read,20,16,23.448824,200,375.191,479,
read_20,read,20,1,23.449268,200,380.733,479,
read_20,read,20,8,23.655171,200,190.913,479,
read_20,read,20,4,23.662898,200,212.324,479,
read_20,read,20,7,23.47288,200,404.271,479,
read_20,read,20,9,23.499064,200,381.709,479,
read_20,read,20,18,23.666949,200,232.687,479,
read_20,read,20,6,23.739405,200,186.461,479,
read_20,read,20,17,23.554795,200,376.35,479,
read_20,read,20,12,23.505153,200,426.4,479,
read_20,read,20,2,23.763949,200,184.638,479,
read_20,read,20,11,23.579502,200,400.829,479,
read_20,read,20,13,23.777584,200,205.764,479,
read_20,read,20,3,23.607018,200,385.686,479,
read_20,read,20,16,23.824067,200,182.812,479,
read_20,read,20,5,23.632556,200,415.044,479,
read_20,read,20,8,23.846132,200,209.608,479,
read_20,read,20,14,23.711529,200,356.385,479,
read_20,read,20,4,23.875269,200,201.96,479,
read_20,read,20,10,23.724528,200,378.689,479,
read_20,read,20,12,23.931609,200,179.299,479,
read_20,read,20,0,23.768485,200,357.009,479,
read_20,read,20,17,23.931192,200,208.049,479,
read_20,read,20,11,23.980435,200,178.967,479,
read_20,read,20,15,23.797952,200,367.459,479,
read_20,read,20,19,23.817624,200,364.465,479,
read_20,read,20,3,23.992782,200,203.044,479,
read_20,read,20,5,24.047668,200,168.808,479,
read_20,read,20,1,23.830071,200,397.913,479,
read_20,read,20,7,23.8772,200,361.465,479,
read_20,read,20,14,24.067963,200,182.559,479,
read_20,read,20,0,24.125581,200,149.56,479,
read_20,read,20,9,23.880821,200,407.933,479,
read_20,read,20,18,23.899684,200,394.019,479,
read_20,read,20,19,24.182167,200,126.975,479,
read_20,read,20,3,24.195904,200,137.871,479,
read_20,read,20,6,23.925914,200,417.033,479,
read_20,read,20,2,23.948655,200,407.23,479,
read_20,read,20,1,24.228032,200,137.927,479,
read_20,read,20,13,23.983423,200,409.477,479,
read_20,read,20,0,24.275194,200,124.914,479,
read_20,read,20,16,24.006938,200,409.465,479,
read_20,read,20,9,24.288823,200,136.642,479,
read_20,read,20,8,24.055791,200,394.868,479,
read_20,read,20,19,24.309372,200,145.686,479,
read_20,read,20,4,24.077297,200,391.662,479,
read_20,read,20,6,24.342992,200,133.351,479,
read_20,read,20,10,24.103269,200,398.167,479,
read_20,read,20,2,24.355934,200,156.732,479,
read_20,read,20,12,24.110958,200,411.82,479,
read_20,read,20,0,24.400157,200,127.349,479,
read_20,read,20,16,24.416453,200,145.389,479,
read_20,read,20,17,24.139308,200,423.176,479,
read_20,read,20,11,24.159471,200,412.347,479,
read_20,read,20,9,24.425513,200,154.585,479,
read_20,read,20,19,24.455118,200,157.542,479,
read_20,read,20,15,24.16548,200,450.562,479,
read_20,read,20,5,24.216525,200,408.798,479,
read_20,read,20,4,24.469039,200,158.609,479,
read_20,read,20,7,24.238717,200,420.345,479,
read_20,read,20,12,24.522824,200,147.219,479,
read_20,read,20,16,24.561906,200,114.921,479,
read_20,read,20,14,24.250604,200,431.646,479,
read_20,read,20,18,24.293767,200,413.075,479,
read_20,read,20,11,24.571892,200,142.733,479,
read_20,read,20,5,24.625371,200,105.371,479,
read_20,read,20,3,24.333863,200,404.016,479,
read_20,read,20,1,24.366026,200,394.775,479,
read_20,read,20,18,24.706906,200,64.587,479,
read_20,read,20,11,24.714685,200,66.642,479,
read_20,read,20,13,24.392975,200,406.105,479,
read_20,read,20,8,24.450707,200,364.465,479,
read_20,read,20,3,24.737928,200,95.472,479,
read_20,read,20,1,24.760851,200,84.231,479,
read_20,read,20,6,24.476393,200,391.358,479,
read_20,read,20,10,24.501486,200,380.772,479,
read_20,read,20,11,24.781374,200,110.662,479,
read_20,read,20,13,24.799136,200,105.627,479,
read_20,read,20,2,24.51276,200,415.354,479,
read_20,read,20,3,24.833466,200,106.44,479,
read_20,read,20,0,24.527582,200,412.643,479,
read_20,read,20,6,24.867823,200,96.352,479,
read_20,read,20,3,24.939957,200,39.945,479,
read_20,read,20,17,24.562541,200,425.793,479,
read_20,read,20,9,24.580171,200,418.369,479,
read_20,read,20,3,24.979951,200,29.192,479,
read_20,read,20,9,24.998588,200,30.014,479,
read_20,read,20,19,24.612709,200,429.361,479,
read_20,read,20,15,24.616115,200,433.486,479,
read_20,read,20,9,25.028648,200,35.656,479,
read_20,read,20,4,24.627712,200,462.212,479,
read_20,read,20,7,24.659159,200,437.883,479,
read_20,read,20,19,25.042117,200,58.779,479,
read_20,read,20,15,25.049663,200,57.9,479,
read_20,read,20,15,25.107611,200,22.439,479,
read_20,read,20,12,24.670205,200,467.221,479,
read_20,read,20,16,24.676894,200,471.859,479,
read_20,read,20,15,25.130097,200,38.163,479,
read_20,read,20,14,24.682307,200,511.114,479,
read_20,read,20,5,24.730819,200,464.282,479,
read_20,read,20,12,25.137475,200,61.891,479,
read_20,read,20,16,25.148801,200,65.418,479,
read_20,read,20,15,25.168413,200,71.941,479,
read_20,read,20,8,24.815221,200,425.805,479,
read_20,read,20,18,24.77164,200,477.447,479,
read_20,read,20,5,25.195179,200,71.191,479,
read_20,read,20,1,24.845162,200,441.952,479,
read_20,read,20,15,25.24051,200,55.293,479,
read_20,read,20,10,24.882358,200,415.143,479,
read_20,read,20,8,25.241081,200,71.446,479,
read_20,read,20,13,24.904814,200,435.866,479,
read_20,read,20,11,24.892093,200,453.044,479,
read_20,read,20,18,25.249155,200,108.198,479,
read_20,read,20,15,25.295876,200,62.949,479,
read_20,read,20,0,24.940265,200,454.475,479,
read_20,read,20,2,24.928188,200,467.748,479,
read_20,read,20,18,25.3574,200,46.829,479,
read_20,read,20,13,25.340727,200,63.986,479,
read_20,read,20,6,24.964223,200,477.304,479,
read_20,read,20,17,24.988384,200,454.761,479,
read_20,read,20,0,25.394788,200,54.274,479,
read_20,read,20,18,25.404307,200,52.339,479,
read_20,read,20,17,25.443205,200,32.02,479,
read_20,read,20,3,25.009234,200,477.498,479,
read_20,read,20,9,25.064353,200,431.706,479,
read_20,read,20,17,25.475283,200,30.899,479,
read_20,read,20,4,25.089972,200,446.478,479,
read_20,read,20,7,25.097099,200,445.508,479,
read_20,read,20,3,25.486795,200,61.998,479,
read_20,read,20,9,25.496107,200,57.683,479,
read_20,read,20,19,25.100942,200,485.203,479,
read_20,read,20,4,25.53654,200,53.932,479,
read_20,read,20,14,25.193467,200,399.635,479,
read_20,read,20,17,25.506271,200,100.832,479,
read_20,read,20,12,25.199515,200,433.084,479,
read_20,read,20,9,25.553846,200,86.99,479,
read_20,read,20,16,25.214295,200,433.428,479,
read_20,read,20,19,25.586201,200,75.131,479,
read_20,read,20,5,25.266422,200,415.127,479,
read_20,read,20,14,25.593187,200,102.929,479,
read_20,read,20,1,25.287163,200,409.95,479,
read_20,read,20,17,25.60715,200,113.319,479,
read_20,read,20,10,25.297548,200,441.528,479,
read_20,read,20,12,25.632645,200,107.534,479,
read_20,read,20,8,25.312591,200,443.444,479,
read_20,read,20,19,25.66138,200,111.244,479,
read_20,read,20,5,25.681597,200,107.627,479,
read_20,read,20,14,25.696187,200,121.418,479,
read_20,read,20,11,25.345211,200,494.101,479,
read_20,read,20,17,25.720537,200,119.36,479,
read_20,read,20,15,25.358869,200,494.028,479,
read_20,read,20,8,25.756093,200,117.85,479,
read_20,read,20,19,25.772719,200,124.864,479,
read_20,read,20,2,25.39598,200,508.756,479,
read_20,read,20,13,25.404774,200,504.328,479,
read_20,read,20,5,25.789271,200,141.04,479,
read_20,read,20,17,25.839946,200,107.989,479,
read_20,read,20,0,25.449142,200,506.882,479,
read_20,read,20,6,25.441574,200,515.805,479,
read_20,read,20,15,25.852945,200,130.358,479,
read_20,read,20,19,25.89763,200,105.258,479,
read_20,read,20,18,25.456693,200,550.883,479,
read_20,read,20,7,25.54268,200,465.39,479,
read_20,read,20,2,25.904806,200,124.175,479,
read_20,read,20,13,25.909147,200,146.173,479,
read_20,read,20,4,25.59055,200,465.776,479,
read_20,read,20,3,25.54884,200,507.895,479,
read_20,read,20,17,25.947998,200,135.119,479,
read_20,read,20,16,25.647794,200,456.034,479,
read_20,read,20,9,25.640883,200,463.335,479,
read_20,read,20,0,25.956072,200,156.227,479,
read_20,read,20,18,26.007648,200,125.926,479,
read_20,read,20,7,26.008114,200,146.829,479,
read_20,read,20,10,25.739142,200,416.279,479,
read_20,read,20,1,25.697187,200,461.985,479,
read_20,read,20,2,26.029028,200,165.149,479,
read_20,read,20,4,26.056366,200,146.416,479,
read_20,read,20,12,25.740224,200,463.951,479,
read_20,read,20,14,25.817659,200,387.59,479,
read_20,read,20,3,26.056802,200,185.694,479,
read_20,read,20,11,25.839377,200,411.55,479,
read_20,read,20,16,26.103932,200,147.734,479,
read_20,read,20,8,25.874009,200,380.98,479,
read_20,read,20,5,25.930359,200,361.287,479,
read_20,read,20,9,26.104261,200,192.159,479,
read_20,read,20,18,26.133621,200,168.367,479,
read_20,read,20,6,25.957422,200,351.356,479,
read_20,read,20,15,25.983349,200,358.273,479,
read_20,read,20,7,26.155019,200,188.08,479,
read_20,read,20,10,26.155506,200,192.996,479,
read_20,read,20,19,26.002963,200,359.712,479,
read_20,read,20,1,26.159246,200,232.199,479,
read_20,read,20,12,26.204364,200,194.277,479,
read_20,read,20,17,26.083164,200,325.334,479,
read_20,read,20,13,26.055367,200,353.485,479,
read_20,read,20,3,26.242544,200,200.428,479,
read_20,read,20,16,26.251735,200,203.296,479,
read_20,read,20,0,26.112347,200,347.939,479,
read_20,read,20,2,26.194303,200,269.105,479,
read_20,read,20,8,26.255037,200,239.133,479,
read_20,read,20,4,26.202861,200,303.531,479,
read_20,read,20,9,26.296468,200,210.313,479,
read_20,read,20,14,26.205294,200,317.988,479,
read_20,read,20,6,26.308825,200,242.405,479,
read_20,read,20,15,26.341686,200,211.204,479,
read_20,read,20,11,26.251015,200,305.516,479,
read_20,read,20,5,26.291694,200,282.066,479,
read_20,read,20,1,26.391492,200,210.955,479,
read_20,read,20,13,26.408888,200,194.619,479,
read_20,read,20,18,26.302052,200,315.348,479,
read_20,read,20,7,26.343173,200,280.616,479,
read_20,read,20,17,26.408575,200,244.485,479,
read_20,read,20,3,26.443018,200,212.714,479,
read_20,read,20,10,26.348575,200,311.024,479,
read_20,read,20,19,26.36272,200,314.809,479,
read_20,read,20,2,26.463476,200,240.309,479,
read_20,read,20,4,26.506465,200,205.991,479,
read_20,read,20,12,26.398688,200,316.195,479,
read_20,read,20,16,26.455079,200,274.888,479,
read_20,read,20,15,26.55295,200,205.879,479,
read_20,read,20,0,26.460357,200,303.756,479,
read_20,read,20,6,26.551388,200,213.087,479,
read_20,read,20,8,26.494219,200,282.918,479,
read_20,read,20,11,26.556578,200,252.29,479,
read_20,read,20,5,26.573807,200,240.528,479,
read_20,read,20,9,26.50682,200,315.933,479,
read_20,read,20,14,26.523329,200,302.368,479,
read_20,read,20,13,26.603581,200,257.954,479,
read_20,read,20,18,26.617471,200,254.464,479,
read_20,read,20,1,26.602512,200,284.81,479,
read_20,read,20,7,26.623846,200,265.739,479,
read_20,read,20,3,26.655782,200,266.509,479,
read_20,read,20,10,26.659647,200,272.348,479,
read_20,read,20,17,26.653144,200,284.146,479,
read_20,read,20,4,26.712505,200,230.176,479,
read_20,read,20,19,26.677576,200,288.563,479,
read_20,read,20,0,26.764191,200,223.66,479,
read_20,read,20,2,26.703863,200,285.217,479,
read_20,read,20,11,26.808971,200,188.428,479,
read_20,read,20,12,26.714975,200,310.683,479,
read_20,read,20,5,26.814406,200,218.127,479,
read_20,read,20,16,26.730089,200,321.679,479,
read_20,read,20,9,26.822817,200,238.467,479,
read_20,read,20,15,26.758877,200,319.97,479,
read_20,read,20,1,26.887386,200,205.288,479,
read_20,read,20,6,26.764514,200,347.075,479,
read_20,read,20,17,26.937355,200,178.717,479,
read_20,read,20,8,26.777214,200,355.706,479,
read_20,read,20,4,26.942732,200,198.194,479,
read_20,read,20,14,26.825743,200,337.411,479,
read_20,read,20,2,26.98916,200,183.152,479,
read_20,read,20,9,27.061339,200,131.135,479,
read_20,read,20,13,26.861582,200,339.454,479,
read_20,read,20,18,26.87201,200,350.045,479,
read_20,read,20,15,27.078895,200,153.402,479,
read_20,read,20,7,26.88964,200,358.503,479,
read_20,read,20,6,27.111637,200,145.544,479,
read_20,read,20,3,26.922346,200,357.052,479,
read_20,read,20,17,27.116119,200,179.646,479,
read_20,read,20,10,26.932075,200,370.553,479,
read_20,read,20,4,27.140973,200,173.683,479,
read_20,read,20,19,26.966234,200,370.668,479,
read_20,read,20,0,26.9879,200,368.99,479,
read_20,read,20,14,27.163204,200,196.279,479,
read_20,read,20,13,27.201106,200,169.484,479,
read_20,read,20,11,26.99745,200,391.565,479,
read_20,read,20,12,27.025733,200,388.395,479,
read_20,read,20,15,27.232347,200,192.652,479,
read_20,read,20,7,27.248192,200,177.839,479,
read_20,read,20,5,27.032582,200,418.011,479,
read_20,read,20,6,27.257238,200,223.764,479,
read_20,read,20,16,27.051853,200,429.605,479,
read_20,read,20,3,27.279488,200,208.62,479,
read_20,read,20,1,27.092766,200,417.152,479,
read_20,read,20,8,27.132991,200,407.63,479,
read_20,read,20,10,27.3027,200,244.803,479,
read_20,read,20,17,27.295815,200,258.919,479,
read_20,read,20,2,27.172374,200,402.804,479,
read_20,read,20,19,27.336952,200,260.511,479,
read_20,read,20,9,27.192541,200,406.709,479,
read_20,read,20,13,27.370659,200,241.123,479,
read_20,read,20,18,27.222109,200,414.306,479,
read_20,read,20,4,27.314707,200,341.667,479,
read_20,read,20,12,27.414196,200,249.663,479,
read_20,read,20,7,27.42609,200,248.705,479,
read_20,read,20,0,27.356938,200,337.742,479,
read_20,read,20,14,27.35955,200,351.999,479,
read_20,read,20,5,27.45066,200,268.379,479,
read_20,read,20,16,27.481519,200,249.12,479,
read_20,read,20,11,27.389066,200,358.319,479,
read_20,read,20,15,27.425073,200,338.25,479,
read_20,read,20,1,27.509991,200,259.216,479,
read_20,read,20,17,27.554781,200,234.554,479,
read_20,read,20,6,27.481066,200,325.117,479,
read_20,read,20,3,27.488182,200,329.757,479,
read_20,read,20,2,27.575255,200,254.795,479,
read_20,read,20,18,27.636483,200,205.947,479,
read_20,read,20,8,27.54067,200,322.036,479,
read_20,read,20,10,27.547569,200,322.816,479,
read_20,read,20,4,27.656448,200,223.276,479,
read_20,read,20,12,27.663926,200,233.269,479,
read_20,read,20,19,27.597512,200,312.471,479,
read_20,read,20,9,27.599574,200,326.506,479,
read_20,read,20,14,27.711646,200,220.608,479,
read_20,read,20,16,27.730687,200,220.613,479,
read_20,read,20,13,27.611833,200,352.998,479,
read_20,read,20,11,27.747434,200,240.198,479,
read_20,read,20,7,27.674846,200,316.365,479,
read_20,read,20,15,27.763372,200,247.833,479,
read_20,read,20,0,27.69473,200,336.012,479,
read_20,read,20,1,27.769302,200,277.637,479,
read_20,read,20,5,27.71912,200,334.575,479,
read_20,read,20,17,27.789383,200,283.126,479,
read_20,read,20,3,27.818016,200,284.293,479,
read_20,read,20,2,27.830097,200,273.256,479,
read_20,read,20,6,27.806231,200,312.449,479,
read_20,read,20,18,27.84248,200,287.907,479,
read_20,read,20,8,27.862776,200,292.349,479,
read_20,read,20,4,27.879771,200,277.658,479,
read_20,read,20,10,27.870451,200,308.049,479,
read_20,read,20,15,28.011255,200,173.879,479,
read_20,read,20,19,27.910052,200,297.671,479,
read_20,read,20,12,27.897243,200,315.961,479,
read_20,read,20,1,28.046987,200,188.925,479,
read_20,read,20,5,28.053776,200,189.73,479,
read_20,read,20,9,27.926142,200,325.461,479,
read_20,read,20,14,27.932321,200,342.21,479,
read_20,read,20,17,28.072585,200,211.84,479,
read_20,read,20,2,28.103397,200,192.359,479,
read_20,read,20,16,27.951414,200,357.509,479,
read_20,read,20,13,27.964883,200,362.37,479,
read_20,read,20,18,28.130436,200,209.443,479,
read_20,read,20,8,28.155174,200,195.409,479,
read_20,read,20,11,27.987712,200,375.748,479,
read_20,read,20,7,27.991261,200,395.698,479,
read_20,read,20,4,28.157482,200,232.047,479,
read_20,read,20,19,28.20777,200,197.527,479,
read_20,read,20,0,28.030791,200,386.438,479,
read_20,read,20,3,28.102361,200,338.801,479,
read_20,read,20,12,28.213251,200,230.211,479,
read_20,read,20,1,28.23597,200,219.257,479,
read_20,read,20,6,28.11873,200,360.159,479,
read_20,read,20,10,28.178578,200,307.383,479,
read_20,read,20,9,28.251671,200,243.53,479,
read_20,read,20,14,28.274578,200,229.21,479,
read_20,read,20,15,28.185223,200,337.813,479,
read_20,read,20,13,28.327321,200,215.321,479,
read_20,read,20,5,28.243555,200,303.102,479,
read_20,read,20,8,28.350632,200,209.608,479,
read_20,read,20,17,28.284473,200,286.025,479,
read_20,read,20,2,28.295839,200,295.947,479,
read_20,read,20,0,28.417278,200,176.004,479,
read_20,read,20,13,28.542688,200,68.641,479,
read_20,read,20,16,28.308973,200,313.141,479,
read_20,read,20,5,28.54673,200,94.58,479,
read_20,read,20,18,28.339928,200,308.163,479,
read_20,read,20,17,28.570544,200,90.919,479,
read_20,read,20,11,28.363509,200,308.479,479,
read_20,read,20,16,28.622162,200,57.94,479,
read_20,read,20,7,28.387006,200,306.308,479,
read_20,read,20,16,28.680151,200,29.332,479,
read_20,read,20,4,28.389597,200,342.778,479,
read_20,read,20,19,28.405382,200,331.939,479,
read_20,read,20,7,28.693361,200,47.3,479,
read_20,read,20,16,28.709559,200,58.117,479,
read_20,read,20,3,28.44121,200,337.869,479,
read_20,read,20,4,28.732489,200,51.12,479,
read_20,read,20,12,28.443534,200,347.502,479,
read_20,read,20,19,28.737385,200,87.919,479,
read_20,read,20,16,28.767724,200,65.591,479,
read_20,read,20,1,28.455274,200,379.856,479,
read_20,read,20,6,28.478934,200,364.637,479,
read_20,read,20,3,28.779188,200,90.706,479,
read_20,read,20,4,28.783661,200,101.341,479,
read_20,read,20,10,28.486018,200,403.843,479,
read_20,read,20,9,28.495248,200,396.07,479,
read_20,read,20,12,28.79109,200,140.012,479,
read_20,read,20,1,28.835193,200,107.962,479,
read_20,read,20,14,28.503861,200,440.767,479,
read_20,read,20,15,28.523084,200,428.486,479,
read_20,read,20,6,28.843642,200,142.648,479,
read_20,read,20,8,28.560345,200,432.394,479,
read_20,read,20,3,28.869979,200,124.393,479,
read_20,read,20,2,28.591833,200,409.743,479,
read_20,read,20,0,28.593322,200,437.945,479,
read_20,read,20,10,28.889907,200,147.784,479,
read_20,read,20,9,28.891385,200,161.99,479,
read_20,read,20,13,28.611377,200,447.221,479,
read_20,read,20,14,28.944685,200,138.406,479,
read_20,read,20,5,28.641372,200,443.615,479,
read_20,read,20,15,28.951618,200,156.595,479,
read_20,read,20,18,28.648156,200,464.25,479,
read_20,read,20,6,28.986337,200,153.982,479,
read_20,read,20,17,28.661555,200,483.643,479,
read_20,read,20,11,28.672036,200,491.121,479,
read_20,read,20,8,28.992801,200,178.585,479,
read_20,read,20,7,28.740734,200,478.74,479,
read_20,read,20,3,28.994438,200,225.501,479,
read_20,read,20,19,28.825382,200,425.169,479,
read_20,read,20,2,29.001648,200,254.294,479,
read_20,read,20,0,29.031335,200,273.826,479,
read_20,read,20,16,28.83339,200,477.87,479,
read_20,read,20,4,28.885059,200,445.657,479,
read_20,read,20,13,29.058649,200,285.651,479,
read_20,read,20,14,29.083144,200,318.958,479,
read_20,read,20,12,28.93115,200,471.489,479,
read_20,read,20,1,28.943202,200,490.001,479,
read_20,read,20,5,29.08507,200,356.74,479,
read_20,read,20,10,29.037764,200,437.947,479,
read_20,read,20,15,29.108282,200,369.32,479,
read_20,read,20,9,29.053438,200,446.0,479,
read_20,read,20,11,29.163228,200,343.982,479,
read_20,read,20,7,29.219558,200,317.057,479,
read_20,read,20,18,29.112491,200,434.547,479,
read_20,read,20,6,29.140377,200,408.403,479,
read_20,read,20,19,29.250623,200,315.923,479,
read_20,read,20,2,29.256026,200,334.706,479,
read_20,read,20,17,29.145266,200,448.858,479,
read_20,read,20,8,29.171483,200,435.371,479,
read_20,read,20,4,29.330798,200,288.893,479,
read_20,read,20,3,29.219997,200,420.78,479,
read_20,read,20,13,29.344373,200,299.271,479,
read_20,read,20,0,29.305233,200,361.511,479,
read_20,read,20,12,29.402711,200,270.189,479,
read_20,read,20,16,29.311326,200,380.133,479,
read_20,read,20,1,29.433255,200,274.568,479,
read_20,read,20,5,29.441893,200,282.592,479,
read_20,read,20,14,29.402175,200,330.588,479,
read_20,read,20,15,29.477693,200,271.119,479,
read_20,read,20,10,29.475792,200,283.751,479,
read_20,read,20,11,29.50726,200,276.637,479,
read_20,read,20,9,29.499507,200,295.419,479,
read_20,read,20,7,29.536671,200,268.959,479,
read_20,read,20,6,29.548928,200,270.417,479,
read_20,read,20,18,29.547098,200,295.066,479,
read_20,read,20,19,29.566643,200,303.031,479,
read_20,read,20,13,29.643699,200,234.178,479,
read_20,read,20,2,29.590781,200,299.192,479,
read_20,read,20,0,29.666794,200,241.627,479,
read_20,read,20,17,29.594173,200,340.129,479,
read_20,read,20,16,29.691508,200,247.896,479,
read_20,read,20,8,29.606903,200,336.943,479,
read_20,read,20,5,29.724534,200,231.942,479,
read_20,read,20,10,29.75959,200,230.214,479,
read_20,read,20,4,29.61976,200,373.793,479,
read_20,read,20,3,29.640826,200,353.785,479,
read_20,read,20,9,29.794973,200,214.859,479,
read_20,read,20,7,29.805702,200,235.128,479,
read_20,read,20,12,29.672949,200,369.788,479,
read_20,read,20,1,29.707881,200,344.048,479,
read_20,read,20,19,29.869723,200,191.226,479,
read_20,read,20,5,29.956525,200,133.033,479,
read_20,read,20,14,29.732832,200,360.863,479,
read_20,read,20,15,29.748874,200,352.444,479,
read_20,read,20,10,29.989853,200,118.087,479,
read_20,read,20,11,29.783969,200,349.118,479,
read_20,read,20,6,29.819424,200,326.125,479,
read_20,read,20,18,29.842211,200,331.256,479,
read_20,read,20,13,29.877926,200,312.522,479,
read_20,read,20,2,29.890043,200,331.975,479,
read_20,read,20,0,29.90847,200,321.761,479,
read_20,read,20,17,29.93435,200,334.926,479,
read_20,read,20,16,29.939474,200,335.293,479,
read_20,read,20,8,29.943935,200,364.671,479,
read_20,read,20,4,29.993605,200,319.639,479,
read_20,read,20,3,29.994667,200,341.377,479,
login_warmup,login,1,0,5.6e-05,200,233.553,655,
login_warmup,login,1,0,0.233656,200,214.678,655,
login_warmup,login,1,0,0.448368,200,203.756,655,
login_warmup,login,1,0,0.652158,200,192.985,655,
login_warmup,login,1,0,0.845194,200,206.959,655,
login_warmup,login,1,0,1.052188,200,305.973,655,
login_warmup,login,1,0,1.358205,200,291.782,655,
login_warmup,login,1,0,1.650051,200,268.056,655,
login_warmup,login,1,0,1.918184,200,234.943,655,
login_warmup,login,1,0,2.153162,200,243.563,655,
login_warmup,login,1,0,2.396779,200,277.681,655,
login_warmup,login,1,0,2.674501,200,255.04,655,
login_warmup,login,1,0,2.929577,200,220.752,655,
login_warmup,login,1,0,3.150365,200,230.527,655,
login_warmup,login,1,0,3.380927,200,216.581,655,
login_warmup,login,1,0,3.597589,200,213.979,655,
login_warmup,login,1,0,3.81162,200,229.859,655,
login_warmup,login,1,0,4.041564,200,230.065,655,
login_warmup,login,1,0,4.27168,200,247.132,655,
login_warmup,login,1,0,4.518873,200,245.026,655,
login_warmup,login,1,0,4.763952,200,208.047,655,
login_warmup,login,1,0,4.972035,200,197.19,655,
login_1,login,1,0,4.1e-05,200,197.984,655,
login_1,login,1,0,0.198059,200,198.342,655,
login_1,login,1,0,0.396457,200,199.592,655,
login_1,login,1,0,0.596083,200,195.238,655,
login_1,login,1,0,0.791353,200,192.292,655,
login_1,login,1,0,0.983679,200,259.615,655,
login_1,login,1,0,1.243353,200,245.877,655,
login_1,login,1,0,1.489267,200,265.904,655,
login_1,login,1,0,1.755226,200,242.406,655,
login_1,login,1,0,1.997668,200,221.59,655,
login_1,login,1,0,2.219337,200,209.143,655,
login_1,login,1,0,2.428515,200,210.303,655,
login_1,login,1,0,2.63886,200,238.866,655,
login_1,login,1,0,2.877805,200,240.04,655,
login_1,login,1,0,3.117897,200,213.31,655,
login_1,login,1,0,3.331243,200,201.681,655,
login_1,login,1,0,3.53297,200,334.989,655,
login_1,login,1,0,3.868015,200,249.956,655,
login_1,login,1,0,4.118008,200,232.99,655,
login_1,login,1,0,4.351035,200,213.708,655,
login_1,login,1,0,4.564778,200,201.669,655,
login_1,login,1,0,4.766497,200,199.229,655,
login_1,login,1,0,4.965818,200,195.16,655,
login_1,login,1,0,5.161011,200,208.411,655,
login_1,login,1,0,5.369508,200,196.541,655,
login_1,login,1,0,5.566084,200,188.323,655,
login_1,login,1,0,5.754441,200,241.241,655,
login_1,login,1,0,5.995718,200,255.922,655,
login_1,login,1,0,6.251676,200,215.313,655,
login_1,login,1,0,6.467046,200,209.658,655,
login_1,login,1,0,6.676751,200,207.893,655,
login_1,login,1,0,6.884679,200,199.5,655,
login_1,login,1,0,7.084212,200,198.671,655,
login_1,login,1,0,7.282931,200,215.415,655,
login_1,login,1,0,7.498412,200,208.538,655,
login_1,login,1,0,7.706984,200,195.301,655,
login_1,login,1,0,7.902319,200,194.614,655,
login_1,login,1,0,8.097013,200,190.811,655,
login_1,login,1,0,8.28786,200,190.635,655,
login_1,login,1,0,8.478537,200,197.478,655,
login_1,login,1,0,8.676049,200,192.641,655,
login_1,login,1,0,8.868723,200,190.189,655,
login_1,login,1,0,9.058946,200,197.304,655,
login_1,login,1,0,9.256283,200,207.835,655,
login_1,login,1,0,9.464181,200,195.225,655,
login_1,login,1,0,9.659439,200,192.822,655,
login_1,login,1,0,9.852295,200,194.79,655,
login_1,login,1,0,10.047165,200,199.646,655,
login_1,login,1,0,10.246848,200,223.362,655,
login_1,login,1,0,10.470246,200,211.429,655,
login_1,login,1,0,10.681709,200,198.223,655,
login_1,login,1,0,10.879968,200,197.621,655,
login_1,login,1,0,11.077638,200,200.504,655,
login_1,login,1,0,11.278178,200,200.731,655,
login_1,login,1,0,11.478942,200,202.138,655,
login_1,login,1,0,11.681114,200,197.142,655,
login_1,login,1,0,11.87834,200,197.535,655,
login_1,login,1,0,12.075929,200,205.859,655,
login_1,login,1,0,12.281826,200,219.654,655,
login_1,login,1,0,12.501541,200,239.613,655,
login_1,login,1,0,12.741192,200,252.121,655,
login_1,login,1,0,12.993364,200,231.987,655,
login_1,login,1,0,13.22545,200,268.051,655,
login_1,login,1,0,13.493555,200,347.294,655,
login_1,login,1,0,13.840913,200,303.655,655,
login_1,login,1,0,14.144607,200,219.734,655,
login_1,login,1,0,14.364399,200,222.14,655,
login_1,login,1,0,14.586576,200,205.615,655,
login_1,login,1,0,14.792226,200,204.693,655,
login_1,login,1,0,14.996955,200,196.917,655,
login_1,login,1,0,15.193905,200,195.098,655,
login_1,login,1,0,15.389035,200,190.031,655,
login_1,login,1,0,15.579119,200,196.1,655,
login_1,login,1,0,15.775253,200,225.031,655,
login_1,login,1,0,16.000322,200,227.462,655,
login_1,login,1,0,16.227821,200,211.434,655,
login_1,login,1,0,16.439313,200,219.848,655,
login_1,login,1,0,16.6592,200,203.138,655,
login_1,login,1,0,16.862373,200,198.495,655,
login_1,login,1,0,17.060903,200,194.928,655,
login_1,login,1,0,17.255866,200,195.754,655,
login_1,login,1,0,17.451674,200,200.629,655,
login_1,login,1,0,17.652337,200,198.537,655,
login_1,login,1,0,17.850908,200,259.551,655,
login_1,login,1,0,18.110518,200,216.528,655,
login_1,login,1,0,18.327081,200,213.007,655,
login_1,login,1,0,18.540126,200,200.908,655,
login_1,login,1,0,18.741069,200,197.848,655,
login_1,login,1,0,18.938952,200,197.309,655,
login_1,login,1,0,19.136318,200,198.766,655,
login_1,login,1,0,19.335136,200,214.566,655,
login_1,login,1,0,19.549776,200,211.768,655,
login_1,login,1,0,19.761578,200,205.336,655,
login_1,login,1,0,19.96695,200,198.655,655,
login_1,login,1,0,20.165641,200,197.457,655,
login_1,login,1,0,20.363132,200,199.42,655,
login_1,login,1,0,20.562587,200,193.571,655,
login_1,login,1,0,20.756194,200,189.726,655,
login_1,login,1,0,20.945951,200,198.177,655,
login_1,login,1,0,21.144161,200,194.894,655,
login_1,login,1,0,21.339089,200,202.83,655,
login_1,login,1,0,21.541953,200,199.332,655,
login_1,login,1,0,21.741319,200,199.921,655,
login_1,login,1,0,21.941274,200,197.936,655,
login_1,login,1,0,22.139243,200,201.389,655,
login_1,login,1,0,22.340709,200,211.027,655,
login_1,login,1,0,22.551784,200,222.058,655,
login_1,login,1,0,22.773925,200,210.779,655,
login_1,login,1,0,22.98474,200,197.842,655,
login_1,login,1,0,23.182621,200,196.678,655,
login_1,login,1,0,23.379333,200,213.07,655,
login_1,login,1,0,23.59247,200,394.519,655,
login_1,login,1,0,23.987034,200,285.294,655,
login_1,login,1,0,24.27238,200,266.524,655,
login_1,login,1,0,24.538971,200,274.506,655,
login_1,login,1,0,24.813522,200,255.218,655,
login_1,login,1,0,25.068799,200,432.487,655,
login_1,login,1,0,25.50135,200,253.457,655,
login_1,login,1,0,25.754867,200,350.106,655,
login_1,login,1,0,26.105017,200,297.268,655,
login_1,login,1,0,26.402338,200,280.254,655,
login_1,login,1,0,26.682638,200,266.149,655,
login_1,login,1,0,26.948841,200,234.884,655,
login_1,login,1,0,27.183761,200,214.242,655,
login_1,login,1,0,27.398096,200,209.104,655,
login_1,login,1,0,27.607285,200,195.657,655,
login_1,login,1,0,27.80298,200,195.043,655,
login_1,login,1,0,27.998063,200,195.034,655,
login_1,login,1,0,28.193145,200,199.448,655,
login_1,login,1,0,28.392628,200,215.819,655,
login_1,login,1,0,28.608491,200,207.659,655,
login_1,login,1,0,28.816184,200,222.16,655,
login_1,login,1,0,29.038379,200,218.619,655,
login_1,login,1,0,29.257033,200,210.271,655,
login_1,login,1,0,29.46734,200,201.439,655,
login_1,login,1,0,29.668838,200,197.09,655,
login_1,login,1,0,29.865965,200,192.655,655,
login_5,login,5,1,0.000152,200,282.196,655,
login_5,login,5,0,5.5e-05,200,326.763,655,
login_5,login,5,3,0.000539,200,326.611,655,
login_5,login,5,2,0.000235,200,337.986,655,
login_5,login,5,0,0.326863,200,314.234,655,
login_5,login,5,4,0.000411,200,644.369,655,
login_5,login,5,1,0.282406,200,366.648,655,
login_5,login,5,2,0.338302,200,338.298,655,
login_5,login,5,4,0.644843,200,325.248,655,
login_5,login,5,0,0.641154,200,336.714,655,
login_5,login,5,3,0.327198,200,695.676,655,
login_5,login,5,1,0.649099,200,402.46,655,
login_5,login,5,0,0.97791,200,396.299,655,
login_5,login,5,2,0.676678,200,713.589,655,
login_5,login,5,4,0.97014,200,452.697,655,
login_5,login,5,3,1.022933,200,452.259,655,
login_5,login,5,1,1.051634,200,778.985,655,
login_5,login,5,4,1.422882,200,457.338,655,
login_5,login,5,0,1.37435,200,515.09,655,
login_5,login,5,3,1.475238,200,463.095,655,
login_5,login,5,2,1.390316,200,843.368,655,
login_5,login,5,1,1.830675,200,434.31,655,
login_5,login,5,4,1.880283,200,420.654,655,
login_5,login,5,2,2.233734,200,384.804,655,
login_5,login,5,3,1.93839,200,691.173,655,
login_5,login,5,1,2.26505,200,372.259,655,
login_5,login,5,0,1.8895,200,749.292,655,
login_5,login,5,3,2.629609,200,305.523,655,
login_5,login,5,4,2.301011,200,657.353,655,
login_5,login,5,0,2.63885,200,333.917,655,
login_5,login,5,2,2.618596,200,371.551,655,
login_5,login,5,1,2.637368,200,657.549,655,
login_5,login,5,3,2.935213,200,424.331,655,
login_5,login,5,2,2.99021,200,393.662,655,
login_5,login,5,4,2.958406,200,694.134,655,
login_5,login,5,1,3.294985,200,373.86,655,
login_5,login,5,0,2.972843,200,825.146,655,
login_5,login,5,4,3.652612,200,459.919,655,
login_5,login,5,3,3.359589,200,778.568,655,
login_5,login,5,1,3.668929,200,476.74,655,
login_5,login,5,2,3.383942,200,810.966,655,
login_5,login,5,0,3.79806,200,672.315,655,
login_5,login,5,4,4.112598,200,410.402,655,
login_5,login,5,3,4.138201,200,391.708,655,
login_5,login,5,2,4.194964,200,383.639,655,
login_5,login,5,1,4.145729,200,675.413,655,
login_5,login,5,0,4.470442,200,411.538,655,
login_5,login,5,2,4.578661,200,315.622,655,
login_5,login,5,4,4.523043,200,390.081,655,
login_5,login,5,3,4.530067,200,661.973,655,
login_5,login,5,4,4.913168,200,318.837,655,
login_5,login,5,0,4.882023,200,407.123,655,
login_5,login,5,1,4.821208,200,473.147,655,
login_5,login,5,2,4.894353,200,616.278,655,
login_5,login,5,3,5.192107,200,392.395,655,
login_5,login,5,4,5.232048,200,424.44,655,
login_5,login,5,1,5.294429,200,386.422,655,
login_5,login,5,0,5.289201,200,540.198,655,
login_5,login,5,2,5.510687,200,477.181,655,
login_5,login,5,3,5.584586,200,451.588,655,
login_5,login,5,4,5.656573,200,398.883,655,
login_5,login,5,1,5.680909,200,572.959,655,
login_5,login,5,0,5.829454,200,532.252,655,
login_5,login,5,3,6.036234,200,422.814,655,
login_5,login,5,2,5.987917,200,494.024,655,
login_5,login,5,4,6.055526,200,600.742,655,
login_5,login,5,1,6.253925,200,493.187,655,
login_5,login,5,2,6.481987,200,349.047,655,
login_5,login,5,0,6.361822,200,491.605,655,
login_5,login,5,3,6.459108,200,550.622,655,
login_5,login,5,4,6.656327,200,431.002,655,
login_5,login,5,2,6.831083,200,345.257,655,
login_5,login,5,1,6.747157,200,453.991,655,
login_5,login,5,3,7.009799,200,377.329,655,
login_5,login,5,0,6.853497,200,557.384,655,
login_5,login,5,2,7.1764,200,321.119,655,
login_5,login,5,4,7.087393,200,452.689,655,
login_5,login,5,3,7.3872,200,368.02,655,
login_5,login,5,1,7.201206,200,588.859,655,
login_5,login,5,2,7.497589,200,320.841,655,
login_5,login,5,0,7.410948,200,448.542,655,
login_5,login,5,4,7.540147,200,536.853,655,
login_5,login,5,3,7.755276,200,343.271,655,
login_5,login,5,1,7.790132,200,630.215,655,
login_5,login,5,4,8.077244,200,354.558,655,
login_5,login,5,3,8.098587,200,362.076,655,
login_5,login,5,2,7.818473,200,652.225,655,
login_5,login,5,3,8.46072,200,296.663,655,
login_5,login,5,0,7.859534,200,916.408,655,
login_5,login,5,4,8.431865,200,373.601,655,
login_5,login,5,1,8.420409,200,389.014,655,
login_5,login,5,2,8.470754,200,631.401,655,
login_5,login,5,0,8.776023,200,360.465,655,
login_5,login,5,3,8.757445,200,404.401,655,
login_5,login,5,4,8.805524,200,374.034,655,
login_5,login,5,2,9.1022,200,359.071,655,
login_5,login,5,1,8.809503,200,691.905,655,
login_5,login,5,0,9.136531,200,371.567,655,
login_5,login,5,4,9.179651,200,397.761,655,
login_5,login,5,3,9.161919,200,629.098,655,
login_5,login,5,2,9.461321,200,373.155,655,
login_5,login,5,1,9.501452,200,334.7,655,
login_5,login,5,4,9.577467,200,306.805,655,
login_5,login,5,0,9.508156,200,620.988,655,
login_5,login,5,3,9.791095,200,341.593,655,
login_5,login,5,2,9.834519,200,332.403,655,
login_5,login,5,1,9.836203,200,368.968,655,
login_5,login,5,2,10.166966,200,298.062,655,
login_5,login,5,4,9.884334,200,622.264,655,
login_5,login,5,0,10.129188,200,405.435,655,
login_5,login,5,4,10.506641,200,319.679,655,
login_5,login,5,1,10.205234,200,628.172,655,
login_5,login,5,3,10.132741,200,729.295,655,
login_5,login,5,0,10.534663,200,338.618,655,
login_5,login,5,2,10.465093,200,670.064,655,
login_5,login,5,1,10.833482,200,308.402,655,
login_5,login,5,4,10.826366,200,375.383,655,
login_5,login,5,3,10.862131,200,645.032,655,
login_5,login,5,2,11.1352,200,380.682,655,
login_5,login,5,1,11.141927,200,399.883,655,
login_5,login,5,0,10.873379,200,685.437,655,
login_5,login,5,0,11.558859,200,283.781,655,
login_5,login,5,4,11.201808,200,647.558,655,
login_5,login,5,3,11.507301,200,351.636,655,
login_5,login,5,1,11.541855,200,606.86,655,
login_5,login,5,2,11.515935,200,672.783,655,
login_5,login,5,3,11.858988,200,342.466,655,
login_5,login,5,0,11.842703,200,369.154,655,
login_5,login,5,4,11.849407,200,583.775,655,
login_5,login,5,2,12.188777,200,301.427,655,
login_5,login,5,1,12.148768,200,348.568,655,
login_5,login,5,3,12.201512,200,538.228,655,
login_5,login,5,0,12.2119,200,577.428,655,
login_5,login,5,4,12.433227,200,408.247,655,
login_5,login,5,1,12.497384,200,385.015,655,
login_5,login,5,2,12.490289,200,629.961,655,
login_5,login,5,0,12.789373,200,356.397,655,
login_5,login,5,3,12.739806,200,429.123,655,
login_5,login,5,4,12.841539,200,356.816,655,
login_5,login,5,1,12.882444,200,577.222,655,
login_5,login,5,3,13.168994,200,351.71,655,
login_5,login,5,2,13.120308,200,414.993,655,
login_5,login,5,0,13.145853,200,404.652,655,
login_5,login,5,4,13.198432,200,675.942,655,
login_5,login,5,1,13.45971,200,470.299,655,
login_5,login,5,0,13.550552,200,436.014,655,
login_5,login,5,3,13.520761,200,676.337,655,
login_5,login,5,2,13.535366,200,717.056,655,
login_5,login,5,1,13.930085,200,366.871,655,
login_5,login,5,0,13.986616,200,347.011,655,
login_5,login,5,4,13.874444,200,704.049,655,
login_5,login,5,1,14.297022,200,377.555,655,
login_5,login,5,3,14.197181,200,498.415,655,
login_5,login,5,2,14.252506,200,472.555,655,
login_5,login,5,0,14.333708,200,618.229,655,
login_5,login,5,4,14.578552,200,453.335,655,
login_5,login,5,1,14.674647,200,390.024,655,
login_5,login,5,2,14.725122,200,373.737,655,
login_5,login,5,3,14.695653,200,622.618,655,
login_5,login,5,4,15.031958,200,372.035,655,
login_5,login,5,0,14.952163,200,463.32,655,
login_5,login,5,1,15.064738,200,378.378,655,
login_5,login,5,2,15.098905,200,499.126,655,
login_5,login,5,4,15.404048,200,325.356,655,
login_5,login,5,3,15.318331,200,416.557,655,
login_5,login,5,2,15.598076,200,358.086,655,
login_5,login,5,0,15.415584,200,714.209,655,
login_5,login,5,1,15.443217,200,692.579,655,
login_5,login,5,4,15.729443,200,430.259,655,
login_5,login,5,3,15.734948,200,659.639,655,
login_5,login,5,1,16.135856,200,371.05,655,
login_5,login,5,2,15.956221,200,577.872,655,
login_5,login,5,0,16.129867,200,415.044,655,
login_5,login,5,3,16.394646,200,364.362,655,
login_5,login,5,2,16.53415,200,344.162,655,
login_5,login,5,4,16.15978,200,729.272,655,
login_5,login,5,1,16.506961,200,408.019,655,
login_5,login,5,0,16.544985,200,531.267,655,
login_5,login,5,3,16.75907,200,433.388,655,
login_5,login,5,2,16.878381,200,343.214,655,
login_5,login,5,1,16.915066,200,368.869,655,
login_5,login,5,4,16.889111,200,580.747,655,
login_5,login,5,0,17.076313,200,508.391,655,
login_5,login,5,3,17.192506,200,393.65,655,
login_5,login,5,2,17.221672,200,432.114,655,
login_5,login,5,1,17.283995,200,627.736,655,
login_5,login,5,0,17.584763,200,366.326,655,
login_5,login,5,2,17.653841,200,313.325,655,
login_5,login,5,4,17.469902,200,520.049,655,
login_5,login,5,3,17.586224,200,658.949,655,
login_5,login,5,1,17.911789,200,405.882,655,
login_5,login,5,4,17.990027,200,333.477,655,
login_5,login,5,0,17.951132,200,377.138,655,
login_5,login,5,2,17.967208,200,645.552,655,
login_5,login,5,1,18.317717,200,358.089,655,
login_5,login,5,3,18.245295,200,443.969,655,
login_5,login,5,0,18.328313,200,395.995,655,
login_5,login,5,4,18.32355,200,624.889,655,
login_5,login,5,1,18.675882,200,298.083,655,
login_5,login,5,2,18.612822,200,382.612,655,
login_5,login,5,3,18.689321,200,514.109,655,
login_5,login,5,0,18.724364,200,508.75,655,
login_5,login,5,4,18.948497,200,603.054,655,
login_5,login,5,1,18.974031,200,582.801,655,
login_5,login,5,3,19.203481,200,366.06,655,
login_5,login,5,0,19.233153,200,354.628,655,
login_5,login,5,2,18.995489,200,873.283,655,
login_5,login,5,1,19.556915,200,366.025,655,
login_5,login,5,4,19.551604,200,379.339,655,
login_5,login,5,0,19.587822,200,363.221,655,
login_5,login,5,3,19.569615,200,593.847,655,
login_5,login,5,2,19.868825,200,345.583,655,
login_5,login,5,1,19.922997,200,295.41,655,
login_5,login,5,4,19.931008,200,563.048,655,
login_5,login,5,0,19.951099,200,621.715,655,
login_5,login,5,2,20.214486,200,365.233,655,
login_5,login,5,1,20.218488,200,368.378,655,
login_5,login,5,3,20.163566,200,660.353,655,
login_5,login,5,4,20.494103,200,360.286,655,
login_5,login,5,2,20.579785,200,302.274,655,
login_5,login,5,3,20.823959,200,312.437,655,
login_5,login,5,1,20.586919,200,572.05,655,
login_5,login,5,0,20.572883,200,609.378,655,
login_5,login,5,4,20.854429,200,379.909,655,
login_5,login,5,0,21.182322,200,321.235,655,
login_5,login,5,2,20.882101,200,622.037,655,
login_5,login,5,3,21.136461,200,391.02,655,
login_5,login,5,1,21.159018,200,403.09,655,
login_5,login,5,2,21.504189,200,309.287,655,
login_5,login,5,0,21.503601,200,364.258,655,
login_5,login,5,4,21.234408,200,639.155,655,
login_5,login,5,3,21.527576,200,357.192,655,
login_5,login,5,2,21.81354,200,473.257,655,
login_5,login,5,3,21.884841,200,402.521,655,
login_5,login,5,4,21.873655,200,441.959,655,
login_5,login,5,1,21.562175,200,754.667,655,
login_5,login,5,2,22.286866,200,410.308,655,
login_5,login,5,0,21.867902,200,831.101,655,
login_5,login,5,3,22.287417,200,416.919,655,
login_5,login,5,4,22.315691,200,775.168,655,
login_5,login,5,3,22.704388,200,407.525,655,
login_5,login,5,1,22.316898,200,812.484,655,
login_5,login,5,2,22.697225,200,451.648,655,
login_5,login,5,0,22.699073,200,802.953,655,
login_5,login,5,4,23.090934,200,422.76,655,
login_5,login,5,3,23.111974,200,426.07,655,
login_5,login,5,2,23.14893,200,436.569,655,
login_5,login,5,1,23.129451,200,965.211,655,
login_5,login,5,0,23.50208,200,626.532,655,
login_5,login,5,4,23.513753,200,632.742,655,
login_5,login,5,3,23.538103,200,611.263,655,
login_5,login,5,2,23.585561,200,914.337,655,
login_5,login,5,1,24.094725,200,488.535,655,
login_5,login,5,0,24.128679,200,465.146,655,
login_5,login,5,3,24.149425,200,467.707,655,
login_5,login,5,4,24.146543,200,767.879,655,
login_5,login,5,2,24.499957,200,535.791,655,
login_5,login,5,1,24.58332,200,457.142,655,
login_5,login,5,0,24.593896,200,466.609,655,
login_5,login,5,3,24.617321,200,681.282,655,
login_5,login,5,2,25.03581,200,391.936,655,
login_5,login,5,1,25.040515,200,389.904,655,
login_5,login,5,4,24.914479,200,536.402,655,
login_5,login,5,3,25.298684,200,390.893,655,
login_5,login,5,0,25.060614,200,708.024,655,
login_5,login,5,2,25.427813,200,358.872,655,
login_5,login,5,1,25.430485,200,697.798,655,
login_5,login,5,3,25.689633,200,448.931,655,
login_5,login,5,0,25.768701,200,503.646,655,
login_5,login,5,4,25.450951,200,827.424,655,
login_5,login,5,1,26.128389,200,414.534,655,
login_5,login,5,2,25.78673,200,791.768,655,
login_5,login,5,3,26.13861,200,521.107,655,
login_5,login,5,0,26.27241,200,402.712,655,
login_5,login,5,4,26.278437,200,634.357,655,
login_5,login,5,1,26.54299,200,376.908,655,
login_5,login,5,2,26.578549,200,397.532,655,
login_5,login,5,4,26.912837,200,374.314,655,
login_5,login,5,3,26.659919,200,655.86,655,
login_5,login,5,0,26.675166,200,702.332,655,
login_5,login,5,2,26.976139,200,450.464,655,
login_5,login,5,4,27.287218,200,444.992,655,
login_5,login,5,1,26.919943,200,856.583,655,
login_5,login,5,0,27.377647,200,437.807,655,
login_5,login,5,3,27.315836,200,559.372,655,
login_5,login,5,4,27.732281,200,521.542,655,
login_5,login,5,2,27.426685,200,859.095,655,
login_5,login,5,0,27.815522,200,498.128,655,
login_5,login,5,1,27.776585,200,586.629,655,
login_5,login,5,2,28.285857,200,415.202,655,
login_5,login,5,3,27.875284,200,843.167,655,
login_5,login,5,4,28.253883,200,495.694,655,
login_5,login,5,0,28.313715,200,470.843,655,
login_5,login,5,1,28.363272,200,692.963,655,
login_5,login,5,2,28.701103,200,379.234,655,
login_5,login,5,4,28.749654,200,335.038,655,
login_5,login,5,3,28.718513,200,401.739,655,
login_5,login,5,1,29.0563,200,333.899,655,
login_5,login,5,2,29.080415,200,320.301,655,
login_5,login,5,0,28.784617,200,627.976,655,
login_5,login,5,1,29.390264,200,342.212,655,
login_5,login,5,4,29.084752,200,663.727,655,
login_5,login,5,2,29.400758,200,359.526,655,
login_5,login,5,3,29.120319,200,667.332,655,
login_5,login,5,0,29.412659,200,645.236,655,
login_5,login,5,2,29.760364,200,396.027,655,
login_5,login,5,1,29.732626,200,427.65,655,
login_5,login,5,4,29.748556,200,416.666,655,
login_5,login,5,3,29.787716,200,554.049,655,
login_10,login,10,5,0.000758,200,336.868,655,
login_10,login,10,3,0.000548,200,341.447,655,
login_10,login,10,7,0.000191,200,389.869,655,
login_10,login,10,9,0.000403,200,399.415,655,
login_10,login,10,4,0.000996,200,672.969,655,
login_10,login,10,1,0.000649,200,708.276,655,
login_10,login,10,8,0.000296,200,712.417,655,
login_10,login,10,0,7.3e-05,200,736.464,655,
login_10,login,10,3,0.342048,200,684.188,655,
login_10,login,10,2,0.001131,200,1031.013,655,
login_10,login,10,7,0.390122,200,654.749,655,
login_10,login,10,6,0.001302,200,1126.847,655,
login_10,login,10,9,0.39986,200,1042.333,655,
login_10,login,10,5,0.337688,200,1130.787,655,
login_10,login,10,4,0.674027,200,802.076,655,
login_10,login,10,3,1.026328,200,535.135,655,
login_10,login,10,1,0.708978,200,1174.697,655,
login_10,login,10,2,1.032211,200,874.174,655,
login_10,login,10,8,0.712778,200,1196.789,655,
login_10,login,10,7,1.044925,200,934.282,655,
login_10,login,10,0,0.736654,200,1597.073,655,
login_10,login,10,9,1.44229,200,898.017,655,
login_10,login,10,6,1.128214,200,1223.502,655,
login_10,login,10,1,1.88375,200,490.591,655,
login_10,login,10,2,1.906455,200,781.284,655,
login_10,login,10,5,1.468558,200,1223.795,655,
login_10,login,10,4,1.47616,200,1252.703,655,
login_10,login,10,8,1.909628,200,840.232,655,
login_10,login,10,0,2.333771,200,697.224,655,
login_10,login,10,3,1.561526,200,1480.624,655,
login_10,login,10,7,1.979269,200,1070.301,655,
login_10,login,10,9,2.340411,200,776.796,655,
login_10,login,10,6,2.351779,200,1096.058,655,
login_10,login,10,2,2.687805,200,768.827,655,
login_10,login,10,1,2.374421,200,1131.853,655,
login_10,login,10,4,2.728907,200,875.59,655,
login_10,login,10,5,2.692427,200,1134.121,655,
login_10,login,10,0,3.031057,200,838.336,655,
login_10,login,10,8,2.749904,200,1153.515,655,
login_10,login,10,3,3.042203,200,951.732,655,
login_10,login,10,9,3.117261,200,1080.957,655,
login_10,login,10,6,3.447909,200,778.367,655,
login_10,login,10,7,3.049625,200,1185.834,655,
login_10,login,10,5,3.826627,200,511.904,655,
login_10,login,10,1,3.506337,200,1091.448,655,
login_10,login,10,8,3.903477,200,705.22,655,
login_10,login,10,2,3.456692,200,1152.549,655,
login_10,login,10,9,4.198297,200,508.222,655,
login_10,login,10,6,4.226356,200,684.346,655,
login_10,login,10,4,3.604556,200,1350.451,655,
login_10,login,10,0,3.869456,200,1104.83,655,
login_10,login,10,7,4.235524,200,846.666,655,
login_10,login,10,1,4.597844,200,676.589,655,
login_10,login,10,3,3.993992,200,1286.164,655,
login_10,login,10,5,4.338597,200,990.699,655,
login_10,login,10,8,4.608768,200,892.511,655,
login_10,login,10,9,4.706585,200,991.398,655,
login_10,login,10,2,4.60929,200,1098.179,655,
login_10,login,10,6,4.910774,200,861.581,655,
login_10,login,10,4,4.955072,200,984.607,655,
login_10,login,10,7,5.082242,200,1039.252,655,
login_10,login,10,0,4.974351,200,1189.816,655,
login_10,login,10,1,5.274513,200,926.691,655,
login_10,login,10,5,5.329353,200,1093.198,655,
login_10,login,10,3,5.280226,200,1366.553,655,
login_10,login,10,9,5.698042,200,1022.057,655,
login_10,login,10,8,5.501342,200,1251.853,655,
login_10,login,10,2,5.707525,200,1234.271,655,
login_10,login,10,4,5.939742,200,1228.544,655,
login_10,login,10,6,5.772426,200,1431.246,655,
login_10,login,10,0,6.164231,200,1081.148,655,
login_10,login,10,7,6.12158,200,1243.677,655,
login_10,login,10,5,6.422611,200,1118.696,655,
login_10,login,10,1,6.201268,200,1355.594,655,
login_10,login,10,9,6.720173,200,900.142,655,
login_10,login,10,3,6.646854,200,1068.994,655,
login_10,login,10,4,7.168336,200,719.119,655,
login_10,login,10,8,6.753263,200,1173.922,655,
login_10,login,10,2,6.941854,200,1007.818,655,
login_10,login,10,0,7.245427,200,837.808,655,
login_10,login,10,5,7.541366,200,720.123,655,
login_10,login,10,7,7.365393,200,953.114,655,
login_10,login,10,6,7.203734,200,1133.515,655,
login_10,login,10,9,7.62038,200,875.488,655,
login_10,login,10,8,7.927245,200,727.643,655,
login_10,login,10,3,7.715917,200,1034.359,655,
login_10,login,10,1,7.556926,200,1200.648,655,
login_10,login,10,2,7.949733,200,1014.399,655,
login_10,login,10,5,8.261558,200,847.709,655,
login_10,login,10,4,7.887514,200,1361.102,655,
login_10,login,10,0,8.083295,200,1171.488,655,
login_10,login,10,7,8.318574,200,1125.491,655,
login_10,login,10,6,8.337347,200,1223.081,655,
login_10,login,10,2,8.964193,200,701.308,655,
login_10,login,10,8,8.654953,200,1020.314,655,
login_10,login,10,9,8.495964,200,1319.722,655,
login_10,login,10,3,8.75036,200,1209.894,655,
login_10,login,10,4,9.248722,200,828.943,655,
login_10,login,10,5,9.109329,200,1011.974,655,
login_10,login,10,1,8.757649,200,1509.225,655,
login_10,login,10,0,9.254846,200,1156.28,655,
login_10,login,10,7,9.444125,200,1067.382,655,
login_10,login,10,6,9.560488,200,1015.316,655,
login_10,login,10,2,9.665565,200,1016.18,655,
login_10,login,10,8,9.675319,200,1108.731,655,
login_10,login,10,3,9.960319,200,846.03,655,
login_10,login,10,5,10.121366,200,808.12,655,
login_10,login,10,9,9.815759,200,1202.798,655,
login_10,login,10,4,10.077726,200,1075.378,655,
login_10,login,10,1,10.266941,200,896.325,655,
login_10,login,10,0,10.411239,200,855.041,655,
login_10,login,10,7,10.511864,200,876.009,655,
login_10,login,10,6,10.57586,200,949.157,655,
login_10,login,10,2,10.681802,200,899.112,655,
login_10,login,10,8,10.784143,200,836.168,655,
login_10,login,10,3,10.806392,200,962.154,655,
login_10,login,10,0,11.266337,200,576.814,655,
login_10,login,10,5,10.92956,200,1001.589,655,
login_10,login,10,9,11.018617,200,967.034,655,
login_10,login,10,3,11.768609,200,395.92,655,
login_10,login,10,0,11.843247,200,380.087,655,
login_10,login,10,4,11.153192,200,1179.069,655,
login_10,login,10,1,11.163325,200,1184.201,655,
login_10,login,10,5,11.931204,200,569.267,655,
login_10,login,10,9,11.985711,200,608.941,655,
login_10,login,10,6,11.52508,200,1154.478,655,
login_10,login,10,7,11.387917,200,1302.288,655,
login_10,login,10,4,12.332333,200,534.834,655,
login_10,login,10,1,12.347569,200,627.514,655,
login_10,login,10,8,11.620395,200,1408.033,655,
login_10,login,10,2,11.58096,200,1473.089,655,
login_10,login,10,7,12.690251,200,505.84,655,
login_10,login,10,1,12.975153,200,392.489,655,
login_10,login,10,3,12.164589,200,1310.169,655,
login_10,login,10,0,12.223405,200,1288.119,655,
login_10,login,10,8,13.02849,200,660.313,655,
login_10,login,10,5,12.500548,200,1374.173,655,
login_10,login,10,3,13.474819,200,407.088,655,
login_10,login,10,9,12.594717,200,1342.372,655,
login_10,login,10,3,13.881972,200,418.543,655,
login_10,login,10,6,12.679613,200,1628.142,655,
login_10,login,10,4,12.867211,200,1477.78,655,
login_10,login,10,5,13.874777,200,489.912,655,
login_10,login,10,9,13.937149,200,775.624,655,
login_10,login,10,2,13.054106,200,1680.524,655,
login_10,login,10,6,14.307895,200,471.956,655,
login_10,login,10,7,13.196149,200,1599.904,655,
login_10,login,10,9,14.712833,200,407.301,655,
login_10,login,10,1,13.367701,200,1820.124,655,
login_10,login,10,7,14.796146,200,424.798,655,
login_10,login,10,0,13.511589,200,1743.918,655,
login_10,login,10,1,15.187871,200,390.95,655,
login_10,login,10,7,15.221014,200,427.761,655,
login_10,login,10,8,13.688861,200,1991.992,655,
login_10,login,10,3,14.300572,200,1493.908,655,
login_10,login,10,0,15.255575,200,819.765,655,
login_10,login,10,4,14.345052,200,1799.291,655,
login_10,login,10,1,15.578897,200,575.868,655,
login_10,login,10,5,14.364747,200,1920.745,655,
login_10,login,10,8,15.680926,200,756.592,655,
login_10,login,10,2,14.734674,200,1786.572,655,
login_10,login,10,3,15.794545,200,744.255,655,
login_10,login,10,6,14.779915,200,1851.338,655,
login_10,login,10,4,16.144404,200,614.454,655,
login_10,login,10,1,16.154823,200,723.841,655,
login_10,login,10,9,15.120193,200,1782.234,655,
login_10,login,10,7,15.648833,200,1350.733,655,
login_10,login,10,5,16.285568,200,814.957,655,
login_10,login,10,2,16.521311,200,708.21,655,
login_10,login,10,0,16.075402,200,1178.702,655,
login_10,login,10,8,16.437565,200,907.184,655,
login_10,login,10,6,16.631307,200,788.732,655,
login_10,login,10,3,16.538844,200,1070.339,655,
login_10,login,10,9,16.902491,200,712.135,655,
login_10,login,10,4,16.758919,200,995.749,655,
login_10,login,10,7,16.999623,200,830.438,655,
login_10,login,10,1,16.87874,200,1112.665,655,
login_10,login,10,0,17.254162,200,742.713,655,
login_10,login,10,5,17.10058,200,1046.118,655,
login_10,login,10,8,17.344815,200,809.464,655,
login_10,login,10,3,17.609244,200,720.407,655,
login_10,login,10,2,17.229564,200,1160.875,655,
login_10,login,10,6,17.420098,200,1065.901,655,
login_10,login,10,9,17.614708,200,887.5,655,
login_10,login,10,4,17.754746,200,918.048,655,
login_10,login,10,7,17.830103,200,897.588,655,
login_10,login,10,1,17.991461,200,848.537,655,
login_10,login,10,2,18.390489,200,451.941,655,
login_10,login,10,0,17.99693,200,1008.08,655,
login_10,login,10,6,18.486067,200,648.791,655,
login_10,login,10,9,18.5023,200,673.407,655,
login_10,login,10,5,18.146763,200,1060.936,655,
login_10,login,10,8,18.154346,200,1212.463,655,
login_10,login,10,4,18.67285,200,787.356,655,
login_10,login,10,1,18.840063,200,712.398,655,
login_10,login,10,3,18.329716,200,1236.944,655,
login_10,login,10,7,18.727749,200,987.77,655,
login_10,login,10,0,19.005096,200,885.155,655,
login_10,login,10,5,19.207745,200,691.644,655,
login_10,login,10,2,18.842497,200,1079.46,655,
login_10,login,10,6,19.1349,200,976.217,655,
login_10,login,10,3,19.566706,200,661.979,655,
login_10,login,10,8,19.366867,200,890.551,655,
login_10,login,10,9,19.175762,200,1131.009,655,
login_10,login,10,4,19.460262,200,995.599,655,
login_10,login,10,0,19.890313,200,678.695,655,
login_10,login,10,7,19.715591,200,902.495,655,
login_10,login,10,1,19.552518,200,1120.964,655,
login_10,login,10,5,19.89947,200,869.293,655,
login_10,login,10,2,19.922032,200,1020.697,655,
login_10,login,10,6,20.111166,200,843.429,655,
login_10,login,10,3,20.22873,200,737.585,655,
login_10,login,10,8,20.257485,200,875.748,655,
login_10,login,10,7,20.618146,200,671.171,655,
login_10,login,10,4,20.455919,200,869.737,655,
login_10,login,10,9,20.306813,200,1023.976,655,
login_10,login,10,2,20.942772,200,525.424,655,
login_10,login,10,6,20.954655,200,689.8,655,
login_10,login,10,1,20.673525,200,974.911,655,
login_10,login,10,0,20.569561,200,1136.493,655,
login_10,login,10,4,21.325718,200,477.565,655,
login_10,login,10,9,21.330846,200,716.537,655,
login_10,login,10,5,20.768823,200,1292.367,655,
login_10,login,10,3,20.96636,200,1141.128,655,
login_10,login,10,0,21.706117,200,516.496,655,
login_10,login,10,9,22.04745,200,455.21,655,
login_10,login,10,8,21.133278,200,1379.642,655,
login_10,login,10,7,21.289377,200,1230.77,655,
login_10,login,10,5,22.06124,200,569.836,655,
login_10,login,10,0,22.222671,200,625.745,655,
login_10,login,10,6,21.644497,200,1248.75,655,
login_10,login,10,2,21.468295,200,1443.928,655,
login_10,login,10,9,22.502722,200,468.102,655,
login_10,login,10,8,22.512979,200,694.756,655,
login_10,login,10,4,21.803343,200,1433.43,655,
login_10,login,10,1,21.64849,200,1638.56,655,
login_10,login,10,7,22.520192,200,834.375,655,
login_10,login,10,6,22.893304,200,780.872,655,
login_10,login,10,3,22.107556,200,1628.453,655,
login_10,login,10,5,22.631147,200,1139.135,655,
login_10,login,10,2,22.912269,200,910.792,655,
login_10,login,10,4,23.236833,200,861.751,655,
login_10,login,10,0,22.848499,200,1272.122,655,
login_10,login,10,9,22.970943,200,1192.901,655,
login_10,login,10,1,23.287103,200,889.732,655,
login_10,login,10,5,23.770344,200,721.302,655,
login_10,login,10,8,23.2078,200,1314.052,655,
login_10,login,10,7,23.354808,200,1198.466,655,
login_10,login,10,9,24.163932,200,394.959,655,
login_10,login,10,6,23.674237,200,1445.603,655,
login_10,login,10,7,24.553346,200,627.445,655,
login_10,login,10,3,23.736072,200,1465.235,655,
login_10,login,10,8,24.521896,200,699.879,655,
login_10,login,10,2,23.823108,200,1752.486,655,
login_10,login,10,9,24.558952,200,1178.519,655,
login_10,login,10,6,25.119911,200,641.999,655,
login_10,login,10,4,24.098644,200,1681.134,655,
login_10,login,10,0,24.120697,200,2029.395,655,
login_10,login,10,6,25.761971,200,494.073,655,
login_10,login,10,2,25.575656,200,700.394,655,
login_10,login,10,1,24.176893,200,2123.286,655,
login_10,login,10,5,24.49171,200,2059.157,655,
login_10,login,10,2,26.276095,200,380.424,655,
login_10,login,10,7,25.180854,200,1521.703,655,
login_10,login,10,1,26.300225,200,420.67,655,
login_10,login,10,3,25.201369,200,1773.901,655,
login_10,login,10,5,26.550918,200,516.512,655,
login_10,login,10,8,25.221851,200,1904.079,655,
login_10,login,10,2,26.656606,200,502.548,655,
login_10,login,10,9,25.737643,200,1640.623,655,
login_10,login,10,3,26.975349,200,503.44,655,
login_10,login,10,4,25.779842,200,1742.819,655,
login_10,login,10,0,26.150156,200,1652.966,655,
login_10,login,10,9,27.378315,200,446.406,655,
login_10,login,10,4,27.522729,200,390.081,655,
login_10,login,10,6,26.256108,200,1661.09,655,
login_10,login,10,7,26.702601,200,1388.757,655,
login_10,login,10,0,27.803188,200,314.227,655,
login_10,login,10,1,26.720952,200,1483.399,655,
login_10,login,10,7,28.091438,200,328.954,655,
login_10,login,10,5,27.067532,200,1377.343,655,
login_10,login,10,8,27.125992,200,1428.102,655,
login_10,login,10,1,28.204407,200,354.301,655,
login_10,login,10,2,27.159231,200,1617.58,655,
login_10,login,10,7,28.420455,200,378.347,655,
login_10,login,10,3,27.478837,200,1437.806,655,
login_10,login,10,5,28.444961,200,523.941,655,
login_10,login,10,9,27.824763,200,1304.457,655,
login_10,login,10,8,28.55416,200,680.143,655,
login_10,login,10,4,27.912907,200,1384.927,655,
login_10,login,10,1,28.558764,200,815.997,655,
login_10,login,10,6,27.917266,200,1614.191,655,
login_10,login,10,2,28.776874,200,908.778,655,
login_10,login,10,0,28.117469,200,1632.05,655,
login_10,login,10,7,28.798871,200,966.029,655,
login_10,login,10,5,28.968947,200,940.689,655,
login_10,login,10,3,28.916721,200,1116.074,655,
login_10,login,10,8,29.234374,200,907.04,655,
login_10,login,10,9,29.129439,200,1018.671,655,
login_10,login,10,1,29.374807,200,884.874,655,
login_10,login,10,4,29.297916,200,1101.116,655,
login_10,login,10,6,29.53152,200,989.018,655,
login_10,login,10,2,29.685697,200,851.776,655,
login_10,login,10,7,29.764994,200,816.638,655,
login_10,login,10,0,29.749576,200,974.766,655,
login_10,login,10,5,29.909707,200,912.586,655,
read_recovery,read,1,0,0.000198,200,30.024,479,
read_recovery,read,1,0,0.030285,200,25.422,479,
read_recovery,read,1,0,0.055752,200,23.832,479,
read_recovery,read,1,0,0.079626,200,23.704,479,
read_recovery,read,1,0,0.103373,200,24.086,479,
read_recovery,read,1,0,0.1275,200,23.115,479,
read_recovery,read,1,0,0.15069,200,22.946,479,
read_recovery,read,1,0,0.173679,200,22.362,479,
read_recovery,read,1,0,0.196082,200,23.254,479,
read_recovery,read,1,0,0.219376,200,23.937,479,
read_recovery,read,1,0,0.243355,200,20.644,479,
read_recovery,read,1,0,0.264047,200,20.754,479,
read_recovery,read,1,0,0.284844,200,28.096,479,
read_recovery,read,1,0,0.312984,200,22.535,479,
read_recovery,read,1,0,0.335561,200,21.461,479,
read_recovery,read,1,0,0.357063,200,21.598,479,
read_recovery,read,1,0,0.378702,200,20.251,479,
read_recovery,read,1,0,0.399023,200,25.455,479,
read_recovery,read,1,0,0.424518,200,20.538,479,
read_recovery,read,1,0,0.445095,200,21.837,479,
read_recovery,read,1,0,0.466977,200,21.95,479,
read_recovery,read,1,0,0.488968,200,20.692,479,
read_recovery,read,1,0,0.5097,200,23.771,479,
read_recovery,read,1,0,0.533579,200,71.353,479,
read_recovery,read,1,0,0.604973,200,21.159,479,
read_recovery,read,1,0,0.626171,200,20.808,479,
read_recovery,read,1,0,0.647019,200,21.767,479,
read_recovery,read,1,0,0.668824,200,21.658,479,
read_recovery,read,1,0,0.690523,200,20.653,479,
read_recovery,read,1,0,0.711215,200,20.084,479,
read_recovery,read,1,0,0.731342,200,21.222,479,
read_recovery,read,1,0,0.752601,200,20.416,479,
read_recovery,read,1,0,0.773056,200,20.48,479,
read_recovery,read,1,0,0.793574,200,19.252,479,
read_recovery,read,1,0,0.812869,200,20.944,479,
read_recovery,read,1,0,0.833851,200,20.311,479,
read_recovery,read,1,0,0.854201,200,22.556,479,
read_recovery,read,1,0,0.876795,200,20.06,479,
read_recovery,read,1,0,0.896898,200,22.356,479,
read_recovery,read,1,0,0.919293,200,20.725,479,
read_recovery,read,1,0,0.940058,200,21.414,479,
read_recovery,read,1,0,0.961512,200,20.184,479,
read_recovery,read,1,0,0.981765,200,20.839,479,
read_recovery,read,1,0,1.002643,200,25.33,479,
read_recovery,read,1,0,1.028036,200,28.405,479,
read_recovery,read,1,0,1.056482,200,23.83,479,
read_recovery,read,1,0,1.080351,200,26.02,479,
read_recovery,read,1,0,1.106442,200,25.29,479,
read_recovery,read,1,0,1.131799,200,25.39,479,
read_recovery,read,1,0,1.157231,200,27.811,479,
read_recovery,read,1,0,1.185089,200,24.064,479,
read_recovery,read,1,0,1.209195,200,23.492,479,
read_recovery,read,1,0,1.232732,200,22.773,479,
read_recovery,read,1,0,1.255551,200,21.832,479,
read_recovery,read,1,0,1.277425,200,22.227,479,
read_recovery,read,1,0,1.299712,200,25.748,479,
read_recovery,read,1,0,1.325504,200,24.772,479,
read_recovery,read,1,0,1.350319,200,24.338,479,
read_recovery,read,1,0,1.374703,200,27.683,479,
read_recovery,read,1,0,1.402434,200,25.964,479,
read_recovery,read,1,0,1.42844,200,25.313,479,
read_recovery,read,1,0,1.453797,200,26.212,479,
read_recovery,read,1,0,1.480052,200,27.751,479,
read_recovery,read,1,0,1.507845,200,25.016,479,
read_recovery,read,1,0,1.532922,200,23.731,479,
read_recovery,read,1,0,1.556697,200,25.903,479,
read_recovery,read,1,0,1.582659,200,27.085,479,
read_recovery,read,1,0,1.609791,200,30.768,479,
read_recovery,read,1,0,1.640607,200,24.1,479,
read_recovery,read,1,0,1.664774,200,28.661,479,
read_recovery,read,1,0,1.693496,200,27.923,479,
read_recovery,read,1,0,1.721464,200,29.189,479,
read_recovery,read,1,0,1.750716,200,23.883,479,
read_recovery,read,1,0,1.774645,200,25.525,479,
read_recovery,read,1,0,1.800262,200,27.995,479,
read_recovery,read,1,0,1.828324,200,27.191,479,
read_recovery,read,1,0,1.85556,200,26.751,479,
read_recovery,read,1,0,1.882386,200,23.058,479,
read_recovery,read,1,0,1.905491,200,22.789,479,
read_recovery,read,1,0,1.928327,200,23.894,479,
read_recovery,read,1,0,1.952303,200,21.796,479,
read_recovery,read,1,0,1.974148,200,21.351,479,
read_recovery,read,1,0,1.995547,200,22.152,479,
read_recovery,read,1,0,2.017744,200,20.755,479,
read_recovery,read,1,0,2.038544,200,20.385,479,
read_recovery,read,1,0,2.058979,200,21.194,479,
read_recovery,read,1,0,2.080227,200,22.477,479,
read_recovery,read,1,0,2.102745,200,22.935,479,
read_recovery,read,1,0,2.125722,200,21.512,479,
read_recovery,read,1,0,2.14732,200,22.595,479,
read_recovery,read,1,0,2.169956,200,22.058,479,
read_recovery,read,1,0,2.192057,200,21.313,479,
read_recovery,read,1,0,2.213419,200,23.942,479,
read_recovery,read,1,0,2.237404,200,21.214,479,
read_recovery,read,1,0,2.25866,200,20.898,479,
read_recovery,read,1,0,2.279602,200,22.207,479,
read_recovery,read,1,0,2.301848,200,21.694,479,
read_recovery,read,1,0,2.323595,200,21.21,479,
read_recovery,read,1,0,2.344849,200,21.329,479,
read_recovery,read,1,0,2.366241,200,24.205,479,
read_recovery,read,1,0,2.390486,200,21.329,479,
read_recovery,read,1,0,2.411858,200,21.773,479,
read_recovery,read,1,0,2.433673,200,25.004,479,
read_recovery,read,1,0,2.458718,200,32.585,479,
read_recovery,read,1,0,2.491384,200,42.429,479,
read_recovery,read,1,0,2.533881,200,43.736,479,
read_recovery,read,1,0,2.577696,200,49.769,479,
read_recovery,read,1,0,2.627541,200,41.868,479,
read_recovery,read,1,0,2.669473,200,50.017,479,
read_recovery,read,1,0,2.719542,200,26.482,479,
read_recovery,read,1,0,2.746104,200,23.203,479,
read_recovery,read,1,0,2.769476,200,22.574,479,
read_recovery,read,1,0,2.792096,200,22.515,479,
read_recovery,read,1,0,2.814692,200,25.449,479,
read_recovery,read,1,0,2.840188,200,22.255,479,
read_recovery,read,1,0,2.862492,200,29.625,479,
read_recovery,read,1,0,2.892203,200,27.146,479,
read_recovery,read,1,0,2.919408,200,26.679,479,
read_recovery,read,1,0,2.94628,200,25.367,479,
read_recovery,read,1,0,2.971693,200,22.866,479,
read_recovery,read,1,0,2.994603,200,24.259,479,
read_recovery,read,1,0,3.01891,200,23.911,479,
read_recovery,read,1,0,3.042864,200,23.07,479,
read_recovery,read,1,0,3.065979,200,23.397,479,
read_recovery,read,1,0,3.089419,200,22.204,479,
read_recovery,read,1,0,3.111666,200,21.953,479,
read_recovery,read,1,0,3.133661,200,21.759,479,
read_recovery,read,1,0,3.155462,200,22.407,479,
read_recovery,read,1,0,3.177912,200,22.875,479,
read_recovery,read,1,0,3.200831,200,27.263,479,
read_recovery,read,1,0,3.228138,200,30.369,479,
read_recovery,read,1,0,3.258549,200,24.073,479,
read_recovery,read,1,0,3.282664,200,22.576,479,
read_recovery,read,1,0,3.305296,200,21.595,479,
read_recovery,read,1,0,3.327004,200,21.81,479,
read_recovery,read,1,0,3.348856,200,21.434,479,
read_recovery,read,1,0,3.370332,200,20.514,479,
read_recovery,read,1,0,3.390888,200,22.557,479,
read_recovery,read,1,0,3.413502,200,22.479,479,
read_recovery,read,1,0,3.436037,200,22.684,479,
read_recovery,read,1,0,3.458791,200,23.643,479,
read_recovery,read,1,0,3.482491,200,22.77,479,
read_recovery,read,1,0,3.505301,200,20.925,479,
read_recovery,read,1,0,3.526265,200,22.935,479,
read_recovery,read,1,0,3.549242,200,22.649,479,
read_recovery,read,1,0,3.571933,200,20.323,479,
read_recovery,read,1,0,3.592299,200,20.919,479,
read_recovery,read,1,0,3.613282,200,21.369,479,
read_recovery,read,1,0,3.634691,200,21.533,479,
read_recovery,read,1,0,3.656265,200,19.433,479,
read_recovery,read,1,0,3.675738,200,23.845,479,
read_recovery,read,1,0,3.699623,200,20.09,479,
read_recovery,read,1,0,3.719752,200,19.625,479,
read_recovery,read,1,0,3.739416,200,19.952,479,
read_recovery,read,1,0,3.759407,200,20.805,479,
read_recovery,read,1,0,3.780275,200,22.307,479,
read_recovery,read,1,0,3.802622,200,21.817,479,
read_recovery,read,1,0,3.824478,200,19.358,479,
read_recovery,read,1,0,3.843877,200,23.548,479,
read_recovery,read,1,0,3.867464,200,21.999,479,
read_recovery,read,1,0,3.889502,200,20.667,479,
read_recovery,read,1,0,3.910212,200,20.507,479,
read_recovery,read,1,0,3.930777,200,21.827,479,
read_recovery,read,1,0,3.952643,200,20.188,479,
read_recovery,read,1,0,3.972877,200,20.775,479,
read_recovery,read,1,0,3.9937,200,20.847,479,
read_recovery,read,1,0,4.01459,200,20.943,479,
read_recovery,read,1,0,4.035575,200,21.028,479,
read_recovery,read,1,0,4.056642,200,19.855,479,
read_recovery,read,1,0,4.076551,200,20.918,479,
read_recovery,read,1,0,4.097514,200,20.756,479,
read_recovery,read,1,0,4.118309,200,20.466,479,
read_recovery,read,1,0,4.138814,200,20.46,479,
read_recovery,read,1,0,4.159327,200,21.262,479,
read_recovery,read,1,0,4.180673,200,22.274,479,
read_recovery,read,1,0,4.202987,200,19.999,479,
read_recovery,read,1,0,4.223025,200,18.601,479,
read_recovery,read,1,0,4.241666,200,19.045,479,
read_recovery,read,1,0,4.26079,200,19.75,479,
read_recovery,read,1,0,4.280582,200,19.594,479,
read_recovery,read,1,0,4.300217,200,20.69,479,
read_recovery,read,1,0,4.320947,200,20.46,479,
read_recovery,read,1,0,4.341448,200,20.418,479,
read_recovery,read,1,0,4.361934,200,20.485,479,
read_recovery,read,1,0,4.382458,200,20.216,479,
read_recovery,read,1,0,4.402713,200,19.668,479,
read_recovery,read,1,0,4.422419,200,20.018,479,
read_recovery,read,1,0,4.442478,200,20.353,479,
read_recovery,read,1,0,4.462877,200,20.51,479,
read_recovery,read,1,0,4.483473,200,26.45,479,
read_recovery,read,1,0,4.509962,200,22.456,479,
read_recovery,read,1,0,4.532457,200,20.879,479,
read_recovery,read,1,0,4.553376,200,21.687,479,
read_recovery,read,1,0,4.575102,200,19.961,479,
read_recovery,read,1,0,4.595134,200,21.769,479,
read_recovery,read,1,0,4.616942,200,20.808,479,
read_recovery,read,1,0,4.63779,200,20.613,479,
read_recovery,read,1,0,4.658442,200,20.009,479,
read_recovery,read,1,0,4.678513,200,35.057,479,
read_recovery,read,1,0,4.713634,200,31.721,479,
read_recovery,read,1,0,4.74543,200,24.621,479,
read_recovery,read,1,0,4.770097,200,22.25,479,
read_recovery,read,1,0,4.792389,200,22.217,479,
read_recovery,read,1,0,4.81465,200,22.462,479,
read_recovery,read,1,0,4.837155,200,22.502,479,
read_recovery,read,1,0,4.859701,200,23.523,479,
read_recovery,read,1,0,4.883266,200,25.626,479,
read_recovery,read,1,0,4.908939,200,26.256,479,
read_recovery,read,1,0,4.935237,200,22.771,479,
read_recovery,read,1,0,4.958052,200,22.299,479,
read_recovery,read,1,0,4.980396,200,23.758,479,
read_recovery,read,1,0,5.004198,200,22.832,479,
read_recovery,read,1,0,5.027073,200,29.511,479,
read_recovery,read,1,0,5.056686,200,21.235,479,
read_recovery,read,1,0,5.077995,200,22.843,479,
read_recovery,read,1,0,5.100883,200,21.765,479,
read_recovery,read,1,0,5.122692,200,21.143,479,
read_recovery,read,1,0,5.14388,200,23.558,479,
read_recovery,read,1,0,5.167481,200,21.478,479,
read_recovery,read,1,0,5.189001,200,21.538,479,
read_recovery,read,1,0,5.210583,200,25.227,479,
read_recovery,read,1,0,5.235852,200,20.579,479,
read_recovery,read,1,0,5.256472,200,19.722,479,
read_recovery,read,1,0,5.276238,200,21.054,479,
read_recovery,read,1,0,5.297333,200,20.335,479,
read_recovery,read,1,0,5.317708,200,19.7,479,
read_recovery,read,1,0,5.337449,200,19.497,479,
read_recovery,read,1,0,5.356986,200,20.986,479,
read_recovery,read,1,0,5.378019,200,20.56,479,
read_recovery,read,1,0,5.39862,200,19.959,479,
read_recovery,read,1,0,5.41862,200,19.801,479,
read_recovery,read,1,0,5.438462,200,20.204,479,
read_recovery,read,1,0,5.458709,200,19.375,479,
read_recovery,read,1,0,5.478149,200,20.794,479,
read_recovery,read,1,0,5.498983,200,21.981,479,
read_recovery,read,1,0,5.521004,200,20.523,479,
read_recovery,read,1,0,5.541571,200,20.143,479,
read_recovery,read,1,0,5.561779,200,21.373,479,
read_recovery,read,1,0,5.583192,200,20.298,479,
read_recovery,read,1,0,5.603529,200,21.326,479,
read_recovery,read,1,0,5.624896,200,20.353,479,
read_recovery,read,1,0,5.645329,200,21.547,479,
read_recovery,read,1,0,5.666915,200,21.317,479,
read_recovery,read,1,0,5.688271,200,20.063,479,
read_recovery,read,1,0,5.708378,200,21.052,479,
read_recovery,read,1,0,5.729489,200,21.096,479,
read_recovery,read,1,0,5.750625,200,22.048,479,
read_recovery,read,1,0,5.772714,200,21.02,479,
read_recovery,read,1,0,5.793798,200,21.061,479,
read_recovery,read,1,0,5.814899,200,21.641,479,
read_recovery,read,1,0,5.836582,200,20.399,479,
read_recovery,read,1,0,5.85702,200,21.649,479,
read_recovery,read,1,0,5.878717,200,21.969,479,
read_recovery,read,1,0,5.900726,200,19.383,479,
read_recovery,read,1,0,5.920149,200,19.702,479,
read_recovery,read,1,0,5.939891,200,27.553,479,
read_recovery,read,1,0,5.967498,200,21.473,479,
read_recovery,read,1,0,5.98901,200,22.392,479,
read_recovery,read,1,0,6.011465,200,25.084,479,
read_recovery,read,1,0,6.036617,200,21.944,479,
read_recovery,read,1,0,6.058602,200,21.865,479,
read_recovery,read,1,0,6.080517,200,21.112,479,
read_recovery,read,1,0,6.10167,200,22.408,479,
read_recovery,read,1,0,6.124126,200,19.968,479,
read_recovery,read,1,0,6.144169,200,20.697,479,
read_recovery,read,1,0,6.164908,200,20.127,479,
read_recovery,read,1,0,6.185076,200,22.179,479,
read_recovery,read,1,0,6.207299,200,21.697,479,
read_recovery,read,1,0,6.229054,200,21.956,479,
read_recovery,read,1,0,6.251081,200,19.91,479,
read_recovery,read,1,0,6.271031,200,20.531,479,
read_recovery,read,1,0,6.291604,200,21.194,479,
read_recovery,read,1,0,6.31285,200,20.863,479,
read_recovery,read,1,0,6.333752,200,20.122,479,
read_recovery,read,1,0,6.353914,200,23.306,479,
read_recovery,read,1,0,6.3773,200,21.396,479,
read_recovery,read,1,0,6.398735,200,20.276,479,
read_recovery,read,1,0,6.419051,200,20.421,479,
read_recovery,read,1,0,6.439528,200,23.204,479,
read_recovery,read,1,0,6.462779,200,22.878,479,
read_recovery,read,1,0,6.485716,200,21.609,479,
read_recovery,read,1,0,6.507366,200,21.611,479,
read_recovery,read,1,0,6.529034,200,22.198,479,
read_recovery,read,1,0,6.551272,200,21.936,479,
read_recovery,read,1,0,6.573248,200,20.683,479,
read_recovery,read,1,0,6.593998,200,23.343,479,
read_recovery,read,1,0,6.617379,200,21.314,479,
read_recovery,read,1,0,6.638754,200,21.534,479,
read_recovery,read,1,0,6.660465,200,20.457,479,
read_recovery,read,1,0,6.680963,200,20.173,479,
read_recovery,read,1,0,6.701176,200,20.078,479,
read_recovery,read,1,0,6.721296,200,21.044,479,
read_recovery,read,1,0,6.742383,200,21.78,479,
read_recovery,read,1,0,6.764204,200,21.2,479,
read_recovery,read,1,0,6.785444,200,20.249,479,
read_recovery,read,1,0,6.805733,200,20.799,479,
read_recovery,read,1,0,6.826605,200,21.413,479,
read_recovery,read,1,0,6.848059,200,21.13,479,
read_recovery,read,1,0,6.86923,200,20.924,479,
read_recovery,read,1,0,6.890194,200,21.652,479,
read_recovery,read,1,0,6.911888,200,21.293,479,
read_recovery,read,1,0,6.93322,200,20.435,479,
read_recovery,read,1,0,6.953695,200,20.783,479,
read_recovery,read,1,0,6.97452,200,22.224,479,
read_recovery,read,1,0,6.996784,200,21.664,479,
read_recovery,read,1,0,7.018488,200,22.793,479,
read_recovery,read,1,0,7.041325,200,22.542,479,
read_recovery,read,1,0,7.063908,200,21.119,479,
read_recovery,read,1,0,7.085065,200,20.132,479,
read_recovery,read,1,0,7.105238,200,19.316,479,
read_recovery,read,1,0,7.124597,200,19.61,479,
read_recovery,read,1,0,7.144283,200,20.317,479,
read_recovery,read,1,0,7.164641,200,21.217,479,
read_recovery,read,1,0,7.185897,200,20.376,479,
read_recovery,read,1,0,7.206315,200,23.331,479,
read_recovery,read,1,0,7.22969,200,22.611,479,
read_recovery,read,1,0,7.252342,200,21.098,479,
read_recovery,read,1,0,7.27348,200,20.224,479,
read_recovery,read,1,0,7.293763,200,21.463,479,
read_recovery,read,1,0,7.315264,200,20.849,479,
read_recovery,read,1,0,7.336153,200,20.813,479,
read_recovery,read,1,0,7.357008,200,23.051,479,
read_recovery,read,1,0,7.3801,200,20.677,479,
read_recovery,read,1,0,7.400818,200,20.327,479,
read_recovery,read,1,0,7.421184,200,21.026,479,
read_recovery,read,1,0,7.442269,200,22.146,479,
read_recovery,read,1,0,7.464456,200,20.976,479,
read_recovery,read,1,0,7.485471,200,20.139,479,
read_recovery,read,1,0,7.50565,200,20.313,479,
read_recovery,read,1,0,7.526032,200,20.844,479,
read_recovery,read,1,0,7.546915,200,20.937,479,
read_recovery,read,1,0,7.567893,200,20.585,479,
read_recovery,read,1,0,7.588519,200,19.901,479,
read_recovery,read,1,0,7.608462,200,23.105,479,
read_recovery,read,1,0,7.631622,200,20.397,479,
read_recovery,read,1,0,7.652058,200,25.178,479,
read_recovery,read,1,0,7.677279,200,21.308,479,
read_recovery,read,1,0,7.698626,200,20.751,479,
read_recovery,read,1,0,7.719426,200,20.605,479,
read_recovery,read,1,0,7.740074,200,20.958,479,
read_recovery,read,1,0,7.761135,200,20.476,479,
read_recovery,read,1,0,7.781652,200,20.541,479,
read_recovery,read,1,0,7.802232,200,20.301,479,
read_recovery,read,1,0,7.822575,200,19.678,479,
read_recovery,read,1,0,7.842317,200,19.606,479,
read_recovery,read,1,0,7.861962,200,20.482,479,
read_recovery,read,1,0,7.882484,200,20.193,479,
read_recovery,read,1,0,7.902716,200,19.948,479,
read_recovery,read,1,0,7.922707,200,20.038,479,
read_recovery,read,1,0,7.942814,200,22.079,479,
read_recovery,read,1,0,7.964932,200,19.793,479,
read_recovery,read,1,0,7.984766,200,19.114,479,
read_recovery,read,1,0,8.003922,200,19.528,479,
read_recovery,read,1,0,8.023495,200,20.907,479,
read_recovery,read,1,0,8.044458,200,20.722,479,
read_recovery,read,1,0,8.065221,200,20.368,479,
read_recovery,read,1,0,8.085628,200,19.466,479,
read_recovery,read,1,0,8.105134,200,19.051,479,
read_recovery,read,1,0,8.124227,200,20.554,479,
read_recovery,read,1,0,8.14482,200,19.923,479,
read_recovery,read,1,0,8.164784,200,20.283,479,
read_recovery,read,1,0,8.185106,200,22.728,479,
read_recovery,read,1,0,8.207874,200,23.742,479,
read_recovery,read,1,0,8.231656,200,26.332,479,
read_recovery,read,1,0,8.258072,200,22.894,479,
read_recovery,read,1,0,8.281006,200,22.797,479,
read_recovery,read,1,0,8.303843,200,20.386,479,
read_recovery,read,1,0,8.32427,200,22.093,479,
read_recovery,read,1,0,8.346402,200,20.262,479,
read_recovery,read,1,0,8.366704,200,20.548,479,
read_recovery,read,1,0,8.387291,200,20.018,479,
read_recovery,read,1,0,8.407351,200,21.091,479,
read_recovery,read,1,0,8.428482,200,20.73,479,
read_recovery,read,1,0,8.449251,200,21.51,479,
read_recovery,read,1,0,8.470801,200,20.411,479,
read_recovery,read,1,0,8.491312,200,21.065,479,
read_recovery,read,1,0,8.512417,200,21.3,479,
read_recovery,read,1,0,8.533757,200,19.8,479,
read_recovery,read,1,0,8.553596,200,19.866,479,
read_recovery,read,1,0,8.573505,200,21.242,479,
read_recovery,read,1,0,8.594788,200,20.63,479,
read_recovery,read,1,0,8.615457,200,20.42,479,
read_recovery,read,1,0,8.635916,200,22.678,479,
read_recovery,read,1,0,8.65866,200,21.239,479,
read_recovery,read,1,0,8.679938,200,20.896,479,
read_recovery,read,1,0,8.700873,200,20.465,479,
read_recovery,read,1,0,8.72138,200,20.695,479,
read_recovery,read,1,0,8.742169,200,22.378,479,
read_recovery,read,1,0,8.764587,200,20.474,479,
read_recovery,read,1,0,8.7851,200,19.862,479,
read_recovery,read,1,0,8.805001,200,19.994,479,
read_recovery,read,1,0,8.825058,200,20.512,479,
read_recovery,read,1,0,8.84561,200,20.66,479,
read_recovery,read,1,0,8.866308,200,19.951,479,
read_recovery,read,1,0,8.886298,200,21.071,479,
read_recovery,read,1,0,8.907409,200,20.374,479,
read_recovery,read,1,0,8.927821,200,21.443,479,
read_recovery,read,1,0,8.949301,200,19.882,479,
read_recovery,read,1,0,8.969222,200,19.239,479,
read_recovery,read,1,0,8.9885,200,19.26,479,
read_recovery,read,1,0,9.007817,200,21.382,479,
read_recovery,read,1,0,9.02924,200,25.812,479,
read_recovery,read,1,0,9.055093,200,22.603,479,
read_recovery,read,1,0,9.077736,200,23.726,479,
read_recovery,read,1,0,9.101508,200,21.36,479,
read_recovery,read,1,0,9.122912,200,21.726,479,
read_recovery,read,1,0,9.144678,200,20.889,479,
read_recovery,read,1,0,9.165609,200,19.954,479,
read_recovery,read,1,0,9.185603,200,22.048,479,
read_recovery,read,1,0,9.207729,200,24.341,479,
read_recovery,read,1,0,9.232112,200,20.222,479,
read_recovery,read,1,0,9.252386,200,22.866,479,
read_recovery,read,1,0,9.275311,200,20.826,479,
read_recovery,read,1,0,9.296178,200,20.669,479,
read_recovery,read,1,0,9.316887,200,20.777,479,
read_recovery,read,1,0,9.337709,200,21.077,479,
read_recovery,read,1,0,9.358845,200,20.686,479,
read_recovery,read,1,0,9.37957,200,20.724,479,
read_recovery,read,1,0,9.400363,200,20.409,479,
read_recovery,read,1,0,9.420812,200,19.801,479,
read_recovery,read,1,0,9.440681,200,21.322,479,
read_recovery,read,1,0,9.462042,200,21.001,479,
read_recovery,read,1,0,9.483082,200,20.328,479,
read_recovery,read,1,0,9.503454,200,20.284,479,
read_recovery,read,1,0,9.52382,200,21.944,479,
read_recovery,read,1,0,9.545804,200,22.705,479,
read_recovery,read,1,0,9.568548,200,20.41,479,
read_recovery,read,1,0,9.589,200,21.508,479,
read_recovery,read,1,0,9.610549,200,21.442,479,
read_recovery,read,1,0,9.632031,200,20.616,479,
read_recovery,read,1,0,9.652686,200,20.719,479,
read_recovery,read,1,0,9.673475,200,20.671,479,
read_recovery,read,1,0,9.694186,200,21.875,479,
read_recovery,read,1,0,9.71612,200,21.966,479,
read_recovery,read,1,0,9.738126,200,24.841,479,
read_recovery,read,1,0,9.763026,200,22.172,479,
read_recovery,read,1,0,9.785239,200,21.148,479,
read_recovery,read,1,0,9.80643,200,22.015,479,
read_recovery,read,1,0,9.828484,200,20.746,479,
read_recovery,read,1,0,9.849271,200,21.815,479,
read_recovery,read,1,0,9.871127,200,20.748,479,
read_recovery,read,1,0,9.891951,200,21.926,479,
read_recovery,read,1,0,9.913916,200,21.824,479,
read_recovery,read,1,0,9.93578,200,20.446,479,
read_recovery,read,1,0,9.956268,200,20.678,479,
read_recovery,read,1,0,9.976987,200,24.069,479,
